2026-05-27 21:00:59,743 | stt | INFO | Transkripsi berhasil: data/corpus/audio/2326_audio01.wav
2026-05-27 21:11:33,419 | stt | INFO | Transkripsi berhasil: data/corpus/audio/2222_audio1.wav
2026-05-27 21:11:46,707 | stt | INFO | Transkripsi berhasil: data/corpus/audio/2222_audio2.wav
2026-05-27 21:11:59,269 | stt | INFO | Transkripsi berhasil: data/corpus/audio/2222_audio3.wav
2026-05-27 21:12:12,537 | stt | INFO | Transkripsi berhasil: data/corpus/audio/2222_audio4.wav
2026-05-27 21:12:26,596 | stt | INFO | Transkripsi berhasil: data/corpus/audio/2222_audio5.wav
2026-05-27 21:12:37,669 | stt | INFO | Transkripsi berhasil: data/corpus/audio/2222_audio6.wav
2026-05-27 21:12:49,722 | stt | INFO | Transkripsi berhasil: data/corpus/audio/2222_audio7.wav
2026-05-27 21:13:01,441 | stt | INFO | Transkripsi berhasil: data/corpus/audio/2222_audio10.wav
2026-05-27 21:13:13,472 | stt | INFO | Transkripsi berhasil: data/corpus/audio/2222_audio12.wav
2026-05-27 21:13:24,003 | stt | INFO | Transkripsi berhasil: data/corpus/audio/2222_audio14.wav
2026-05-27 21:13:35,445 | stt | INFO | Transkripsi berhasil: data/corpus/audio/2301_audio1.wav
2026-05-27 21:13:46,567 | stt | INFO | Transkripsi berhasil: data/corpus/audio/2301_audio2.wav
2026-05-27 21:13:57,718 | stt | INFO | Transkripsi berhasil: data/corpus/audio/2301_audio3.wav
2026-05-27 21:14:09,179 | stt | INFO | Transkripsi berhasil: data/corpus/audio/2301_audio4.wav
2026-05-27 21:14:20,858 | stt | INFO | Transkripsi berhasil: data/corpus/audio/2301_audio5.wav
2026-05-27 21:14:32,331 | stt | INFO | Transkripsi berhasil: data/corpus/audio/2301_audio6.wav
2026-05-27 21:14:42,836 | stt | INFO | Transkripsi berhasil: data/corpus/audio/2301_audio11.wav
2026-05-27 21:14:53,981 | stt | INFO | Transkripsi berhasil: data/corpus/audio/2301_audio12.wav
2026-05-27 21:15:04,943 | stt | INFO | Transkripsi berhasil: data/corpus/audio/2301_audio14.wav
2026-05-27 21:15:18,063 | stt | INFO | Transkripsi berhasil: data/corpus/audio/2301_audio15.wav
2026-05-27 21:15:29,151 | stt | INFO | Transkripsi berhasil: data/corpus/audio/2302_audio11.wav
2026-05-27 21:19:26,584 | stt | INFO | Transkripsi berhasil: data/corpus/audio/2222_audio1.wav
2026-05-27 21:19:37,461 | stt | INFO | Transkripsi berhasil: data/corpus/audio/2222_audio2.wav
2026-05-27 21:19:48,542 | stt | INFO | Transkripsi berhasil: data/corpus/audio/2222_audio3.wav
2026-05-27 21:19:59,462 | stt | INFO | Transkripsi berhasil: data/corpus/audio/2222_audio4.wav
2026-05-27 21:20:12,069 | stt | INFO | Transkripsi berhasil: data/corpus/audio/2222_audio5.wav
2026-05-27 21:20:23,470 | stt | INFO | Transkripsi berhasil: data/corpus/audio/2222_audio6.wav
2026-05-27 21:20:35,013 | stt | INFO | Transkripsi berhasil: data/corpus/audio/2222_audio7.wav
2026-05-27 21:20:46,176 | stt | INFO | Transkripsi berhasil: data/corpus/audio/2222_audio10.wav
2026-05-27 21:20:57,268 | stt | INFO | Transkripsi berhasil: data/corpus/audio/2222_audio12.wav
2026-05-27 21:21:07,993 | stt | INFO | Transkripsi berhasil: data/corpus/audio/2222_audio14.wav
2026-05-27 21:21:19,620 | stt | INFO | Transkripsi berhasil: data/corpus/audio/2301_audio1.wav
2026-05-27 21:21:30,585 | stt | INFO | Transkripsi berhasil: data/corpus/audio/2301_audio2.wav
2026-05-27 21:21:41,808 | stt | INFO | Transkripsi berhasil: data/corpus/audio/2301_audio3.wav
2026-05-27 21:21:53,168 | stt | INFO | Transkripsi berhasil: data/corpus/audio/2301_audio4.wav
2026-05-27 21:22:05,451 | stt | INFO | Transkripsi berhasil: data/corpus/audio/2301_audio5.wav
2026-05-27 21:22:17,091 | stt | INFO | Transkripsi berhasil: data/corpus/audio/2301_audio6.wav
2026-05-27 21:22:28,275 | stt | INFO | Transkripsi berhasil: data/corpus/audio/2301_audio11.wav
2026-05-27 21:22:40,112 | stt | INFO | Transkripsi berhasil: data/corpus/audio/2301_audio12.wav
2026-05-27 21:22:52,193 | stt | INFO | Transkripsi berhasil: data/corpus/audio/2301_audio14.wav
2026-05-27 21:23:05,975 | stt | INFO | Transkripsi berhasil: data/corpus/audio/2301_audio15.wav
2026-05-27 21:23:19,217 | stt | INFO | Transkripsi berhasil: data/corpus/audio/2302_audio01.wav
2026-05-27 21:23:29,886 | stt | INFO | Transkripsi berhasil: data/corpus/audio/2302_audio02.wav
2026-05-27 21:23:41,105 | stt | INFO | Transkripsi berhasil: data/corpus/audio/2302_audio03.wav
2026-05-27 21:23:52,143 | stt | INFO | Transkripsi berhasil: data/corpus/audio/2302_audio04.wav
2026-05-27 21:24:02,504 | stt | INFO | Transkripsi berhasil: data/corpus/audio/2302_audio05.wav
2026-05-27 21:24:12,811 | stt | INFO | Transkripsi berhasil: data/corpus/audio/2302_audio06.wav
2026-05-27 21:24:23,441 | stt | INFO | Transkripsi berhasil: data/corpus/audio/2302_audio11.wav
2026-05-27 21:24:34,184 | stt | INFO | Transkripsi berhasil: data/corpus/audio/2302_audio14.wav
2026-05-27 21:24:46,573 | stt | INFO | Transkripsi berhasil: data/corpus/audio/2302_audio15.wav
2026-05-27 21:24:57,432 | stt | INFO | Transkripsi berhasil: data/corpus/audio/2302_audio17.wav
2026-05-27 21:25:08,891 | stt | INFO | Transkripsi berhasil: data/corpus/audio/2303_audio01.wav
2026-05-27 21:25:20,324 | stt | INFO | Transkripsi berhasil: data/corpus/audio/2303_audio02.wav
2026-05-27 21:25:31,431 | stt | INFO | Transkripsi berhasil: data/corpus/audio/2303_audio03.wav
2026-05-27 21:25:42,290 | stt | INFO | Transkripsi berhasil: data/corpus/audio/2303_audio04.wav
2026-05-27 21:25:56,225 | stt | INFO | Transkripsi berhasil: data/corpus/audio/2303_audio05.wav
2026-05-27 21:26:07,338 | stt | INFO | Transkripsi berhasil: data/corpus/audio/2303_audio06.wav
2026-05-27 21:26:19,060 | stt | INFO | Transkripsi berhasil: data/corpus/audio/2303_audio07.wav
2026-05-27 21:26:30,067 | stt | INFO | Transkripsi berhasil: data/corpus/audio/2303_audio13.wav
2026-05-27 21:26:40,999 | stt | INFO | Transkripsi berhasil: data/corpus/audio/2303_audio15.wav
2026-05-27 21:26:51,663 | stt | INFO | Transkripsi berhasil: data/corpus/audio/2303_audio19.wav
2026-05-27 21:27:03,175 | stt | INFO | Transkripsi berhasil: data/corpus/audio/2304_audio01.wav
2026-05-27 21:27:14,156 | stt | INFO | Transkripsi berhasil: data/corpus/audio/2304_audio02.wav
2026-05-27 21:27:25,184 | stt | INFO | Transkripsi berhasil: data/corpus/audio/2304_audio03.wav
2026-05-27 21:27:36,110 | stt | INFO | Transkripsi berhasil: data/corpus/audio/2304_audio04.wav
2026-05-27 21:27:48,130 | stt | INFO | Transkripsi berhasil: data/corpus/audio/2304_audio05.wav
2026-05-27 21:27:59,558 | stt | INFO | Transkripsi berhasil: data/corpus/audio/2304_audio06.wav
2026-05-27 21:28:12,839 | stt | INFO | Transkripsi berhasil: data/corpus/audio/2304_audio07.wav
2026-05-27 21:28:23,286 | stt | INFO | Transkripsi berhasil: data/corpus/audio/2304_audio11.wav
2026-05-27 21:28:34,107 | stt | INFO | Transkripsi berhasil: data/corpus/audio/2304_audio15.wav
2026-05-27 21:28:45,393 | stt | INFO | Transkripsi berhasil: data/corpus/audio/2304_audio18.wav
2026-05-27 21:28:56,744 | stt | INFO | Transkripsi berhasil: data/corpus/audio/2306_Audio01.wav
2026-05-27 21:29:07,784 | stt | INFO | Transkripsi berhasil: data/corpus/audio/2306_Audio02.wav
2026-05-27 21:29:18,855 | stt | INFO | Transkripsi berhasil: data/corpus/audio/2306_Audio03.wav
2026-05-27 21:29:29,777 | stt | INFO | Transkripsi berhasil: data/corpus/audio/2306_Audio04.wav
2026-05-27 21:29:42,987 | stt | INFO | Transkripsi berhasil: data/corpus/audio/2306_Audio05.wav
2026-05-27 21:29:53,264 | stt | INFO | Transkripsi berhasil: data/corpus/audio/2306_Audio06.wav
2026-05-27 21:30:04,251 | stt | INFO | Transkripsi berhasil: data/corpus/audio/2306_Audio11.wav
2026-05-27 21:30:15,174 | stt | INFO | Transkripsi berhasil: data/corpus/audio/2306_Audio12.wav
2026-05-27 21:30:26,151 | stt | INFO | Transkripsi berhasil: data/corpus/audio/2306_Audio13.wav
2026-05-27 21:30:36,957 | stt | INFO | Transkripsi berhasil: data/corpus/audio/2306_Audio14.wav
2026-05-27 21:30:48,122 | stt | INFO | Transkripsi berhasil: data/corpus/audio/2306_Audio15.wav
2026-05-27 21:30:59,501 | stt | INFO | Transkripsi berhasil: data/corpus/audio/2307_audio01.wav
2026-05-27 21:31:10,992 | stt | INFO | Transkripsi berhasil: data/corpus/audio/2307_audio02.wav
2026-05-27 21:31:22,400 | stt | INFO | Transkripsi berhasil: data/corpus/audio/2307_audio03.wav
2026-05-27 21:31:33,355 | stt | INFO | Transkripsi berhasil: data/corpus/audio/2307_audio04.wav
2026-05-27 21:31:44,365 | stt | INFO | Transkripsi berhasil: data/corpus/audio/2307_audio05.wav
2026-05-27 21:31:55,416 | stt | INFO | Transkripsi berhasil: data/corpus/audio/2307_audio06.wav
2026-05-27 21:32:06,951 | stt | INFO | Transkripsi berhasil: data/corpus/audio/2307_audio07.wav
2026-05-27 21:32:18,107 | stt | INFO | Transkripsi berhasil: data/corpus/audio/2307_audio10.wav
2026-05-27 21:32:30,257 | stt | INFO | Transkripsi berhasil: data/corpus/audio/2307_audio15.wav
2026-05-27 21:32:41,162 | stt | INFO | Transkripsi berhasil: data/corpus/audio/2307_audio17.wav
2026-05-27 21:32:52,261 | stt | INFO | Transkripsi berhasil: data/corpus/audio/2308_audio01.wav
2026-05-27 21:33:03,062 | stt | INFO | Transkripsi berhasil: data/corpus/audio/2308_audio02.wav
2026-05-27 21:33:15,097 | stt | INFO | Transkripsi berhasil: data/corpus/audio/2308_audio03.wav
2026-05-27 21:33:27,080 | stt | INFO | Transkripsi berhasil: data/corpus/audio/2308_audio04.wav
2026-05-27 21:33:39,453 | stt | INFO | Transkripsi berhasil: data/corpus/audio/2308_audio05.wav
2026-05-27 21:33:50,619 | stt | INFO | Transkripsi berhasil: data/corpus/audio/2308_audio06.wav
2026-05-27 21:34:01,554 | stt | INFO | Transkripsi berhasil: data/corpus/audio/2308_audio12.wav
2026-05-27 21:34:12,726 | stt | INFO | Transkripsi berhasil: data/corpus/audio/2308_audio13.wav
2026-05-27 21:34:24,934 | stt | INFO | Transkripsi berhasil: data/corpus/audio/2308_audio15.wav
2026-05-27 21:34:35,973 | stt | INFO | Transkripsi berhasil: data/corpus/audio/2308_audio17.wav
2026-05-27 21:34:47,595 | stt | INFO | Transkripsi berhasil: data/corpus/audio/2309_audio01.wav
2026-05-27 21:34:58,656 | stt | INFO | Transkripsi berhasil: data/corpus/audio/2309_audio02.wav
2026-05-27 21:35:09,697 | stt | INFO | Transkripsi berhasil: data/corpus/audio/2309_audio03.wav
2026-05-27 21:35:20,798 | stt | INFO | Transkripsi berhasil: data/corpus/audio/2309_audio04.wav
2026-05-27 21:35:33,294 | stt | INFO | Transkripsi berhasil: data/corpus/audio/2309_audio05.wav
2026-05-27 21:35:44,342 | stt | INFO | Transkripsi berhasil: data/corpus/audio/2309_audio06.wav
2026-05-27 21:35:55,152 | stt | INFO | Transkripsi berhasil: data/corpus/audio/2309_audio08.wav
2026-05-27 21:36:06,156 | stt | INFO | Transkripsi berhasil: data/corpus/audio/2309_audio12.wav
2026-05-27 21:36:17,251 | stt | INFO | Transkripsi berhasil: data/corpus/audio/2309_audio15.wav
2026-05-27 21:36:28,276 | stt | INFO | Transkripsi berhasil: data/corpus/audio/2309_audio17.wav
2026-05-27 21:36:39,622 | stt | INFO | Transkripsi berhasil: data/corpus/audio/2310_Audio01.wav
2026-05-27 21:36:50,627 | stt | INFO | Transkripsi berhasil: data/corpus/audio/2310_Audio02.wav
2026-05-27 21:37:01,732 | stt | INFO | Transkripsi berhasil: data/corpus/audio/2310_Audio03.wav
2026-05-27 21:37:12,615 | stt | INFO | Transkripsi berhasil: data/corpus/audio/2310_Audio04.wav
2026-05-27 21:37:23,882 | stt | INFO | Transkripsi berhasil: data/corpus/audio/2310_Audio05.wav
2026-05-27 21:37:34,884 | stt | INFO | Transkripsi berhasil: data/corpus/audio/2310_Audio06.wav
2026-05-27 21:37:46,155 | stt | INFO | Transkripsi berhasil: data/corpus/audio/2310_Audio07.wav
2026-05-27 21:37:56,823 | stt | INFO | Transkripsi berhasil: data/corpus/audio/2310_Audio11.wav
2026-05-27 21:38:07,746 | stt | INFO | Transkripsi berhasil: data/corpus/audio/2310_Audio14.wav
2026-05-27 21:38:18,539 | stt | INFO | Transkripsi berhasil: data/corpus/audio/2310_Audio20.wav
2026-05-27 21:38:30,026 | stt | INFO | Transkripsi berhasil: data/corpus/audio/2311_audio01.wav
2026-05-27 21:38:41,139 | stt | INFO | Transkripsi berhasil: data/corpus/audio/2311_audio02.wav
2026-05-27 21:38:52,390 | stt | INFO | Transkripsi berhasil: data/corpus/audio/2311_audio03.wav
2026-05-27 21:39:03,374 | stt | INFO | Transkripsi berhasil: data/corpus/audio/2311_audio04.wav
2026-05-27 21:39:15,184 | stt | INFO | Transkripsi berhasil: data/corpus/audio/2311_audio05.wav
2026-05-27 21:39:25,903 | stt | INFO | Transkripsi berhasil: data/corpus/audio/2311_audio06.wav
2026-05-27 21:39:36,714 | stt | INFO | Transkripsi berhasil: data/corpus/audio/2311_audio09.wav
2026-05-27 21:39:47,639 | stt | INFO | Transkripsi berhasil: data/corpus/audio/2311_audio12.wav
2026-05-27 21:39:58,404 | stt | INFO | Transkripsi berhasil: data/corpus/audio/2311_audio14.wav
2026-05-27 21:40:09,202 | stt | INFO | Transkripsi berhasil: data/corpus/audio/2311_audio17.wav
2026-05-27 21:40:20,847 | stt | INFO | Transkripsi berhasil: data/corpus/audio/2312_audio1.wav
2026-05-27 21:40:32,114 | stt | INFO | Transkripsi berhasil: data/corpus/audio/2312_audio2.wav
2026-05-27 21:40:43,305 | stt | INFO | Transkripsi berhasil: data/corpus/audio/2312_audio3.wav
2026-05-27 21:40:54,463 | stt | INFO | Transkripsi berhasil: data/corpus/audio/2312_audio4.wav
2026-05-27 21:41:05,472 | stt | INFO | Transkripsi berhasil: data/corpus/audio/2312_audio5.wav
2026-05-27 21:41:16,904 | stt | INFO | Transkripsi berhasil: data/corpus/audio/2312_audio6.wav
2026-05-27 21:41:28,437 | stt | INFO | Transkripsi berhasil: data/corpus/audio/2312_audio7.wav
2026-05-27 21:41:39,053 | stt | INFO | Transkripsi berhasil: data/corpus/audio/2312_audio11.wav
2026-05-27 21:41:49,796 | stt | INFO | Transkripsi berhasil: data/corpus/audio/2312_audio15.wav
2026-05-27 21:42:00,685 | stt | INFO | Transkripsi berhasil: data/corpus/audio/2312_audio19.wav
2026-05-27 21:42:11,994 | stt | INFO | Transkripsi berhasil: data/corpus/audio/2312_audio20.wav
2026-05-27 21:42:22,909 | stt | INFO | Transkripsi berhasil: data/corpus/audio/2318_audio01.wav
2026-05-27 21:42:33,959 | stt | INFO | Transkripsi berhasil: data/corpus/audio/2318_audio02.wav
2026-05-27 21:42:44,389 | stt | INFO | Transkripsi berhasil: data/corpus/audio/2318_audio03.wav
2026-05-27 21:42:55,124 | stt | INFO | Transkripsi berhasil: data/corpus/audio/2318_audio04.wav
2026-05-27 21:43:05,484 | stt | INFO | Transkripsi berhasil: data/corpus/audio/2318_audio05.wav
2026-05-27 21:43:16,375 | stt | INFO | Transkripsi berhasil: data/corpus/audio/2318_audio06.wav
2026-05-27 21:43:26,643 | stt | INFO | Transkripsi berhasil: data/corpus/audio/2318_audio09.wav
2026-05-27 21:43:37,928 | stt | INFO | Transkripsi berhasil: data/corpus/audio/2318_audio10.wav
2026-05-27 21:43:48,954 | stt | INFO | Transkripsi berhasil: data/corpus/audio/2318_audio13.wav
2026-05-27 21:43:59,457 | stt | INFO | Transkripsi berhasil: data/corpus/audio/2318_audio19.wav
2026-05-27 21:44:10,703 | stt | INFO | Transkripsi berhasil: data/corpus/audio/2319_Audio1.wav
2026-05-27 21:44:21,732 | stt | INFO | Transkripsi berhasil: data/corpus/audio/2319_Audio2.wav
2026-05-27 21:44:32,936 | stt | INFO | Transkripsi berhasil: data/corpus/audio/2319_Audio3.wav
2026-05-27 21:44:43,825 | stt | INFO | Transkripsi berhasil: data/corpus/audio/2319_Audio4.wav
2026-05-27 21:44:55,159 | stt | INFO | Transkripsi berhasil: data/corpus/audio/2319_Audio5.wav
2026-05-27 21:45:06,110 | stt | INFO | Transkripsi berhasil: data/corpus/audio/2319_Audio6.wav
2026-05-27 21:45:17,326 | stt | INFO | Transkripsi berhasil: data/corpus/audio/2319_Audio10.wav
2026-05-27 21:45:28,725 | stt | INFO | Transkripsi berhasil: data/corpus/audio/2319_Audio13.wav
2026-05-27 21:45:40,052 | stt | INFO | Transkripsi berhasil: data/corpus/audio/2319_Audio16.wav
2026-05-27 21:45:50,936 | stt | INFO | Transkripsi berhasil: data/corpus/audio/2319_Audio19.wav
2026-05-27 21:46:02,323 | stt | INFO | Transkripsi berhasil: data/corpus/audio/2323_audio01.wav
2026-05-27 21:46:13,142 | stt | INFO | Transkripsi berhasil: data/corpus/audio/2323_audio02.wav
2026-05-27 21:46:24,532 | stt | INFO | Transkripsi berhasil: data/corpus/audio/2323_audio03.wav
2026-05-27 21:46:35,448 | stt | INFO | Transkripsi berhasil: data/corpus/audio/2323_audio04.wav
2026-05-27 21:46:47,983 | stt | INFO | Transkripsi berhasil: data/corpus/audio/2323_audio05.wav
2026-05-27 21:46:58,372 | stt | INFO | Transkripsi berhasil: data/corpus/audio/2323_audio06.wav
2026-05-27 21:47:09,532 | stt | INFO | Transkripsi berhasil: data/corpus/audio/2323_audio13.wav
2026-05-27 21:47:20,822 | stt | INFO | Transkripsi berhasil: data/corpus/audio/2323_audio14.wav
2026-05-27 21:47:32,993 | stt | INFO | Transkripsi berhasil: data/corpus/audio/2323_audio15.wav
2026-05-27 21:47:44,479 | stt | INFO | Transkripsi berhasil: data/corpus/audio/2323_audio16.wav
2026-05-27 21:47:55,774 | stt | INFO | Transkripsi berhasil: data/corpus/audio/2323_audio18.wav
2026-05-27 21:48:07,447 | stt | INFO | Transkripsi berhasil: data/corpus/audio/2325_audio1.wav
2026-05-27 21:48:18,640 | stt | INFO | Transkripsi berhasil: data/corpus/audio/2325_audio2.wav
2026-05-27 21:48:29,495 | stt | INFO | Transkripsi berhasil: data/corpus/audio/2325_audio3.wav
2026-05-27 21:48:40,342 | stt | INFO | Transkripsi berhasil: data/corpus/audio/2325_audio4.wav
2026-05-27 21:48:52,465 | stt | INFO | Transkripsi berhasil: data/corpus/audio/2325_audio5.wav
2026-05-27 21:49:03,220 | stt | INFO | Transkripsi berhasil: data/corpus/audio/2325_audio6.wav
2026-05-27 21:49:14,508 | stt | INFO | Transkripsi berhasil: data/corpus/audio/2325_audio7.wav
2026-05-27 21:49:25,345 | stt | INFO | Transkripsi berhasil: data/corpus/audio/2325_audio8.wav
2026-05-27 21:49:37,074 | stt | INFO | Transkripsi berhasil: data/corpus/audio/2325_audio9.wav
2026-05-27 21:49:48,102 | stt | INFO | Transkripsi berhasil: data/corpus/audio/2325_audio10.wav
2026-05-27 21:49:59,461 | stt | INFO | Transkripsi berhasil: data/corpus/audio/2326_audio01.wav
2026-05-27 21:50:10,335 | stt | INFO | Transkripsi berhasil: data/corpus/audio/2326_audio02.wav
2026-05-27 21:50:21,825 | stt | INFO | Transkripsi berhasil: data/corpus/audio/2326_audio03.wav
2026-05-27 21:50:32,676 | stt | INFO | Transkripsi berhasil: data/corpus/audio/2326_audio04.wav
2026-05-27 21:50:43,878 | stt | INFO | Transkripsi berhasil: data/corpus/audio/2326_audio05.wav
2026-05-27 21:50:55,794 | stt | INFO | Transkripsi berhasil: data/corpus/audio/2326_audio06.wav
2026-05-27 21:51:07,150 | stt | INFO | Transkripsi berhasil: data/corpus/audio/2326_audio07.wav
2026-05-27 21:51:18,098 | stt | INFO | Transkripsi berhasil: data/corpus/audio/2326_audio11.wav
2026-05-27 21:51:29,021 | stt | INFO | Transkripsi berhasil: data/corpus/audio/2326_audio13.wav
2026-05-27 21:51:39,775 | stt | INFO | Transkripsi berhasil: data/corpus/audio/2326_audio17.wav
2026-05-27 21:51:50,961 | stt | INFO | Transkripsi berhasil: data/corpus/audio/2330_audio01.wav
2026-05-27 21:52:03,073 | stt | INFO | Transkripsi berhasil: data/corpus/audio/2330_audio02.wav
2026-05-27 21:52:14,428 | stt | INFO | Transkripsi berhasil: data/corpus/audio/2330_audio03.wav
2026-05-27 21:52:25,423 | stt | INFO | Transkripsi berhasil: data/corpus/audio/2330_audio04.wav
2026-05-27 21:52:36,456 | stt | INFO | Transkripsi berhasil: data/corpus/audio/2330_audio05.wav
2026-05-27 21:52:47,538 | stt | INFO | Transkripsi berhasil: data/corpus/audio/2330_audio06.wav
2026-05-27 21:52:58,933 | stt | INFO | Transkripsi berhasil: data/corpus/audio/2330_audio07.wav
2026-05-27 21:53:10,188 | stt | INFO | Transkripsi berhasil: data/corpus/audio/2330_audio12.wav
2026-05-27 21:53:20,753 | stt | INFO | Transkripsi berhasil: data/corpus/audio/2330_audio14.wav
2026-05-27 21:53:33,488 | stt | INFO | Transkripsi berhasil: data/corpus/audio/2330_audio15.wav
2026-05-27 21:53:44,411 | stt | INFO | Transkripsi berhasil: data/corpus/audio/2330_audio17.wav
2026-05-27 21:53:55,844 | stt | INFO | Transkripsi berhasil: data/corpus/audio/2331_audio01.wav
2026-05-27 21:54:06,590 | stt | INFO | Transkripsi berhasil: data/corpus/audio/2331_audio02.wav
2026-05-27 21:54:17,549 | stt | INFO | Transkripsi berhasil: data/corpus/audio/2331_audio03.wav
2026-05-27 21:54:28,468 | stt | INFO | Transkripsi berhasil: data/corpus/audio/2331_audio04.wav
2026-05-27 21:54:38,811 | stt | INFO | Transkripsi berhasil: data/corpus/audio/2331_audio05.wav
2026-05-27 21:54:49,590 | stt | INFO | Transkripsi berhasil: data/corpus/audio/2331_audio06.wav
2026-05-27 21:55:00,628 | stt | INFO | Transkripsi berhasil: data/corpus/audio/2331_audio10.wav
2026-05-27 21:55:11,532 | stt | INFO | Transkripsi berhasil: data/corpus/audio/2331_audio12.wav
2026-05-27 21:55:24,365 | stt | INFO | Transkripsi berhasil: data/corpus/audio/2331_audio15.wav
2026-05-27 21:55:35,231 | stt | INFO | Transkripsi berhasil: data/corpus/audio/2331_audio17.wav
2026-05-27 21:55:46,597 | stt | INFO | Transkripsi berhasil: data/corpus/audio/2334_audio01.wav
2026-05-27 21:55:57,735 | stt | INFO | Transkripsi berhasil: data/corpus/audio/2334_audio02.wav
2026-05-27 21:56:08,837 | stt | INFO | Transkripsi berhasil: data/corpus/audio/2334_audio03.wav
2026-05-27 21:56:20,008 | stt | INFO | Transkripsi berhasil: data/corpus/audio/2334_audio04.wav
2026-05-27 21:56:31,982 | stt | INFO | Transkripsi berhasil: data/corpus/audio/2334_audio05.wav
2026-05-27 21:56:42,961 | stt | INFO | Transkripsi berhasil: data/corpus/audio/2334_audio06.wav
2026-05-27 21:56:54,399 | stt | INFO | Transkripsi berhasil: data/corpus/audio/2334_audio07.wav
2026-05-27 21:57:05,229 | stt | INFO | Transkripsi berhasil: data/corpus/audio/2334_audio08.wav
2026-05-27 21:57:15,863 | stt | INFO | Transkripsi berhasil: data/corpus/audio/2334_audio09.wav
2026-05-27 21:57:26,416 | stt | INFO | Transkripsi berhasil: data/corpus/audio/2334_audio10.wav
2026-05-27 21:57:37,758 | stt | INFO | Transkripsi berhasil: data/corpus/audio/2337_audio01.wav
2026-05-27 21:57:48,894 | stt | INFO | Transkripsi berhasil: data/corpus/audio/2337_audio02.wav
2026-05-27 21:58:00,021 | stt | INFO | Transkripsi berhasil: data/corpus/audio/2337_audio03.wav
2026-05-27 21:58:11,327 | stt | INFO | Transkripsi berhasil: data/corpus/audio/2337_audio04.wav
2026-05-27 21:58:22,374 | stt | INFO | Transkripsi berhasil: data/corpus/audio/2337_audio05.wav
2026-05-27 21:58:33,488 | stt | INFO | Transkripsi berhasil: data/corpus/audio/2337_audio06.wav
2026-05-27 21:58:44,894 | stt | INFO | Transkripsi berhasil: data/corpus/audio/2337_audio07.wav
2026-05-27 21:58:55,899 | stt | INFO | Transkripsi berhasil: data/corpus/audio/2337_audio13.wav
2026-05-27 21:59:06,640 | stt | INFO | Transkripsi berhasil: data/corpus/audio/2337_audio14.wav
2026-05-27 21:59:17,771 | stt | INFO | Transkripsi berhasil: data/corpus/audio/2337_audio18.wav
2026-05-27 21:59:18,766 | stt | INFO | Transkripsi berhasil: data/corpus/audio/2338_audio01.wav
2026-05-27 21:59:19,729 | stt | INFO | Transkripsi berhasil: data/corpus/audio/2338_audio02.wav
2026-05-27 21:59:20,688 | stt | INFO | Transkripsi berhasil: data/corpus/audio/2338_audio03.wav
2026-05-27 21:59:21,657 | stt | INFO | Transkripsi berhasil: data/corpus/audio/2338_audio04.wav
2026-05-27 21:59:22,626 | stt | INFO | Transkripsi berhasil: data/corpus/audio/2338_audio05.wav
2026-05-27 21:59:23,588 | stt | INFO | Transkripsi berhasil: data/corpus/audio/2338_audio06.wav
2026-05-27 21:59:24,563 | stt | INFO | Transkripsi berhasil: data/corpus/audio/2338_audio12.wav
2026-05-27 21:59:25,530 | stt | INFO | Transkripsi berhasil: data/corpus/audio/2338_audio13.wav
2026-05-27 21:59:26,496 | stt | INFO | Transkripsi berhasil: data/corpus/audio/2338_audio15.wav
2026-05-27 21:59:27,463 | stt | INFO | Transkripsi berhasil: data/corpus/audio/2338_audio17.wav
2026-05-27 21:59:28,428 | stt | INFO | Transkripsi berhasil: data/corpus/audio/2341_audio01.wav
2026-05-27 21:59:39,545 | stt | INFO | Transkripsi berhasil: data/corpus/audio/2341_audio01(1).wav
2026-05-27 21:59:40,535 | stt | INFO | Transkripsi berhasil: data/corpus/audio/2341_audio02.wav
2026-05-27 21:59:51,420 | stt | INFO | Transkripsi berhasil: data/corpus/audio/2341_audio02(1).wav
2026-05-27 22:00:02,388 | stt | INFO | Transkripsi berhasil: data/corpus/audio/2341_audio03.wav
2026-05-27 22:00:03,353 | stt | INFO | Transkripsi berhasil: data/corpus/audio/2341_audio03(1).wav
2026-05-27 22:00:04,301 | stt | INFO | Transkripsi berhasil: data/corpus/audio/2341_audio04.wav
2026-05-27 22:00:15,363 | stt | INFO | Transkripsi berhasil: data/corpus/audio/2341_audio04(1).wav
2026-05-27 22:00:16,353 | stt | INFO | Transkripsi berhasil: data/corpus/audio/2341_audio05.wav
2026-05-27 22:00:29,082 | stt | INFO | Transkripsi berhasil: data/corpus/audio/2341_audio05(1).wav
2026-05-27 22:00:41,213 | stt | INFO | Transkripsi berhasil: data/corpus/audio/2341_audio06.wav
2026-05-27 22:00:42,184 | stt | INFO | Transkripsi berhasil: data/corpus/audio/2341_audio06(1).wav
2026-05-27 22:00:43,132 | stt | INFO | Transkripsi berhasil: data/corpus/audio/2341_audio07.wav
2026-05-27 22:00:54,376 | stt | INFO | Transkripsi berhasil: data/corpus/audio/2341_audio07(1).wav
2026-05-27 22:01:04,867 | stt | INFO | Transkripsi berhasil: data/corpus/audio/2341_audio08.wav
2026-05-27 22:01:05,834 | stt | INFO | Transkripsi berhasil: data/corpus/audio/2341_audio08(1).wav
2026-05-27 22:01:16,752 | stt | INFO | Transkripsi berhasil: data/corpus/audio/2341_audio09.wav
2026-05-27 22:01:17,775 | stt | INFO | Transkripsi berhasil: data/corpus/audio/2341_audio09(1).wav
2026-05-27 22:01:18,720 | stt | INFO | Transkripsi berhasil: data/corpus/audio/2341_audio10.wav
2026-05-27 22:01:29,371 | stt | INFO | Transkripsi berhasil: data/corpus/audio/2341_audio10(1).wav
2026-05-27 22:01:40,770 | stt | INFO | Transkripsi berhasil: data/corpus/audio/2342_audio01.wav
2026-05-27 22:01:52,008 | stt | INFO | Transkripsi berhasil: data/corpus/audio/2342_audio02.wav
2026-05-27 22:02:03,192 | stt | INFO | Transkripsi berhasil: data/corpus/audio/2342_audio03.wav
2026-05-27 22:02:14,043 | stt | INFO | Transkripsi berhasil: data/corpus/audio/2342_audio04.wav
2026-05-27 22:02:26,192 | stt | INFO | Transkripsi berhasil: data/corpus/audio/2342_audio05.wav
2026-05-27 22:02:37,413 | stt | INFO | Transkripsi berhasil: data/corpus/audio/2342_audio06.wav
2026-05-27 22:02:48,486 | stt | INFO | Transkripsi berhasil: data/corpus/audio/2342_audio10.wav
2026-05-27 22:02:59,190 | stt | INFO | Transkripsi berhasil: data/corpus/audio/2342_audio11.wav
2026-05-27 22:03:10,096 | stt | INFO | Transkripsi berhasil: data/corpus/audio/2342_audio14.wav
2026-05-27 22:03:21,113 | stt | INFO | Transkripsi berhasil: data/corpus/audio/2342_audio19.wav
2026-05-27 22:03:32,485 | stt | INFO | Transkripsi berhasil: data/corpus/audio/2343_audio1.wav
2026-05-27 22:03:44,244 | stt | INFO | Transkripsi berhasil: data/corpus/audio/2343_audio2.wav
2026-05-27 22:03:56,069 | stt | INFO | Transkripsi berhasil: data/corpus/audio/2343_audio3.wav
2026-05-27 22:04:07,194 | stt | INFO | Transkripsi berhasil: data/corpus/audio/2343_audio4.wav
2026-05-27 22:04:17,416 | stt | INFO | Transkripsi berhasil: data/corpus/audio/2343_audio5.wav
2026-05-27 22:04:27,723 | stt | INFO | Transkripsi berhasil: data/corpus/audio/2343_audio6.wav
2026-05-27 22:04:38,410 | stt | INFO | Transkripsi berhasil: data/corpus/audio/2343_audio12.wav
2026-05-27 22:04:49,168 | stt | INFO | Transkripsi berhasil: data/corpus/audio/2343_audio14.wav
2026-05-27 22:05:00,606 | stt | INFO | Transkripsi berhasil: data/corpus/audio/2343_audio16.wav
2026-05-27 22:05:11,583 | stt | INFO | Transkripsi berhasil: data/corpus/audio/2343_audio18.wav
2026-05-27 22:05:23,080 | stt | INFO | Transkripsi berhasil: data/corpus/audio/2344_audio1.m4a.wav
2026-05-27 22:05:34,261 | stt | INFO | Transkripsi berhasil: data/corpus/audio/2344_audio2.m4a.wav
2026-05-27 22:05:45,331 | stt | INFO | Transkripsi berhasil: data/corpus/audio/2344_audio3.m4a.wav
2026-05-27 22:05:56,351 | stt | INFO | Transkripsi berhasil: data/corpus/audio/2344_audio4.wav
2026-05-27 22:06:08,277 | stt | INFO | Transkripsi berhasil: data/corpus/audio/2344_audio5.m4a.wav
2026-05-27 22:06:19,798 | stt | INFO | Transkripsi berhasil: data/corpus/audio/2344_audio6.m4a.wav
2026-05-27 22:06:30,763 | stt | INFO | Transkripsi berhasil: data/corpus/audio/2344_audio10.m4a.wav
2026-05-27 22:06:41,640 | stt | INFO | Transkripsi berhasil: data/corpus/audio/2344_audio13.wav
2026-05-27 22:06:52,429 | stt | INFO | Transkripsi berhasil: data/corpus/audio/2344_audio17.wav
2026-05-27 22:07:03,097 | stt | INFO | Transkripsi berhasil: data/corpus/audio/2344_audio20.m4a.wav
2026-05-27 22:07:14,045 | stt | INFO | Transkripsi berhasil: data/corpus/audio/2345_audio01.wav
2026-05-27 22:07:24,912 | stt | INFO | Transkripsi berhasil: data/corpus/audio/2345_audio02.wav
2026-05-27 22:07:36,218 | stt | INFO | Transkripsi berhasil: data/corpus/audio/2345_audio03.wav
2026-05-27 22:07:47,124 | stt | INFO | Transkripsi berhasil: data/corpus/audio/2345_audio04.wav
2026-05-27 22:07:58,498 | stt | INFO | Transkripsi berhasil: data/corpus/audio/2345_audio05.wav
2026-05-27 22:08:09,062 | stt | INFO | Transkripsi berhasil: data/corpus/audio/2345_audio06.wav
2026-05-27 22:08:20,467 | stt | INFO | Transkripsi berhasil: data/corpus/audio/2345_audio07.wav
2026-05-27 22:08:31,452 | stt | INFO | Transkripsi berhasil: data/corpus/audio/2345_audio08.wav
2026-05-27 22:08:42,106 | stt | INFO | Transkripsi berhasil: data/corpus/audio/2345_audio09.wav
2026-05-27 22:08:52,758 | stt | INFO | Transkripsi berhasil: data/corpus/audio/2345_audio10.wav
2026-05-27 22:09:05,030 | stt | INFO | Transkripsi berhasil: data/corpus/audio/2345_audio11.wav
2026-05-27 22:09:16,619 | stt | INFO | Transkripsi berhasil: data/corpus/audio/2345_audio12.wav
2026-05-27 22:09:29,723 | stt | INFO | Transkripsi berhasil: data/corpus/audio/2345_audio13.wav
2026-05-27 22:09:40,549 | stt | INFO | Transkripsi berhasil: data/corpus/audio/2345_audio14.wav
2026-05-27 22:09:51,416 | stt | INFO | Transkripsi berhasil: data/corpus/audio/2345_audio15.wav
2026-05-27 22:09:52,425 | stt | INFO | Transkripsi berhasil: data/corpus/audio/2347_audio1.wav
2026-05-27 22:09:53,439 | stt | INFO | Transkripsi berhasil: data/corpus/audio/2347_audio2.wav
2026-05-27 22:09:54,522 | stt | INFO | Transkripsi berhasil: data/corpus/audio/2347_audio3.wav
2026-05-27 22:09:55,501 | stt | INFO | Transkripsi berhasil: data/corpus/audio/2347_audio4.wav
2026-05-27 22:09:56,480 | stt | INFO | Transkripsi berhasil: data/corpus/audio/2347_audio5.wav
2026-05-27 22:09:57,463 | stt | INFO | Transkripsi berhasil: data/corpus/audio/2347_audio6.wav
2026-05-27 22:09:58,458 | stt | INFO | Transkripsi berhasil: data/corpus/audio/2347_audio7.wav
2026-05-27 22:09:59,437 | stt | INFO | Transkripsi berhasil: data/corpus/audio/2347_audio11.wav
2026-05-27 22:10:00,416 | stt | INFO | Transkripsi berhasil: data/corpus/audio/2347_audio14.wav
2026-05-27 22:10:01,394 | stt | INFO | Transkripsi berhasil: data/corpus/audio/2347_audio17.wav
2026-05-27 22:10:12,538 | stt | INFO | Transkripsi berhasil: data/corpus/audio/2348_audio01.wav
2026-05-27 22:10:24,002 | stt | INFO | Transkripsi berhasil: data/corpus/audio/2348_audio02.wav
2026-05-27 22:10:35,276 | stt | INFO | Transkripsi berhasil: data/corpus/audio/2348_audio03.wav
2026-05-27 22:10:46,354 | stt | INFO | Transkripsi berhasil: data/corpus/audio/2348_audio04.wav
2026-05-27 22:10:58,081 | stt | INFO | Transkripsi berhasil: data/corpus/audio/2348_audio05.wav
2026-05-27 22:11:09,637 | stt | INFO | Transkripsi berhasil: data/corpus/audio/2348_audio06.wav
2026-05-27 22:11:21,363 | stt | INFO | Transkripsi berhasil: data/corpus/audio/2348_audio07.wav
2026-05-27 22:11:32,439 | stt | INFO | Transkripsi berhasil: data/corpus/audio/2348_audio12.wav
2026-05-27 22:11:44,490 | stt | INFO | Transkripsi berhasil: data/corpus/audio/2348_audio13.wav
2026-05-27 22:11:55,012 | stt | INFO | Transkripsi berhasil: data/corpus/audio/2348_audio14.wav
2026-05-27 22:12:04,978 | stt | INFO | Transkripsi berhasil: data/corpus/audio/2355_audio01.wav
2026-05-27 22:12:14,671 | stt | INFO | Transkripsi berhasil: data/corpus/audio/2355_audio02.wav
2026-05-27 22:12:24,492 | stt | INFO | Transkripsi berhasil: data/corpus/audio/2355_audio03.wav
2026-05-27 22:12:34,104 | stt | INFO | Transkripsi berhasil: data/corpus/audio/2355_audio04.wav
2026-05-27 22:12:45,602 | stt | INFO | Transkripsi berhasil: data/corpus/audio/2355_audio05.wav
2026-05-27 22:12:55,581 | stt | INFO | Transkripsi berhasil: data/corpus/audio/2355_audio06.wav
2026-05-27 22:13:05,752 | stt | INFO | Transkripsi berhasil: data/corpus/audio/2355_audio07.wav
2026-05-27 22:13:15,838 | stt | INFO | Transkripsi berhasil: data/corpus/audio/2355_audio10.wav
2026-05-27 22:13:25,699 | stt | INFO | Transkripsi berhasil: data/corpus/audio/2355_audio13.wav
2026-05-27 22:13:35,342 | stt | INFO | Transkripsi berhasil: data/corpus/audio/2355_audio17.wav
2026-05-27 22:13:45,023 | stt | INFO | Transkripsi berhasil: data/corpus/audio/2357_audio01.wav
2026-05-27 22:13:54,891 | stt | INFO | Transkripsi berhasil: data/corpus/audio/2357_audio02.wav
2026-05-27 22:14:04,724 | stt | INFO | Transkripsi berhasil: data/corpus/audio/2357_audio03.wav
2026-05-27 22:14:14,556 | stt | INFO | Transkripsi berhasil: data/corpus/audio/2357_audio04.wav
2026-05-27 22:14:23,837 | stt | INFO | Transkripsi berhasil: data/corpus/audio/2357_audio05.wav
2026-05-27 22:14:33,099 | stt | INFO | Transkripsi berhasil: data/corpus/audio/2357_audio06.wav
2026-05-27 22:14:43,447 | stt | INFO | Transkripsi berhasil: data/corpus/audio/2357_audio07.wav
2026-05-27 22:14:53,194 | stt | INFO | Transkripsi berhasil: data/corpus/audio/2357_audio12.wav
2026-05-27 22:15:03,237 | stt | INFO | Transkripsi berhasil: data/corpus/audio/2357_audio15.wav
2026-05-27 22:15:13,363 | stt | INFO | Transkripsi berhasil: data/corpus/audio/2357_audio17.wav
2026-05-27 22:15:23,733 | stt | INFO | Transkripsi berhasil: data/corpus/audio/2359_audio1.wav
2026-05-27 22:15:33,698 | stt | INFO | Transkripsi berhasil: data/corpus/audio/2359_audio2.wav
2026-05-27 22:15:43,664 | stt | INFO | Transkripsi berhasil: data/corpus/audio/2359_audio3.wav
2026-05-27 22:15:53,529 | stt | INFO | Transkripsi berhasil: data/corpus/audio/2359_audio4.wav
2026-05-27 22:16:03,697 | stt | INFO | Transkripsi berhasil: data/corpus/audio/2359_audio5.wav
2026-05-27 22:16:13,614 | stt | INFO | Transkripsi berhasil: data/corpus/audio/2359_audio6.wav
2026-05-27 22:16:23,891 | stt | INFO | Transkripsi berhasil: data/corpus/audio/2359_audio7.wav
2026-05-27 22:16:33,815 | stt | INFO | Transkripsi berhasil: data/corpus/audio/2359_audio12.wav
2026-05-27 22:16:43,354 | stt | INFO | Transkripsi berhasil: data/corpus/audio/2359_audio14.wav
2026-05-27 22:16:53,113 | stt | INFO | Transkripsi berhasil: data/corpus/audio/2359_audio17.wav
2026-05-27 22:17:03,751 | stt | INFO | Transkripsi berhasil: data/corpus/audio/2360_audio01.wav
2026-05-27 22:17:13,759 | stt | INFO | Transkripsi berhasil: data/corpus/audio/2360_audio02.wav
2026-05-27 22:17:23,766 | stt | INFO | Transkripsi berhasil: data/corpus/audio/2360_audio03.wav
2026-05-27 22:17:33,719 | stt | INFO | Transkripsi berhasil: data/corpus/audio/2360_audio04.wav
2026-05-27 22:17:44,620 | stt | INFO | Transkripsi berhasil: data/corpus/audio/2360_audio05.wav
2026-05-27 22:17:54,773 | stt | INFO | Transkripsi berhasil: data/corpus/audio/2360_audio06.wav
2026-05-27 22:18:05,065 | stt | INFO | Transkripsi berhasil: data/corpus/audio/2360_audio07.wav
2026-05-27 22:18:15,257 | stt | INFO | Transkripsi berhasil: data/corpus/audio/2360_audio10.wav
2026-05-27 22:18:24,792 | stt | INFO | Transkripsi berhasil: data/corpus/audio/2360_audio11.wav
2026-05-27 22:18:34,367 | stt | INFO | Transkripsi berhasil: data/corpus/audio/2360_audio14.wav
2026-05-27 22:18:35,314 | stt | INFO | Transkripsi berhasil: data/corpus/audio/2362_audio01.wav
2026-05-27 22:18:36,259 | stt | INFO | Transkripsi berhasil: data/corpus/audio/2362_audio02.wav
2026-05-27 22:18:37,197 | stt | INFO | Transkripsi berhasil: data/corpus/audio/2362_audio03.wav
2026-05-27 22:18:38,131 | stt | INFO | Transkripsi berhasil: data/corpus/audio/2362_audio04.wav
2026-05-27 22:18:39,065 | stt | INFO | Transkripsi berhasil: data/corpus/audio/2362_audio05.wav
2026-05-27 22:18:40,001 | stt | INFO | Transkripsi berhasil: data/corpus/audio/2362_audio06.wav
2026-05-27 22:18:40,942 | stt | INFO | Transkripsi berhasil: data/corpus/audio/2362_audio07.wav
2026-05-27 22:18:41,889 | stt | INFO | Transkripsi berhasil: data/corpus/audio/2362_audio11.wav
2026-05-27 22:18:42,831 | stt | INFO | Transkripsi berhasil: data/corpus/audio/2362_audio15.wav
2026-05-27 22:18:43,772 | stt | INFO | Transkripsi berhasil: data/corpus/audio/2362_audio17.wav
2026-05-27 22:18:44,715 | stt | INFO | Transkripsi berhasil: data/corpus/audio/2362_audio20.wav
2026-05-27 22:18:54,780 | stt | INFO | Transkripsi berhasil: data/corpus/audio/2363_audio01.wav
2026-05-27 22:19:04,735 | stt | INFO | Transkripsi berhasil: data/corpus/audio/2363_audio02.wav
2026-05-27 22:19:14,691 | stt | INFO | Transkripsi berhasil: data/corpus/audio/2363_audio03.wav
2026-05-27 22:19:24,479 | stt | INFO | Transkripsi berhasil: data/corpus/audio/2363_audio04.wav
2026-05-27 22:19:36,244 | stt | INFO | Transkripsi berhasil: data/corpus/audio/2363_audio05.wav
2026-05-27 22:19:46,451 | stt | INFO | Transkripsi berhasil: data/corpus/audio/2363_audio06.wav
2026-05-27 22:19:56,651 | stt | INFO | Transkripsi berhasil: data/corpus/audio/2363_audio07.wav
2026-05-27 22:20:06,547 | stt | INFO | Transkripsi berhasil: data/corpus/audio/2363_audio10.wav
2026-05-27 22:20:16,157 | stt | INFO | Transkripsi berhasil: data/corpus/audio/2363_audio11.wav
2026-05-27 22:20:25,835 | stt | INFO | Transkripsi berhasil: data/corpus/audio/2363_audio14.wav
2026-05-27 22:20:36,169 | stt | INFO | Transkripsi berhasil: data/corpus/audio/2364_audio01.wav
2026-05-27 22:20:47,043 | stt | INFO | Transkripsi berhasil: data/corpus/audio/2364_audio02.wav
2026-05-27 22:20:57,098 | stt | INFO | Transkripsi berhasil: data/corpus/audio/2364_audio03.wav
2026-05-27 22:21:07,030 | stt | INFO | Transkripsi berhasil: data/corpus/audio/2364_audio04.wav
2026-05-27 22:21:18,565 | stt | INFO | Transkripsi berhasil: data/corpus/audio/2364_audio05.wav
2026-05-27 22:21:28,748 | stt | INFO | Transkripsi berhasil: data/corpus/audio/2364_audio06.wav
2026-05-27 22:21:38,602 | stt | INFO | Transkripsi berhasil: data/corpus/audio/2364_audio12.wav
2026-05-27 22:21:48,506 | stt | INFO | Transkripsi berhasil: data/corpus/audio/2364_audio13.wav
2026-05-27 22:21:58,058 | stt | INFO | Transkripsi berhasil: data/corpus/audio/2364_audio14.wav
2026-05-27 22:22:07,849 | stt | INFO | Transkripsi berhasil: data/corpus/audio/2364_audio17.wav
2026-05-27 22:22:17,852 | stt | INFO | Transkripsi berhasil: data/corpus/audio/2366_audio01.wav
2026-05-27 22:22:27,827 | stt | INFO | Transkripsi berhasil: data/corpus/audio/2366_audio02.wav
2026-05-27 22:22:37,816 | stt | INFO | Transkripsi berhasil: data/corpus/audio/2366_audio03.wav
2026-05-27 22:22:47,670 | stt | INFO | Transkripsi berhasil: data/corpus/audio/2366_audio04.wav
2026-05-27 22:22:58,407 | stt | INFO | Transkripsi berhasil: data/corpus/audio/2366_audio05.wav
2026-05-27 22:23:08,097 | stt | INFO | Transkripsi berhasil: data/corpus/audio/2366_audio06.wav
2026-05-27 22:23:18,441 | stt | INFO | Transkripsi berhasil: data/corpus/audio/2366_audio07.wav
2026-05-27 22:23:28,020 | stt | INFO | Transkripsi berhasil: data/corpus/audio/2366_audio11.wav
2026-05-27 22:23:37,818 | stt | INFO | Transkripsi berhasil: data/corpus/audio/2366_audio13.wav
2026-05-27 22:23:49,038 | stt | INFO | Transkripsi berhasil: data/corpus/audio/2366_audio15.wav
2026-05-27 22:23:59,295 | stt | INFO | Transkripsi berhasil: data/corpus/audio/2367_audio1.wav
2026-05-27 22:24:09,300 | stt | INFO | Transkripsi berhasil: data/corpus/audio/2367_audio2.wav
2026-05-27 22:24:19,701 | stt | INFO | Transkripsi berhasil: data/corpus/audio/2367_audio3.wav
2026-05-27 22:24:29,839 | stt | INFO | Transkripsi berhasil: data/corpus/audio/2367_audio4.wav
2026-05-27 22:24:39,324 | stt | INFO | Transkripsi berhasil: data/corpus/audio/2367_audio5.wav
2026-05-27 22:24:49,353 | stt | INFO | Transkripsi berhasil: data/corpus/audio/2367_audio6.wav
2026-05-27 22:24:59,682 | stt | INFO | Transkripsi berhasil: data/corpus/audio/2367_audio7.wav
2026-05-27 22:25:09,874 | stt | INFO | Transkripsi berhasil: data/corpus/audio/2367_audio10.wav
2026-05-27 22:25:19,962 | stt | INFO | Transkripsi berhasil: data/corpus/audio/2367_audio13.wav
2026-05-27 22:25:30,226 | stt | INFO | Transkripsi berhasil: data/corpus/audio/2367_audio18.wav
2026-05-27 22:25:40,184 | stt | INFO | Transkripsi berhasil: data/corpus/audio/2369_audio1.wav
2026-05-27 22:25:50,203 | stt | INFO | Transkripsi berhasil: data/corpus/audio/2369_audio2.wav
2026-05-27 22:26:00,294 | stt | INFO | Transkripsi berhasil: data/corpus/audio/2369_audio3.wav
2026-05-27 22:26:10,320 | stt | INFO | Transkripsi berhasil: data/corpus/audio/2369_audio4.wav
2026-05-27 22:26:21,397 | stt | INFO | Transkripsi berhasil: data/corpus/audio/2369_audio5.wav
2026-05-27 22:26:31,113 | stt | INFO | Transkripsi berhasil: data/corpus/audio/2369_audio6.wav
2026-05-27 22:26:41,528 | stt | INFO | Transkripsi berhasil: data/corpus/audio/2369_audio7.wav
2026-05-27 22:26:51,444 | stt | INFO | Transkripsi berhasil: data/corpus/audio/2369_audio8.wav
2026-05-27 22:27:01,106 | stt | INFO | Transkripsi berhasil: data/corpus/audio/2369_audio9.wav
2026-05-27 22:27:11,184 | stt | INFO | Transkripsi berhasil: data/corpus/audio/2369_audio10.wav
2026-05-27 22:27:21,290 | stt | INFO | Transkripsi berhasil: data/corpus/audio/2371_audio01.wav
2026-05-27 22:27:31,357 | stt | INFO | Transkripsi berhasil: data/corpus/audio/2371_audio02.wav
2026-05-27 22:27:41,378 | stt | INFO | Transkripsi berhasil: data/corpus/audio/2371_audio03.wav
2026-05-27 22:27:51,317 | stt | INFO | Transkripsi berhasil: data/corpus/audio/2371_audio04.wav
2026-05-27 22:28:01,684 | stt | INFO | Transkripsi berhasil: data/corpus/audio/2371_audio05.wav
2026-05-27 22:28:11,591 | stt | INFO | Transkripsi berhasil: data/corpus/audio/2371_audio06.wav
2026-05-27 22:28:21,896 | stt | INFO | Transkripsi berhasil: data/corpus/audio/2371_audio07.wav
2026-05-27 22:28:32,612 | stt | INFO | Transkripsi berhasil: data/corpus/audio/2371_audio12.wav
2026-05-27 22:28:42,686 | stt | INFO | Transkripsi berhasil: data/corpus/audio/2371_audio13.wav
2026-05-27 22:28:52,391 | stt | INFO | Transkripsi berhasil: data/corpus/audio/2371_audio17.wav
2026-05-27 22:29:02,645 | stt | INFO | Transkripsi berhasil: data/corpus/audio/2372_audio01.wav
2026-05-27 22:29:12,705 | stt | INFO | Transkripsi berhasil: data/corpus/audio/2372_audio02.wav
2026-05-27 22:29:22,841 | stt | INFO | Transkripsi berhasil: data/corpus/audio/2372_audio03.wav
2026-05-27 22:29:33,295 | stt | INFO | Transkripsi berhasil: data/corpus/audio/2372_audio04.wav
2026-05-27 22:29:44,225 | stt | INFO | Transkripsi berhasil: data/corpus/audio/2372_audio05.wav
2026-05-27 22:29:53,611 | stt | INFO | Transkripsi berhasil: data/corpus/audio/2372_audio06.wav
2026-05-27 22:30:03,744 | stt | INFO | Transkripsi berhasil: data/corpus/audio/2372_audio10.wav
2026-05-27 22:30:13,440 | stt | INFO | Transkripsi berhasil: data/corpus/audio/2372_audio11.wav
2026-05-27 22:30:23,243 | stt | INFO | Transkripsi berhasil: data/corpus/audio/2372_audio14.wav
2026-05-27 22:30:33,419 | stt | INFO | Transkripsi berhasil: data/corpus/audio/2372_audio15.wav
2026-05-27 22:30:43,423 | stt | INFO | Transkripsi berhasil: data/corpus/audio/2374_audio01.wav
2026-05-27 22:30:53,438 | stt | INFO | Transkripsi berhasil: data/corpus/audio/2374_audio02.wav
2026-05-27 22:31:03,569 | stt | INFO | Transkripsi berhasil: data/corpus/audio/2374_audio03.wav
2026-05-27 22:31:13,495 | stt | INFO | Transkripsi berhasil: data/corpus/audio/2374_audio04.wav
2026-05-27 22:31:24,731 | stt | INFO | Transkripsi berhasil: data/corpus/audio/2374_audio05.wav
2026-05-27 22:31:34,020 | stt | INFO | Transkripsi berhasil: data/corpus/audio/2374_audio06.wav
2026-05-27 22:31:43,639 | stt | INFO | Transkripsi berhasil: data/corpus/audio/2374_audio11.wav
2026-05-27 22:31:53,538 | stt | INFO | Transkripsi berhasil: data/corpus/audio/2374_audio13.wav
2026-05-27 22:32:03,359 | stt | INFO | Transkripsi berhasil: data/corpus/audio/2374_audio15.wav
2026-05-27 22:32:13,078 | stt | INFO | Transkripsi berhasil: data/corpus/audio/2374_audio17.wav
2026-05-27 22:32:23,007 | stt | INFO | Transkripsi berhasil: data/corpus/audio/2375_audio01.wav
2026-05-27 22:32:33,055 | stt | INFO | Transkripsi berhasil: data/corpus/audio/2375_audio02.wav
2026-05-27 22:32:43,124 | stt | INFO | Transkripsi berhasil: data/corpus/audio/2375_audio03.wav
2026-05-27 22:32:52,926 | stt | INFO | Transkripsi berhasil: data/corpus/audio/2375_audio04.wav
2026-05-27 22:33:02,786 | stt | INFO | Transkripsi berhasil: data/corpus/audio/2375_audio05.wav
2026-05-27 22:33:12,938 | stt | INFO | Transkripsi berhasil: data/corpus/audio/2375_audio06.wav
2026-05-27 22:33:22,792 | stt | INFO | Transkripsi berhasil: data/corpus/audio/2375_audio08.wav
2026-05-27 22:33:32,333 | stt | INFO | Transkripsi berhasil: data/corpus/audio/2375_audio11.wav
2026-05-27 22:33:42,318 | stt | INFO | Transkripsi berhasil: data/corpus/audio/2375_audio15.wav
2026-05-27 22:33:52,535 | stt | INFO | Transkripsi berhasil: data/corpus/audio/2375_audio18.wav
2026-05-27 22:34:02,568 | stt | INFO | Transkripsi berhasil: data/corpus/audio/2379_audio01.wav
2026-05-27 22:34:12,311 | stt | INFO | Transkripsi berhasil: data/corpus/audio/2379_audio02.wav
2026-05-27 22:34:22,380 | stt | INFO | Transkripsi berhasil: data/corpus/audio/2379_audio03.wav
2026-05-27 22:34:31,837 | stt | INFO | Transkripsi berhasil: data/corpus/audio/2379_audio05.wav
2026-05-27 22:34:41,709 | stt | INFO | Transkripsi berhasil: data/corpus/audio/2379_audio06.wav
2026-05-27 22:34:52,310 | stt | INFO | Transkripsi berhasil: data/corpus/audio/2379_audio07.wav
2026-05-27 22:35:02,293 | stt | INFO | Transkripsi berhasil: data/corpus/audio/2379_audio12.wav
2026-05-27 22:35:12,391 | stt | INFO | Transkripsi berhasil: data/corpus/audio/2379_audio18.wav
2026-05-27 22:35:22,486 | stt | INFO | Transkripsi berhasil: data/corpus/audio/2479_audio04.wav
2026-05-27 22:35:33,517 | stt | INFO | Transkripsi berhasil: data/corpus/audio/2479_audio15.wav
2026-05-27 22:50:04,625 | stt | INFO | Transkripsi berhasil: /home/azani/Kuliah/semester_6/nlp/prak/uas/voice-cs-system/temp/prep_2222_audio1.wav
2026-05-27 22:50:21,976 | stt | INFO | Transkripsi berhasil: /home/azani/Kuliah/semester_6/nlp/prak/uas/voice-cs-system/temp/prep_2222_audio2.wav
2026-05-27 22:50:39,452 | stt | INFO | Transkripsi berhasil: /home/azani/Kuliah/semester_6/nlp/prak/uas/voice-cs-system/temp/prep_2222_audio3.wav
2026-05-27 22:50:56,812 | stt | INFO | Transkripsi berhasil: /home/azani/Kuliah/semester_6/nlp/prak/uas/voice-cs-system/temp/prep_2222_audio4.wav
2026-05-27 22:51:16,988 | stt | INFO | Transkripsi berhasil: /home/azani/Kuliah/semester_6/nlp/prak/uas/voice-cs-system/temp/prep_2222_audio5.wav
2026-05-27 22:51:34,824 | stt | INFO | Transkripsi berhasil: /home/azani/Kuliah/semester_6/nlp/prak/uas/voice-cs-system/temp/prep_2222_audio6.wav
2026-05-27 22:51:53,113 | stt | INFO | Transkripsi berhasil: /home/azani/Kuliah/semester_6/nlp/prak/uas/voice-cs-system/temp/prep_2222_audio7.wav
2026-05-27 22:52:10,857 | stt | INFO | Transkripsi berhasil: /home/azani/Kuliah/semester_6/nlp/prak/uas/voice-cs-system/temp/prep_2222_audio10.wav
2026-05-27 22:52:28,598 | stt | INFO | Transkripsi berhasil: /home/azani/Kuliah/semester_6/nlp/prak/uas/voice-cs-system/temp/prep_2222_audio12.wav
2026-05-27 22:52:46,187 | stt | INFO | Transkripsi berhasil: /home/azani/Kuliah/semester_6/nlp/prak/uas/voice-cs-system/temp/prep_2222_audio14.wav
2026-05-27 22:53:03,986 | stt | INFO | Transkripsi berhasil: /home/azani/Kuliah/semester_6/nlp/prak/uas/voice-cs-system/temp/prep_2301_audio1.wav
2026-05-27 22:53:21,744 | stt | INFO | Transkripsi berhasil: /home/azani/Kuliah/semester_6/nlp/prak/uas/voice-cs-system/temp/prep_2301_audio2.wav
2026-05-27 22:53:39,434 | stt | INFO | Transkripsi berhasil: /home/azani/Kuliah/semester_6/nlp/prak/uas/voice-cs-system/temp/prep_2301_audio3.wav
2026-05-27 22:53:57,018 | stt | INFO | Transkripsi berhasil: /home/azani/Kuliah/semester_6/nlp/prak/uas/voice-cs-system/temp/prep_2301_audio4.wav
2026-05-27 22:54:16,723 | stt | INFO | Transkripsi berhasil: /home/azani/Kuliah/semester_6/nlp/prak/uas/voice-cs-system/temp/prep_2301_audio5.wav
2026-05-27 22:54:34,516 | stt | INFO | Transkripsi berhasil: /home/azani/Kuliah/semester_6/nlp/prak/uas/voice-cs-system/temp/prep_2301_audio6.wav
2026-05-27 22:54:52,289 | stt | INFO | Transkripsi berhasil: /home/azani/Kuliah/semester_6/nlp/prak/uas/voice-cs-system/temp/prep_2301_audio11.wav
2026-05-27 22:55:10,115 | stt | INFO | Transkripsi berhasil: /home/azani/Kuliah/semester_6/nlp/prak/uas/voice-cs-system/temp/prep_2301_audio12.wav
2026-05-27 22:55:27,911 | stt | INFO | Transkripsi berhasil: /home/azani/Kuliah/semester_6/nlp/prak/uas/voice-cs-system/temp/prep_2301_audio14.wav
2026-05-27 22:55:46,206 | stt | INFO | Transkripsi berhasil: /home/azani/Kuliah/semester_6/nlp/prak/uas/voice-cs-system/temp/prep_2301_audio15.wav
2026-05-27 22:56:04,235 | stt | INFO | Transkripsi berhasil: /home/azani/Kuliah/semester_6/nlp/prak/uas/voice-cs-system/temp/prep_2302_audio01.wav
2026-05-27 22:56:22,276 | stt | INFO | Transkripsi berhasil: /home/azani/Kuliah/semester_6/nlp/prak/uas/voice-cs-system/temp/prep_2302_audio02.wav
2026-05-27 22:56:40,069 | stt | INFO | Transkripsi berhasil: /home/azani/Kuliah/semester_6/nlp/prak/uas/voice-cs-system/temp/prep_2302_audio03.wav
2026-05-27 22:56:57,768 | stt | INFO | Transkripsi berhasil: /home/azani/Kuliah/semester_6/nlp/prak/uas/voice-cs-system/temp/prep_2302_audio04.wav
2026-05-27 22:57:17,775 | stt | INFO | Transkripsi berhasil: /home/azani/Kuliah/semester_6/nlp/prak/uas/voice-cs-system/temp/prep_2302_audio05.wav
2026-05-27 22:57:35,580 | stt | INFO | Transkripsi berhasil: /home/azani/Kuliah/semester_6/nlp/prak/uas/voice-cs-system/temp/prep_2302_audio06.wav
2026-05-27 22:57:53,369 | stt | INFO | Transkripsi berhasil: /home/azani/Kuliah/semester_6/nlp/prak/uas/voice-cs-system/temp/prep_2302_audio11.wav
2026-05-27 22:58:11,122 | stt | INFO | Transkripsi berhasil: /home/azani/Kuliah/semester_6/nlp/prak/uas/voice-cs-system/temp/prep_2302_audio14.wav
2026-05-27 22:58:29,518 | stt | INFO | Transkripsi berhasil: /home/azani/Kuliah/semester_6/nlp/prak/uas/voice-cs-system/temp/prep_2302_audio15.wav
2026-05-27 22:58:47,650 | stt | INFO | Transkripsi berhasil: /home/azani/Kuliah/semester_6/nlp/prak/uas/voice-cs-system/temp/prep_2302_audio17.wav
2026-05-27 22:59:05,889 | stt | INFO | Transkripsi berhasil: /home/azani/Kuliah/semester_6/nlp/prak/uas/voice-cs-system/temp/prep_2303_audio01.wav
2026-05-27 22:59:23,863 | stt | INFO | Transkripsi berhasil: /home/azani/Kuliah/semester_6/nlp/prak/uas/voice-cs-system/temp/prep_2303_audio02.wav
2026-05-27 22:59:41,730 | stt | INFO | Transkripsi berhasil: /home/azani/Kuliah/semester_6/nlp/prak/uas/voice-cs-system/temp/prep_2303_audio03.wav
2026-05-27 22:59:59,538 | stt | INFO | Transkripsi berhasil: /home/azani/Kuliah/semester_6/nlp/prak/uas/voice-cs-system/temp/prep_2303_audio04.wav
2026-05-27 23:00:20,221 | stt | INFO | Transkripsi berhasil: /home/azani/Kuliah/semester_6/nlp/prak/uas/voice-cs-system/temp/prep_2303_audio05.wav
2026-05-27 23:00:38,446 | stt | INFO | Transkripsi berhasil: /home/azani/Kuliah/semester_6/nlp/prak/uas/voice-cs-system/temp/prep_2303_audio06.wav
2026-05-27 23:00:57,179 | stt | INFO | Transkripsi berhasil: /home/azani/Kuliah/semester_6/nlp/prak/uas/voice-cs-system/temp/prep_2303_audio07.wav
2026-05-27 23:01:15,332 | stt | INFO | Transkripsi berhasil: /home/azani/Kuliah/semester_6/nlp/prak/uas/voice-cs-system/temp/prep_2303_audio13.wav
2026-05-27 23:01:34,014 | stt | INFO | Transkripsi berhasil: /home/azani/Kuliah/semester_6/nlp/prak/uas/voice-cs-system/temp/prep_2303_audio15.wav
2026-05-27 23:01:52,033 | stt | INFO | Transkripsi berhasil: /home/azani/Kuliah/semester_6/nlp/prak/uas/voice-cs-system/temp/prep_2303_audio19.wav
2026-05-27 23:02:10,202 | stt | INFO | Transkripsi berhasil: /home/azani/Kuliah/semester_6/nlp/prak/uas/voice-cs-system/temp/prep_2304_audio01.wav
2026-05-27 23:02:27,895 | stt | INFO | Transkripsi berhasil: /home/azani/Kuliah/semester_6/nlp/prak/uas/voice-cs-system/temp/prep_2304_audio02.wav
2026-05-27 23:02:45,710 | stt | INFO | Transkripsi berhasil: /home/azani/Kuliah/semester_6/nlp/prak/uas/voice-cs-system/temp/prep_2304_audio03.wav
2026-05-27 23:03:03,393 | stt | INFO | Transkripsi berhasil: /home/azani/Kuliah/semester_6/nlp/prak/uas/voice-cs-system/temp/prep_2304_audio04.wav
2026-05-27 23:03:23,540 | stt | INFO | Transkripsi berhasil: /home/azani/Kuliah/semester_6/nlp/prak/uas/voice-cs-system/temp/prep_2304_audio05.wav
2026-05-27 23:03:41,435 | stt | INFO | Transkripsi berhasil: /home/azani/Kuliah/semester_6/nlp/prak/uas/voice-cs-system/temp/prep_2304_audio06.wav
2026-05-27 23:03:59,600 | stt | INFO | Transkripsi berhasil: /home/azani/Kuliah/semester_6/nlp/prak/uas/voice-cs-system/temp/prep_2304_audio07.wav
2026-05-27 23:04:17,358 | stt | INFO | Transkripsi berhasil: /home/azani/Kuliah/semester_6/nlp/prak/uas/voice-cs-system/temp/prep_2304_audio11.wav
2026-05-27 23:04:35,639 | stt | INFO | Transkripsi berhasil: /home/azani/Kuliah/semester_6/nlp/prak/uas/voice-cs-system/temp/prep_2304_audio15.wav
2026-05-27 23:04:53,622 | stt | INFO | Transkripsi berhasil: /home/azani/Kuliah/semester_6/nlp/prak/uas/voice-cs-system/temp/prep_2304_audio18.wav
2026-05-27 23:05:11,738 | stt | INFO | Transkripsi berhasil: /home/azani/Kuliah/semester_6/nlp/prak/uas/voice-cs-system/temp/prep_2306_Audio01.wav
2026-05-27 23:05:29,764 | stt | INFO | Transkripsi berhasil: /home/azani/Kuliah/semester_6/nlp/prak/uas/voice-cs-system/temp/prep_2306_Audio02.wav
2026-05-27 23:05:47,634 | stt | INFO | Transkripsi berhasil: /home/azani/Kuliah/semester_6/nlp/prak/uas/voice-cs-system/temp/prep_2306_Audio03.wav
2026-05-27 23:06:05,343 | stt | INFO | Transkripsi berhasil: /home/azani/Kuliah/semester_6/nlp/prak/uas/voice-cs-system/temp/prep_2306_Audio04.wav
2026-05-27 23:06:25,240 | stt | INFO | Transkripsi berhasil: /home/azani/Kuliah/semester_6/nlp/prak/uas/voice-cs-system/temp/prep_2306_Audio05.wav
2026-05-27 23:06:43,226 | stt | INFO | Transkripsi berhasil: /home/azani/Kuliah/semester_6/nlp/prak/uas/voice-cs-system/temp/prep_2306_Audio06.wav
2026-05-27 23:07:01,037 | stt | INFO | Transkripsi berhasil: /home/azani/Kuliah/semester_6/nlp/prak/uas/voice-cs-system/temp/prep_2306_Audio11.wav
2026-05-27 23:07:18,823 | stt | INFO | Transkripsi berhasil: /home/azani/Kuliah/semester_6/nlp/prak/uas/voice-cs-system/temp/prep_2306_Audio12.wav
2026-05-27 23:07:36,961 | stt | INFO | Transkripsi berhasil: /home/azani/Kuliah/semester_6/nlp/prak/uas/voice-cs-system/temp/prep_2306_Audio13.wav
2026-05-27 23:07:54,700 | stt | INFO | Transkripsi berhasil: /home/azani/Kuliah/semester_6/nlp/prak/uas/voice-cs-system/temp/prep_2306_Audio14.wav
2026-05-27 23:08:13,037 | stt | INFO | Transkripsi berhasil: /home/azani/Kuliah/semester_6/nlp/prak/uas/voice-cs-system/temp/prep_2306_Audio15.wav
2026-05-27 23:08:31,406 | stt | INFO | Transkripsi berhasil: /home/azani/Kuliah/semester_6/nlp/prak/uas/voice-cs-system/temp/prep_2307_audio01.wav
2026-05-27 23:08:49,589 | stt | INFO | Transkripsi berhasil: /home/azani/Kuliah/semester_6/nlp/prak/uas/voice-cs-system/temp/prep_2307_audio02.wav
2026-05-27 23:09:08,157 | stt | INFO | Transkripsi berhasil: /home/azani/Kuliah/semester_6/nlp/prak/uas/voice-cs-system/temp/prep_2307_audio03.wav
2026-05-27 23:09:25,995 | stt | INFO | Transkripsi berhasil: /home/azani/Kuliah/semester_6/nlp/prak/uas/voice-cs-system/temp/prep_2307_audio04.wav
2026-05-27 23:09:46,498 | stt | INFO | Transkripsi berhasil: /home/azani/Kuliah/semester_6/nlp/prak/uas/voice-cs-system/temp/prep_2307_audio05.wav
2026-05-27 23:10:05,256 | stt | INFO | Transkripsi berhasil: /home/azani/Kuliah/semester_6/nlp/prak/uas/voice-cs-system/temp/prep_2307_audio06.wav
2026-05-27 23:10:24,653 | stt | INFO | Transkripsi berhasil: /home/azani/Kuliah/semester_6/nlp/prak/uas/voice-cs-system/temp/prep_2307_audio07.wav
2026-05-27 23:10:42,753 | stt | INFO | Transkripsi berhasil: /home/azani/Kuliah/semester_6/nlp/prak/uas/voice-cs-system/temp/prep_2307_audio10.wav
2026-05-27 23:11:01,319 | stt | INFO | Transkripsi berhasil: /home/azani/Kuliah/semester_6/nlp/prak/uas/voice-cs-system/temp/prep_2307_audio15.wav
2026-05-27 23:11:19,794 | stt | INFO | Transkripsi berhasil: /home/azani/Kuliah/semester_6/nlp/prak/uas/voice-cs-system/temp/prep_2307_audio17.wav
2026-05-27 23:11:37,994 | stt | INFO | Transkripsi berhasil: /home/azani/Kuliah/semester_6/nlp/prak/uas/voice-cs-system/temp/prep_2308_audio01.wav
2026-05-27 23:11:55,875 | stt | INFO | Transkripsi berhasil: /home/azani/Kuliah/semester_6/nlp/prak/uas/voice-cs-system/temp/prep_2308_audio02.wav
2026-05-27 23:12:13,674 | stt | INFO | Transkripsi berhasil: /home/azani/Kuliah/semester_6/nlp/prak/uas/voice-cs-system/temp/prep_2308_audio03.wav
2026-05-27 23:12:31,306 | stt | INFO | Transkripsi berhasil: /home/azani/Kuliah/semester_6/nlp/prak/uas/voice-cs-system/temp/prep_2308_audio04.wav
2026-05-27 23:12:51,550 | stt | INFO | Transkripsi berhasil: /home/azani/Kuliah/semester_6/nlp/prak/uas/voice-cs-system/temp/prep_2308_audio05.wav
2026-05-27 23:13:09,640 | stt | INFO | Transkripsi berhasil: /home/azani/Kuliah/semester_6/nlp/prak/uas/voice-cs-system/temp/prep_2308_audio06.wav
2026-05-27 23:13:27,543 | stt | INFO | Transkripsi berhasil: /home/azani/Kuliah/semester_6/nlp/prak/uas/voice-cs-system/temp/prep_2308_audio12.wav
2026-05-27 23:13:45,549 | stt | INFO | Transkripsi berhasil: /home/azani/Kuliah/semester_6/nlp/prak/uas/voice-cs-system/temp/prep_2308_audio13.wav
2026-05-27 23:14:03,896 | stt | INFO | Transkripsi berhasil: /home/azani/Kuliah/semester_6/nlp/prak/uas/voice-cs-system/temp/prep_2308_audio15.wav
2026-05-27 23:14:22,028 | stt | INFO | Transkripsi berhasil: /home/azani/Kuliah/semester_6/nlp/prak/uas/voice-cs-system/temp/prep_2308_audio17.wav
2026-05-27 23:14:40,151 | stt | INFO | Transkripsi berhasil: /home/azani/Kuliah/semester_6/nlp/prak/uas/voice-cs-system/temp/prep_2309_audio01.wav
2026-05-27 23:14:58,265 | stt | INFO | Transkripsi berhasil: /home/azani/Kuliah/semester_6/nlp/prak/uas/voice-cs-system/temp/prep_2309_audio02.wav
2026-05-27 23:15:16,532 | stt | INFO | Transkripsi berhasil: /home/azani/Kuliah/semester_6/nlp/prak/uas/voice-cs-system/temp/prep_2309_audio03.wav
2026-05-27 23:15:34,435 | stt | INFO | Transkripsi berhasil: /home/azani/Kuliah/semester_6/nlp/prak/uas/voice-cs-system/temp/prep_2309_audio04.wav
2026-05-27 23:15:55,122 | stt | INFO | Transkripsi berhasil: /home/azani/Kuliah/semester_6/nlp/prak/uas/voice-cs-system/temp/prep_2309_audio05.wav
2026-05-27 23:16:13,017 | stt | INFO | Transkripsi berhasil: /home/azani/Kuliah/semester_6/nlp/prak/uas/voice-cs-system/temp/prep_2309_audio06.wav
2026-05-27 23:16:31,260 | stt | INFO | Transkripsi berhasil: /home/azani/Kuliah/semester_6/nlp/prak/uas/voice-cs-system/temp/prep_2309_audio08.wav
2026-05-27 23:16:49,183 | stt | INFO | Transkripsi berhasil: /home/azani/Kuliah/semester_6/nlp/prak/uas/voice-cs-system/temp/prep_2309_audio12.wav
2026-05-27 23:17:07,639 | stt | INFO | Transkripsi berhasil: /home/azani/Kuliah/semester_6/nlp/prak/uas/voice-cs-system/temp/prep_2309_audio15.wav
2026-05-27 23:17:25,813 | stt | INFO | Transkripsi berhasil: /home/azani/Kuliah/semester_6/nlp/prak/uas/voice-cs-system/temp/prep_2309_audio17.wav
2026-05-27 23:17:44,035 | stt | INFO | Transkripsi berhasil: /home/azani/Kuliah/semester_6/nlp/prak/uas/voice-cs-system/temp/prep_2310_Audio01.wav
2026-05-27 23:18:01,832 | stt | INFO | Transkripsi berhasil: /home/azani/Kuliah/semester_6/nlp/prak/uas/voice-cs-system/temp/prep_2310_Audio02.wav
2026-05-27 23:18:20,153 | stt | INFO | Transkripsi berhasil: /home/azani/Kuliah/semester_6/nlp/prak/uas/voice-cs-system/temp/prep_2310_Audio03.wav
2026-05-27 23:18:37,733 | stt | INFO | Transkripsi berhasil: /home/azani/Kuliah/semester_6/nlp/prak/uas/voice-cs-system/temp/prep_2310_Audio04.wav
2026-05-27 23:18:57,643 | stt | INFO | Transkripsi berhasil: /home/azani/Kuliah/semester_6/nlp/prak/uas/voice-cs-system/temp/prep_2310_Audio05.wav
2026-05-27 23:19:15,393 | stt | INFO | Transkripsi berhasil: /home/azani/Kuliah/semester_6/nlp/prak/uas/voice-cs-system/temp/prep_2310_Audio06.wav
2026-05-27 23:19:33,642 | stt | INFO | Transkripsi berhasil: /home/azani/Kuliah/semester_6/nlp/prak/uas/voice-cs-system/temp/prep_2310_Audio07.wav
2026-05-27 23:19:51,395 | stt | INFO | Transkripsi berhasil: /home/azani/Kuliah/semester_6/nlp/prak/uas/voice-cs-system/temp/prep_2310_Audio11.wav
2026-05-27 23:20:09,028 | stt | INFO | Transkripsi berhasil: /home/azani/Kuliah/semester_6/nlp/prak/uas/voice-cs-system/temp/prep_2310_Audio14.wav
2026-05-27 23:20:49,311 | stt | INFO | Transkripsi berhasil: /home/azani/Kuliah/semester_6/nlp/prak/uas/voice-cs-system/temp/prep_2310_Audio20.wav
2026-05-27 23:21:07,577 | stt | INFO | Transkripsi berhasil: /home/azani/Kuliah/semester_6/nlp/prak/uas/voice-cs-system/temp/prep_2311_audio01.wav
2026-05-27 23:21:25,611 | stt | INFO | Transkripsi berhasil: /home/azani/Kuliah/semester_6/nlp/prak/uas/voice-cs-system/temp/prep_2311_audio02.wav
2026-05-27 23:21:43,587 | stt | INFO | Transkripsi berhasil: /home/azani/Kuliah/semester_6/nlp/prak/uas/voice-cs-system/temp/prep_2311_audio03.wav
2026-05-27 23:22:01,312 | stt | INFO | Transkripsi berhasil: /home/azani/Kuliah/semester_6/nlp/prak/uas/voice-cs-system/temp/prep_2311_audio04.wav
2026-05-27 23:22:21,289 | stt | INFO | Transkripsi berhasil: /home/azani/Kuliah/semester_6/nlp/prak/uas/voice-cs-system/temp/prep_2311_audio05.wav
2026-05-27 23:22:39,250 | stt | INFO | Transkripsi berhasil: /home/azani/Kuliah/semester_6/nlp/prak/uas/voice-cs-system/temp/prep_2311_audio06.wav
2026-05-27 23:22:57,167 | stt | INFO | Transkripsi berhasil: /home/azani/Kuliah/semester_6/nlp/prak/uas/voice-cs-system/temp/prep_2311_audio09.wav
2026-05-27 23:23:15,125 | stt | INFO | Transkripsi berhasil: /home/azani/Kuliah/semester_6/nlp/prak/uas/voice-cs-system/temp/prep_2311_audio12.wav
2026-05-27 23:23:32,860 | stt | INFO | Transkripsi berhasil: /home/azani/Kuliah/semester_6/nlp/prak/uas/voice-cs-system/temp/prep_2311_audio14.wav
2026-05-27 23:23:50,984 | stt | INFO | Transkripsi berhasil: /home/azani/Kuliah/semester_6/nlp/prak/uas/voice-cs-system/temp/prep_2311_audio17.wav
2026-05-27 23:24:09,008 | stt | INFO | Transkripsi berhasil: /home/azani/Kuliah/semester_6/nlp/prak/uas/voice-cs-system/temp/prep_2312_audio1.wav
2026-05-27 23:24:27,003 | stt | INFO | Transkripsi berhasil: /home/azani/Kuliah/semester_6/nlp/prak/uas/voice-cs-system/temp/prep_2312_audio2.wav
2026-05-27 23:24:45,338 | stt | INFO | Transkripsi berhasil: /home/azani/Kuliah/semester_6/nlp/prak/uas/voice-cs-system/temp/prep_2312_audio3.wav
2026-05-27 23:25:03,148 | stt | INFO | Transkripsi berhasil: /home/azani/Kuliah/semester_6/nlp/prak/uas/voice-cs-system/temp/prep_2312_audio4.wav
2026-05-27 23:25:23,396 | stt | INFO | Transkripsi berhasil: /home/azani/Kuliah/semester_6/nlp/prak/uas/voice-cs-system/temp/prep_2312_audio5.wav
2026-05-27 23:25:41,560 | stt | INFO | Transkripsi berhasil: /home/azani/Kuliah/semester_6/nlp/prak/uas/voice-cs-system/temp/prep_2312_audio6.wav
2026-05-27 23:26:00,032 | stt | INFO | Transkripsi berhasil: /home/azani/Kuliah/semester_6/nlp/prak/uas/voice-cs-system/temp/prep_2312_audio7.wav
2026-05-27 23:26:17,959 | stt | INFO | Transkripsi berhasil: /home/azani/Kuliah/semester_6/nlp/prak/uas/voice-cs-system/temp/prep_2312_audio11.wav
2026-05-27 23:26:36,373 | stt | INFO | Transkripsi berhasil: /home/azani/Kuliah/semester_6/nlp/prak/uas/voice-cs-system/temp/prep_2312_audio15.wav
2026-05-27 23:26:54,335 | stt | INFO | Transkripsi berhasil: /home/azani/Kuliah/semester_6/nlp/prak/uas/voice-cs-system/temp/prep_2312_audio19.wav
2026-05-27 23:27:12,431 | stt | INFO | Transkripsi berhasil: /home/azani/Kuliah/semester_6/nlp/prak/uas/voice-cs-system/temp/prep_2312_audio20.wav
2026-05-27 23:27:30,486 | stt | INFO | Transkripsi berhasil: /home/azani/Kuliah/semester_6/nlp/prak/uas/voice-cs-system/temp/prep_2318_audio01.wav
2026-05-27 23:27:48,444 | stt | INFO | Transkripsi berhasil: /home/azani/Kuliah/semester_6/nlp/prak/uas/voice-cs-system/temp/prep_2318_audio02.wav
2026-05-27 23:28:06,701 | stt | INFO | Transkripsi berhasil: /home/azani/Kuliah/semester_6/nlp/prak/uas/voice-cs-system/temp/prep_2318_audio03.wav
2026-05-27 23:28:24,428 | stt | INFO | Transkripsi berhasil: /home/azani/Kuliah/semester_6/nlp/prak/uas/voice-cs-system/temp/prep_2318_audio04.wav
2026-05-27 23:28:44,596 | stt | INFO | Transkripsi berhasil: /home/azani/Kuliah/semester_6/nlp/prak/uas/voice-cs-system/temp/prep_2318_audio05.wav
2026-05-27 23:29:02,467 | stt | INFO | Transkripsi berhasil: /home/azani/Kuliah/semester_6/nlp/prak/uas/voice-cs-system/temp/prep_2318_audio06.wav
2026-05-27 23:29:20,364 | stt | INFO | Transkripsi berhasil: /home/azani/Kuliah/semester_6/nlp/prak/uas/voice-cs-system/temp/prep_2318_audio09.wav
2026-05-27 23:29:38,190 | stt | INFO | Transkripsi berhasil: /home/azani/Kuliah/semester_6/nlp/prak/uas/voice-cs-system/temp/prep_2318_audio10.wav
2026-05-27 23:29:56,232 | stt | INFO | Transkripsi berhasil: /home/azani/Kuliah/semester_6/nlp/prak/uas/voice-cs-system/temp/prep_2318_audio13.wav
2026-05-27 23:30:14,034 | stt | INFO | Transkripsi berhasil: /home/azani/Kuliah/semester_6/nlp/prak/uas/voice-cs-system/temp/prep_2318_audio19.wav
2026-05-27 23:30:32,251 | stt | INFO | Transkripsi berhasil: /home/azani/Kuliah/semester_6/nlp/prak/uas/voice-cs-system/temp/prep_2319_Audio1.wav
2026-05-27 23:30:50,012 | stt | INFO | Transkripsi berhasil: /home/azani/Kuliah/semester_6/nlp/prak/uas/voice-cs-system/temp/prep_2319_Audio2.wav
2026-05-27 23:31:07,933 | stt | INFO | Transkripsi berhasil: /home/azani/Kuliah/semester_6/nlp/prak/uas/voice-cs-system/temp/prep_2319_Audio3.wav
2026-05-27 23:31:25,739 | stt | INFO | Transkripsi berhasil: /home/azani/Kuliah/semester_6/nlp/prak/uas/voice-cs-system/temp/prep_2319_Audio4.wav
2026-05-27 23:31:45,427 | stt | INFO | Transkripsi berhasil: /home/azani/Kuliah/semester_6/nlp/prak/uas/voice-cs-system/temp/prep_2319_Audio5.wav
2026-05-27 23:32:03,272 | stt | INFO | Transkripsi berhasil: /home/azani/Kuliah/semester_6/nlp/prak/uas/voice-cs-system/temp/prep_2319_Audio6.wav
2026-05-27 23:32:21,176 | stt | INFO | Transkripsi berhasil: /home/azani/Kuliah/semester_6/nlp/prak/uas/voice-cs-system/temp/prep_2319_Audio10.wav
2026-05-27 23:32:39,093 | stt | INFO | Transkripsi berhasil: /home/azani/Kuliah/semester_6/nlp/prak/uas/voice-cs-system/temp/prep_2319_Audio13.wav
2026-05-27 23:32:57,253 | stt | INFO | Transkripsi berhasil: /home/azani/Kuliah/semester_6/nlp/prak/uas/voice-cs-system/temp/prep_2319_Audio16.wav
2026-05-27 23:33:15,172 | stt | INFO | Transkripsi berhasil: /home/azani/Kuliah/semester_6/nlp/prak/uas/voice-cs-system/temp/prep_2319_Audio19.wav
2026-05-27 23:33:33,261 | stt | INFO | Transkripsi berhasil: /home/azani/Kuliah/semester_6/nlp/prak/uas/voice-cs-system/temp/prep_2323_audio01.wav
2026-05-27 23:33:51,091 | stt | INFO | Transkripsi berhasil: /home/azani/Kuliah/semester_6/nlp/prak/uas/voice-cs-system/temp/prep_2323_audio02.wav
2026-05-27 23:34:08,896 | stt | INFO | Transkripsi berhasil: /home/azani/Kuliah/semester_6/nlp/prak/uas/voice-cs-system/temp/prep_2323_audio03.wav
2026-05-27 23:34:26,476 | stt | INFO | Transkripsi berhasil: /home/azani/Kuliah/semester_6/nlp/prak/uas/voice-cs-system/temp/prep_2323_audio04.wav
2026-05-27 23:34:46,742 | stt | INFO | Transkripsi berhasil: /home/azani/Kuliah/semester_6/nlp/prak/uas/voice-cs-system/temp/prep_2323_audio05.wav
2026-05-27 23:35:04,600 | stt | INFO | Transkripsi berhasil: /home/azani/Kuliah/semester_6/nlp/prak/uas/voice-cs-system/temp/prep_2323_audio06.wav
2026-05-27 23:35:27,347 | stt | INFO | Transkripsi berhasil: /home/azani/Kuliah/semester_6/nlp/prak/uas/voice-cs-system/temp/prep_2323_audio13.wav
2026-05-27 23:35:49,934 | stt | INFO | Transkripsi berhasil: /home/azani/Kuliah/semester_6/nlp/prak/uas/voice-cs-system/temp/prep_2323_audio14.wav
2026-05-27 23:36:11,662 | stt | INFO | Transkripsi berhasil: /home/azani/Kuliah/semester_6/nlp/prak/uas/voice-cs-system/temp/prep_2323_audio15.wav
2026-05-27 23:36:33,367 | stt | INFO | Transkripsi berhasil: /home/azani/Kuliah/semester_6/nlp/prak/uas/voice-cs-system/temp/prep_2323_audio16.wav
2026-05-27 23:36:54,562 | stt | INFO | Transkripsi berhasil: /home/azani/Kuliah/semester_6/nlp/prak/uas/voice-cs-system/temp/prep_2323_audio18.wav
2026-05-27 23:37:16,083 | stt | INFO | Transkripsi berhasil: /home/azani/Kuliah/semester_6/nlp/prak/uas/voice-cs-system/temp/prep_2325_audio1.wav
2026-05-27 23:37:37,445 | stt | INFO | Transkripsi berhasil: /home/azani/Kuliah/semester_6/nlp/prak/uas/voice-cs-system/temp/prep_2325_audio2.wav
2026-05-27 23:37:58,557 | stt | INFO | Transkripsi berhasil: /home/azani/Kuliah/semester_6/nlp/prak/uas/voice-cs-system/temp/prep_2325_audio3.wav
2026-05-27 23:38:19,877 | stt | INFO | Transkripsi berhasil: /home/azani/Kuliah/semester_6/nlp/prak/uas/voice-cs-system/temp/prep_2325_audio4.wav
2026-05-27 23:38:44,283 | stt | INFO | Transkripsi berhasil: /home/azani/Kuliah/semester_6/nlp/prak/uas/voice-cs-system/temp/prep_2325_audio5.wav
2026-05-27 23:39:05,673 | stt | INFO | Transkripsi berhasil: /home/azani/Kuliah/semester_6/nlp/prak/uas/voice-cs-system/temp/prep_2325_audio6.wav
2026-05-27 23:39:27,575 | stt | INFO | Transkripsi berhasil: /home/azani/Kuliah/semester_6/nlp/prak/uas/voice-cs-system/temp/prep_2325_audio7.wav
2026-05-27 23:39:48,899 | stt | INFO | Transkripsi berhasil: /home/azani/Kuliah/semester_6/nlp/prak/uas/voice-cs-system/temp/prep_2325_audio8.wav
2026-05-27 23:40:09,932 | stt | INFO | Transkripsi berhasil: /home/azani/Kuliah/semester_6/nlp/prak/uas/voice-cs-system/temp/prep_2325_audio9.wav
2026-05-27 23:40:31,724 | stt | INFO | Transkripsi berhasil: /home/azani/Kuliah/semester_6/nlp/prak/uas/voice-cs-system/temp/prep_2325_audio10.wav
2026-05-27 23:40:53,668 | stt | INFO | Transkripsi berhasil: /home/azani/Kuliah/semester_6/nlp/prak/uas/voice-cs-system/temp/prep_2326_audio01.wav
2026-05-27 23:41:15,164 | stt | INFO | Transkripsi berhasil: /home/azani/Kuliah/semester_6/nlp/prak/uas/voice-cs-system/temp/prep_2326_audio02.wav
2026-05-27 23:41:36,702 | stt | INFO | Transkripsi berhasil: /home/azani/Kuliah/semester_6/nlp/prak/uas/voice-cs-system/temp/prep_2326_audio03.wav
2026-05-27 23:41:57,777 | stt | INFO | Transkripsi berhasil: /home/azani/Kuliah/semester_6/nlp/prak/uas/voice-cs-system/temp/prep_2326_audio04.wav
2026-05-27 23:42:21,993 | stt | INFO | Transkripsi berhasil: /home/azani/Kuliah/semester_6/nlp/prak/uas/voice-cs-system/temp/prep_2326_audio05.wav
2026-05-27 23:42:43,449 | stt | INFO | Transkripsi berhasil: /home/azani/Kuliah/semester_6/nlp/prak/uas/voice-cs-system/temp/prep_2326_audio06.wav
2026-05-27 23:43:05,331 | stt | INFO | Transkripsi berhasil: /home/azani/Kuliah/semester_6/nlp/prak/uas/voice-cs-system/temp/prep_2326_audio07.wav
2026-05-27 23:43:26,789 | stt | INFO | Transkripsi berhasil: /home/azani/Kuliah/semester_6/nlp/prak/uas/voice-cs-system/temp/prep_2326_audio11.wav
2026-05-27 23:43:48,292 | stt | INFO | Transkripsi berhasil: /home/azani/Kuliah/semester_6/nlp/prak/uas/voice-cs-system/temp/prep_2326_audio13.wav
2026-05-27 23:44:09,983 | stt | INFO | Transkripsi berhasil: /home/azani/Kuliah/semester_6/nlp/prak/uas/voice-cs-system/temp/prep_2326_audio17.wav
2026-05-27 23:44:31,621 | stt | INFO | Transkripsi berhasil: /home/azani/Kuliah/semester_6/nlp/prak/uas/voice-cs-system/temp/prep_2330_audio01.wav
2026-05-27 23:44:52,909 | stt | INFO | Transkripsi berhasil: /home/azani/Kuliah/semester_6/nlp/prak/uas/voice-cs-system/temp/prep_2330_audio02.wav
2026-05-27 23:45:14,392 | stt | INFO | Transkripsi berhasil: /home/azani/Kuliah/semester_6/nlp/prak/uas/voice-cs-system/temp/prep_2330_audio03.wav
2026-05-27 23:45:36,073 | stt | INFO | Transkripsi berhasil: /home/azani/Kuliah/semester_6/nlp/prak/uas/voice-cs-system/temp/prep_2330_audio04.wav
2026-05-27 23:46:00,315 | stt | INFO | Transkripsi berhasil: /home/azani/Kuliah/semester_6/nlp/prak/uas/voice-cs-system/temp/prep_2330_audio05.wav
2026-05-27 23:46:21,977 | stt | INFO | Transkripsi berhasil: /home/azani/Kuliah/semester_6/nlp/prak/uas/voice-cs-system/temp/prep_2330_audio06.wav
2026-05-27 23:46:44,005 | stt | INFO | Transkripsi berhasil: /home/azani/Kuliah/semester_6/nlp/prak/uas/voice-cs-system/temp/prep_2330_audio07.wav
2026-05-27 23:47:05,356 | stt | INFO | Transkripsi berhasil: /home/azani/Kuliah/semester_6/nlp/prak/uas/voice-cs-system/temp/prep_2330_audio12.wav
2026-05-27 23:47:26,403 | stt | INFO | Transkripsi berhasil: /home/azani/Kuliah/semester_6/nlp/prak/uas/voice-cs-system/temp/prep_2330_audio14.wav
2026-05-27 23:47:48,410 | stt | INFO | Transkripsi berhasil: /home/azani/Kuliah/semester_6/nlp/prak/uas/voice-cs-system/temp/prep_2330_audio15.wav
2026-05-27 23:48:10,352 | stt | INFO | Transkripsi berhasil: /home/azani/Kuliah/semester_6/nlp/prak/uas/voice-cs-system/temp/prep_2330_audio17.wav
2026-05-27 23:48:31,962 | stt | INFO | Transkripsi berhasil: /home/azani/Kuliah/semester_6/nlp/prak/uas/voice-cs-system/temp/prep_2331_audio01.wav
2026-05-27 23:48:53,440 | stt | INFO | Transkripsi berhasil: /home/azani/Kuliah/semester_6/nlp/prak/uas/voice-cs-system/temp/prep_2331_audio02.wav
2026-05-27 23:49:14,766 | stt | INFO | Transkripsi berhasil: /home/azani/Kuliah/semester_6/nlp/prak/uas/voice-cs-system/temp/prep_2331_audio03.wav
2026-05-27 23:49:35,877 | stt | INFO | Transkripsi berhasil: /home/azani/Kuliah/semester_6/nlp/prak/uas/voice-cs-system/temp/prep_2331_audio04.wav
2026-05-27 23:49:59,413 | stt | INFO | Transkripsi berhasil: /home/azani/Kuliah/semester_6/nlp/prak/uas/voice-cs-system/temp/prep_2331_audio05.wav
2026-05-27 23:50:20,918 | stt | INFO | Transkripsi berhasil: /home/azani/Kuliah/semester_6/nlp/prak/uas/voice-cs-system/temp/prep_2331_audio06.wav
2026-05-27 23:50:42,556 | stt | INFO | Transkripsi berhasil: /home/azani/Kuliah/semester_6/nlp/prak/uas/voice-cs-system/temp/prep_2331_audio10.wav
2026-05-27 23:51:03,884 | stt | INFO | Transkripsi berhasil: /home/azani/Kuliah/semester_6/nlp/prak/uas/voice-cs-system/temp/prep_2331_audio12.wav
2026-05-27 23:51:25,899 | stt | INFO | Transkripsi berhasil: /home/azani/Kuliah/semester_6/nlp/prak/uas/voice-cs-system/temp/prep_2331_audio15.wav
2026-05-27 23:51:47,718 | stt | INFO | Transkripsi berhasil: /home/azani/Kuliah/semester_6/nlp/prak/uas/voice-cs-system/temp/prep_2331_audio17.wav
2026-05-27 23:52:09,541 | stt | INFO | Transkripsi berhasil: /home/azani/Kuliah/semester_6/nlp/prak/uas/voice-cs-system/temp/prep_2334_audio01.wav
2026-05-27 23:52:30,882 | stt | INFO | Transkripsi berhasil: /home/azani/Kuliah/semester_6/nlp/prak/uas/voice-cs-system/temp/prep_2334_audio02.wav
2026-05-27 23:52:52,111 | stt | INFO | Transkripsi berhasil: /home/azani/Kuliah/semester_6/nlp/prak/uas/voice-cs-system/temp/prep_2334_audio03.wav
2026-05-27 23:53:13,482 | stt | INFO | Transkripsi berhasil: /home/azani/Kuliah/semester_6/nlp/prak/uas/voice-cs-system/temp/prep_2334_audio04.wav
2026-05-27 23:53:37,387 | stt | INFO | Transkripsi berhasil: /home/azani/Kuliah/semester_6/nlp/prak/uas/voice-cs-system/temp/prep_2334_audio05.wav
2026-05-27 23:53:58,734 | stt | INFO | Transkripsi berhasil: /home/azani/Kuliah/semester_6/nlp/prak/uas/voice-cs-system/temp/prep_2334_audio06.wav
2026-05-27 23:54:20,804 | stt | INFO | Transkripsi berhasil: /home/azani/Kuliah/semester_6/nlp/prak/uas/voice-cs-system/temp/prep_2334_audio07.wav
2026-05-27 23:54:42,089 | stt | INFO | Transkripsi berhasil: /home/azani/Kuliah/semester_6/nlp/prak/uas/voice-cs-system/temp/prep_2334_audio08.wav
2026-05-27 23:55:03,131 | stt | INFO | Transkripsi berhasil: /home/azani/Kuliah/semester_6/nlp/prak/uas/voice-cs-system/temp/prep_2334_audio09.wav
2026-05-27 23:55:25,161 | stt | INFO | Transkripsi berhasil: /home/azani/Kuliah/semester_6/nlp/prak/uas/voice-cs-system/temp/prep_2334_audio10.wav
2026-05-27 23:55:46,817 | stt | INFO | Transkripsi berhasil: /home/azani/Kuliah/semester_6/nlp/prak/uas/voice-cs-system/temp/prep_2337_audio01.wav
2026-05-27 23:56:08,467 | stt | INFO | Transkripsi berhasil: /home/azani/Kuliah/semester_6/nlp/prak/uas/voice-cs-system/temp/prep_2337_audio02.wav
2026-05-27 23:56:30,139 | stt | INFO | Transkripsi berhasil: /home/azani/Kuliah/semester_6/nlp/prak/uas/voice-cs-system/temp/prep_2337_audio03.wav
2026-05-27 23:56:51,339 | stt | INFO | Transkripsi berhasil: /home/azani/Kuliah/semester_6/nlp/prak/uas/voice-cs-system/temp/prep_2337_audio04.wav
2026-05-27 23:57:15,401 | stt | INFO | Transkripsi berhasil: /home/azani/Kuliah/semester_6/nlp/prak/uas/voice-cs-system/temp/prep_2337_audio05.wav
2026-05-27 23:57:36,998 | stt | INFO | Transkripsi berhasil: /home/azani/Kuliah/semester_6/nlp/prak/uas/voice-cs-system/temp/prep_2337_audio06.wav
2026-05-27 23:57:58,968 | stt | INFO | Transkripsi berhasil: /home/azani/Kuliah/semester_6/nlp/prak/uas/voice-cs-system/temp/prep_2337_audio07.wav
2026-05-27 23:58:20,755 | stt | INFO | Transkripsi berhasil: /home/azani/Kuliah/semester_6/nlp/prak/uas/voice-cs-system/temp/prep_2337_audio13.wav
2026-05-27 23:58:41,903 | stt | INFO | Transkripsi berhasil: /home/azani/Kuliah/semester_6/nlp/prak/uas/voice-cs-system/temp/prep_2337_audio14.wav
2026-05-27 23:59:03,255 | stt | INFO | Transkripsi berhasil: /home/azani/Kuliah/semester_6/nlp/prak/uas/voice-cs-system/temp/prep_2337_audio18.wav
2026-05-27 23:59:24,767 | stt | INFO | Transkripsi berhasil: /home/azani/Kuliah/semester_6/nlp/prak/uas/voice-cs-system/temp/prep_2338_audio01.wav
2026-05-27 23:59:46,114 | stt | INFO | Transkripsi berhasil: /home/azani/Kuliah/semester_6/nlp/prak/uas/voice-cs-system/temp/prep_2338_audio02.wav
2026-05-28 00:00:07,739 | stt | INFO | Transkripsi berhasil: /home/azani/Kuliah/semester_6/nlp/prak/uas/voice-cs-system/temp/prep_2338_audio03.wav
2026-05-28 00:00:29,105 | stt | INFO | Transkripsi berhasil: /home/azani/Kuliah/semester_6/nlp/prak/uas/voice-cs-system/temp/prep_2338_audio04.wav
2026-05-28 00:00:53,284 | stt | INFO | Transkripsi berhasil: /home/azani/Kuliah/semester_6/nlp/prak/uas/voice-cs-system/temp/prep_2338_audio05.wav
2026-05-28 00:01:14,967 | stt | INFO | Transkripsi berhasil: /home/azani/Kuliah/semester_6/nlp/prak/uas/voice-cs-system/temp/prep_2338_audio06.wav
2026-05-28 00:01:36,232 | stt | INFO | Transkripsi berhasil: /home/azani/Kuliah/semester_6/nlp/prak/uas/voice-cs-system/temp/prep_2338_audio12.wav
2026-05-28 00:01:57,751 | stt | INFO | Transkripsi berhasil: /home/azani/Kuliah/semester_6/nlp/prak/uas/voice-cs-system/temp/prep_2338_audio13.wav
2026-05-28 00:02:19,673 | stt | INFO | Transkripsi berhasil: /home/azani/Kuliah/semester_6/nlp/prak/uas/voice-cs-system/temp/prep_2338_audio15.wav
2026-05-28 00:02:41,265 | stt | INFO | Transkripsi berhasil: /home/azani/Kuliah/semester_6/nlp/prak/uas/voice-cs-system/temp/prep_2338_audio17.wav
2026-05-28 00:03:02,909 | stt | INFO | Transkripsi berhasil: /home/azani/Kuliah/semester_6/nlp/prak/uas/voice-cs-system/temp/prep_2341_audio01.wav
2026-05-28 00:03:24,776 | stt | INFO | Transkripsi berhasil: /home/azani/Kuliah/semester_6/nlp/prak/uas/voice-cs-system/temp/prep_2341_audio01(1).wav
2026-05-28 00:03:46,318 | stt | INFO | Transkripsi berhasil: /home/azani/Kuliah/semester_6/nlp/prak/uas/voice-cs-system/temp/prep_2341_audio02.wav
2026-05-28 00:04:07,877 | stt | INFO | Transkripsi berhasil: /home/azani/Kuliah/semester_6/nlp/prak/uas/voice-cs-system/temp/prep_2341_audio02(1).wav
2026-05-28 00:04:29,693 | stt | INFO | Transkripsi berhasil: /home/azani/Kuliah/semester_6/nlp/prak/uas/voice-cs-system/temp/prep_2341_audio03.wav
2026-05-28 00:04:51,556 | stt | INFO | Transkripsi berhasil: /home/azani/Kuliah/semester_6/nlp/prak/uas/voice-cs-system/temp/prep_2341_audio03(1).wav
2026-05-28 00:05:12,567 | stt | INFO | Transkripsi berhasil: /home/azani/Kuliah/semester_6/nlp/prak/uas/voice-cs-system/temp/prep_2341_audio04.wav
2026-05-28 00:05:34,212 | stt | INFO | Transkripsi berhasil: /home/azani/Kuliah/semester_6/nlp/prak/uas/voice-cs-system/temp/prep_2341_audio04(1).wav
2026-05-28 00:05:57,885 | stt | INFO | Transkripsi berhasil: /home/azani/Kuliah/semester_6/nlp/prak/uas/voice-cs-system/temp/prep_2341_audio05.wav
2026-05-28 00:06:22,086 | stt | INFO | Transkripsi berhasil: /home/azani/Kuliah/semester_6/nlp/prak/uas/voice-cs-system/temp/prep_2341_audio05(1).wav
2026-05-28 00:06:43,528 | stt | INFO | Transkripsi berhasil: /home/azani/Kuliah/semester_6/nlp/prak/uas/voice-cs-system/temp/prep_2341_audio06.wav
2026-05-28 00:07:04,951 | stt | INFO | Transkripsi berhasil: /home/azani/Kuliah/semester_6/nlp/prak/uas/voice-cs-system/temp/prep_2341_audio06(1).wav
2026-05-28 00:07:26,804 | stt | INFO | Transkripsi berhasil: /home/azani/Kuliah/semester_6/nlp/prak/uas/voice-cs-system/temp/prep_2341_audio07.wav
2026-05-28 00:07:48,712 | stt | INFO | Transkripsi berhasil: /home/azani/Kuliah/semester_6/nlp/prak/uas/voice-cs-system/temp/prep_2341_audio07(1).wav
2026-05-28 00:08:10,215 | stt | INFO | Transkripsi berhasil: /home/azani/Kuliah/semester_6/nlp/prak/uas/voice-cs-system/temp/prep_2341_audio08.wav
2026-05-28 00:08:31,578 | stt | INFO | Transkripsi berhasil: /home/azani/Kuliah/semester_6/nlp/prak/uas/voice-cs-system/temp/prep_2341_audio08(1).wav
2026-05-28 00:08:52,732 | stt | INFO | Transkripsi berhasil: /home/azani/Kuliah/semester_6/nlp/prak/uas/voice-cs-system/temp/prep_2341_audio09.wav
2026-05-28 00:09:13,764 | stt | INFO | Transkripsi berhasil: /home/azani/Kuliah/semester_6/nlp/prak/uas/voice-cs-system/temp/prep_2341_audio09(1).wav
2026-05-28 00:09:35,361 | stt | INFO | Transkripsi berhasil: /home/azani/Kuliah/semester_6/nlp/prak/uas/voice-cs-system/temp/prep_2341_audio10.wav
2026-05-28 00:09:56,859 | stt | INFO | Transkripsi berhasil: /home/azani/Kuliah/semester_6/nlp/prak/uas/voice-cs-system/temp/prep_2341_audio10(1).wav
2026-05-28 00:10:18,537 | stt | INFO | Transkripsi berhasil: /home/azani/Kuliah/semester_6/nlp/prak/uas/voice-cs-system/temp/prep_2342_audio01.wav
2026-05-28 00:10:40,209 | stt | INFO | Transkripsi berhasil: /home/azani/Kuliah/semester_6/nlp/prak/uas/voice-cs-system/temp/prep_2342_audio02.wav
2026-05-28 00:11:01,608 | stt | INFO | Transkripsi berhasil: /home/azani/Kuliah/semester_6/nlp/prak/uas/voice-cs-system/temp/prep_2342_audio03.wav
2026-05-28 00:11:22,897 | stt | INFO | Transkripsi berhasil: /home/azani/Kuliah/semester_6/nlp/prak/uas/voice-cs-system/temp/prep_2342_audio04.wav
2026-05-28 00:11:47,632 | stt | INFO | Transkripsi berhasil: /home/azani/Kuliah/semester_6/nlp/prak/uas/voice-cs-system/temp/prep_2342_audio05.wav
2026-05-28 00:12:09,020 | stt | INFO | Transkripsi berhasil: /home/azani/Kuliah/semester_6/nlp/prak/uas/voice-cs-system/temp/prep_2342_audio06.wav
2026-05-28 00:12:30,471 | stt | INFO | Transkripsi berhasil: /home/azani/Kuliah/semester_6/nlp/prak/uas/voice-cs-system/temp/prep_2342_audio10.wav
2026-05-28 00:12:52,201 | stt | INFO | Transkripsi berhasil: /home/azani/Kuliah/semester_6/nlp/prak/uas/voice-cs-system/temp/prep_2342_audio11.wav
2026-05-28 00:13:13,298 | stt | INFO | Transkripsi berhasil: /home/azani/Kuliah/semester_6/nlp/prak/uas/voice-cs-system/temp/prep_2342_audio14.wav
2026-05-28 00:13:34,636 | stt | INFO | Transkripsi berhasil: /home/azani/Kuliah/semester_6/nlp/prak/uas/voice-cs-system/temp/prep_2342_audio19.wav
2026-05-28 00:13:56,465 | stt | INFO | Transkripsi berhasil: /home/azani/Kuliah/semester_6/nlp/prak/uas/voice-cs-system/temp/prep_2343_audio1.wav
2026-05-28 00:14:17,671 | stt | INFO | Transkripsi berhasil: /home/azani/Kuliah/semester_6/nlp/prak/uas/voice-cs-system/temp/prep_2343_audio2.wav
2026-05-28 00:14:38,836 | stt | INFO | Transkripsi berhasil: /home/azani/Kuliah/semester_6/nlp/prak/uas/voice-cs-system/temp/prep_2343_audio3.wav
2026-05-28 00:14:59,987 | stt | INFO | Transkripsi berhasil: /home/azani/Kuliah/semester_6/nlp/prak/uas/voice-cs-system/temp/prep_2343_audio4.wav
2026-05-28 00:15:24,077 | stt | INFO | Transkripsi berhasil: /home/azani/Kuliah/semester_6/nlp/prak/uas/voice-cs-system/temp/prep_2343_audio5.wav
2026-05-28 00:15:45,557 | stt | INFO | Transkripsi berhasil: /home/azani/Kuliah/semester_6/nlp/prak/uas/voice-cs-system/temp/prep_2343_audio6.wav
2026-05-28 00:16:06,898 | stt | INFO | Transkripsi berhasil: /home/azani/Kuliah/semester_6/nlp/prak/uas/voice-cs-system/temp/prep_2343_audio12.wav
2026-05-28 00:16:28,204 | stt | INFO | Transkripsi berhasil: /home/azani/Kuliah/semester_6/nlp/prak/uas/voice-cs-system/temp/prep_2343_audio14.wav
2026-05-28 00:16:49,966 | stt | INFO | Transkripsi berhasil: /home/azani/Kuliah/semester_6/nlp/prak/uas/voice-cs-system/temp/prep_2343_audio16.wav
2026-05-28 00:17:11,289 | stt | INFO | Transkripsi berhasil: /home/azani/Kuliah/semester_6/nlp/prak/uas/voice-cs-system/temp/prep_2343_audio18.wav
2026-05-28 00:17:32,876 | stt | INFO | Transkripsi berhasil: /home/azani/Kuliah/semester_6/nlp/prak/uas/voice-cs-system/temp/prep_2344_audio1.m4a.wav
2026-05-28 00:17:54,146 | stt | INFO | Transkripsi berhasil: /home/azani/Kuliah/semester_6/nlp/prak/uas/voice-cs-system/temp/prep_2344_audio2.m4a.wav
2026-05-28 00:18:16,450 | stt | INFO | Transkripsi berhasil: /home/azani/Kuliah/semester_6/nlp/prak/uas/voice-cs-system/temp/prep_2344_audio3.m4a.wav
2026-05-28 00:18:37,618 | stt | INFO | Transkripsi berhasil: /home/azani/Kuliah/semester_6/nlp/prak/uas/voice-cs-system/temp/prep_2344_audio4.wav
2026-05-28 00:19:01,437 | stt | INFO | Transkripsi berhasil: /home/azani/Kuliah/semester_6/nlp/prak/uas/voice-cs-system/temp/prep_2344_audio5.m4a.wav
2026-05-28 00:19:23,212 | stt | INFO | Transkripsi berhasil: /home/azani/Kuliah/semester_6/nlp/prak/uas/voice-cs-system/temp/prep_2344_audio6.m4a.wav
2026-05-28 00:19:46,129 | stt | INFO | Transkripsi berhasil: /home/azani/Kuliah/semester_6/nlp/prak/uas/voice-cs-system/temp/prep_2344_audio10.m4a.wav
2026-05-28 00:20:07,847 | stt | INFO | Transkripsi berhasil: /home/azani/Kuliah/semester_6/nlp/prak/uas/voice-cs-system/temp/prep_2344_audio13.wav
2026-05-28 00:20:29,911 | stt | INFO | Transkripsi berhasil: /home/azani/Kuliah/semester_6/nlp/prak/uas/voice-cs-system/temp/prep_2344_audio17.wav
2026-05-28 00:20:51,638 | stt | INFO | Transkripsi berhasil: /home/azani/Kuliah/semester_6/nlp/prak/uas/voice-cs-system/temp/prep_2344_audio20.m4a.wav
2026-05-28 00:21:13,386 | stt | INFO | Transkripsi berhasil: /home/azani/Kuliah/semester_6/nlp/prak/uas/voice-cs-system/temp/prep_2345_audio01.wav
2026-05-28 00:21:34,970 | stt | INFO | Transkripsi berhasil: /home/azani/Kuliah/semester_6/nlp/prak/uas/voice-cs-system/temp/prep_2345_audio02.wav
2026-05-28 00:21:57,406 | stt | INFO | Transkripsi berhasil: /home/azani/Kuliah/semester_6/nlp/prak/uas/voice-cs-system/temp/prep_2345_audio03.wav
2026-05-28 00:22:18,504 | stt | INFO | Transkripsi berhasil: /home/azani/Kuliah/semester_6/nlp/prak/uas/voice-cs-system/temp/prep_2345_audio04.wav
2026-05-28 00:22:42,584 | stt | INFO | Transkripsi berhasil: /home/azani/Kuliah/semester_6/nlp/prak/uas/voice-cs-system/temp/prep_2345_audio05.wav
2026-05-28 00:23:04,174 | stt | INFO | Transkripsi berhasil: /home/azani/Kuliah/semester_6/nlp/prak/uas/voice-cs-system/temp/prep_2345_audio06.wav
2026-05-28 00:23:26,400 | stt | INFO | Transkripsi berhasil: /home/azani/Kuliah/semester_6/nlp/prak/uas/voice-cs-system/temp/prep_2345_audio07.wav
2026-05-28 00:23:47,660 | stt | INFO | Transkripsi berhasil: /home/azani/Kuliah/semester_6/nlp/prak/uas/voice-cs-system/temp/prep_2345_audio08.wav
2026-05-28 00:24:08,958 | stt | INFO | Transkripsi berhasil: /home/azani/Kuliah/semester_6/nlp/prak/uas/voice-cs-system/temp/prep_2345_audio09.wav
2026-05-28 00:24:30,327 | stt | INFO | Transkripsi berhasil: /home/azani/Kuliah/semester_6/nlp/prak/uas/voice-cs-system/temp/prep_2345_audio10.wav
2026-05-28 00:24:51,765 | stt | INFO | Transkripsi berhasil: /home/azani/Kuliah/semester_6/nlp/prak/uas/voice-cs-system/temp/prep_2345_audio11.wav
2026-05-28 00:25:12,915 | stt | INFO | Transkripsi berhasil: /home/azani/Kuliah/semester_6/nlp/prak/uas/voice-cs-system/temp/prep_2345_audio12.wav
2026-05-28 00:25:35,333 | stt | INFO | Transkripsi berhasil: /home/azani/Kuliah/semester_6/nlp/prak/uas/voice-cs-system/temp/prep_2345_audio13.wav
2026-05-28 00:25:57,255 | stt | INFO | Transkripsi berhasil: /home/azani/Kuliah/semester_6/nlp/prak/uas/voice-cs-system/temp/prep_2345_audio14.wav
2026-05-28 00:26:19,171 | stt | INFO | Transkripsi berhasil: /home/azani/Kuliah/semester_6/nlp/prak/uas/voice-cs-system/temp/prep_2345_audio15.wav
2026-05-28 00:26:40,720 | stt | INFO | Transkripsi berhasil: /home/azani/Kuliah/semester_6/nlp/prak/uas/voice-cs-system/temp/prep_2347_audio1.wav
2026-05-28 00:27:02,050 | stt | INFO | Transkripsi berhasil: /home/azani/Kuliah/semester_6/nlp/prak/uas/voice-cs-system/temp/prep_2347_audio2.wav
2026-05-28 00:27:23,223 | stt | INFO | Transkripsi berhasil: /home/azani/Kuliah/semester_6/nlp/prak/uas/voice-cs-system/temp/prep_2347_audio3.wav
2026-05-28 00:27:44,421 | stt | INFO | Transkripsi berhasil: /home/azani/Kuliah/semester_6/nlp/prak/uas/voice-cs-system/temp/prep_2347_audio4.wav
2026-05-28 00:28:08,535 | stt | INFO | Transkripsi berhasil: /home/azani/Kuliah/semester_6/nlp/prak/uas/voice-cs-system/temp/prep_2347_audio5.wav
2026-05-28 00:28:30,048 | stt | INFO | Transkripsi berhasil: /home/azani/Kuliah/semester_6/nlp/prak/uas/voice-cs-system/temp/prep_2347_audio6.wav
2026-05-28 00:28:52,096 | stt | INFO | Transkripsi berhasil: /home/azani/Kuliah/semester_6/nlp/prak/uas/voice-cs-system/temp/prep_2347_audio7.wav
2026-05-28 00:29:13,309 | stt | INFO | Transkripsi berhasil: /home/azani/Kuliah/semester_6/nlp/prak/uas/voice-cs-system/temp/prep_2347_audio11.wav
2026-05-28 00:29:34,370 | stt | INFO | Transkripsi berhasil: /home/azani/Kuliah/semester_6/nlp/prak/uas/voice-cs-system/temp/prep_2347_audio14.wav
2026-05-28 00:29:56,007 | stt | INFO | Transkripsi berhasil: /home/azani/Kuliah/semester_6/nlp/prak/uas/voice-cs-system/temp/prep_2347_audio17.wav
2026-05-28 00:30:17,679 | stt | INFO | Transkripsi berhasil: /home/azani/Kuliah/semester_6/nlp/prak/uas/voice-cs-system/temp/prep_2348_audio01.wav
2026-05-28 00:30:39,326 | stt | INFO | Transkripsi berhasil: /home/azani/Kuliah/semester_6/nlp/prak/uas/voice-cs-system/temp/prep_2348_audio02.wav
2026-05-28 00:31:01,287 | stt | INFO | Transkripsi berhasil: /home/azani/Kuliah/semester_6/nlp/prak/uas/voice-cs-system/temp/prep_2348_audio03.wav
2026-05-28 00:31:22,841 | stt | INFO | Transkripsi berhasil: /home/azani/Kuliah/semester_6/nlp/prak/uas/voice-cs-system/temp/prep_2348_audio04.wav
2026-05-28 00:31:46,744 | stt | INFO | Transkripsi berhasil: /home/azani/Kuliah/semester_6/nlp/prak/uas/voice-cs-system/temp/prep_2348_audio05.wav
2026-05-28 00:32:08,151 | stt | INFO | Transkripsi berhasil: /home/azani/Kuliah/semester_6/nlp/prak/uas/voice-cs-system/temp/prep_2348_audio06.wav
2026-05-28 00:32:30,204 | stt | INFO | Transkripsi berhasil: /home/azani/Kuliah/semester_6/nlp/prak/uas/voice-cs-system/temp/prep_2348_audio07.wav
2026-05-28 00:32:51,440 | stt | INFO | Transkripsi berhasil: /home/azani/Kuliah/semester_6/nlp/prak/uas/voice-cs-system/temp/prep_2348_audio12.wav
2026-05-28 00:33:13,370 | stt | INFO | Transkripsi berhasil: /home/azani/Kuliah/semester_6/nlp/prak/uas/voice-cs-system/temp/prep_2348_audio13.wav
2026-05-28 00:33:34,244 | stt | INFO | Transkripsi berhasil: /home/azani/Kuliah/semester_6/nlp/prak/uas/voice-cs-system/temp/prep_2348_audio14.wav
2026-05-28 00:33:55,798 | stt | INFO | Transkripsi berhasil: /home/azani/Kuliah/semester_6/nlp/prak/uas/voice-cs-system/temp/prep_2355_audio01.wav
2026-05-28 00:34:17,191 | stt | INFO | Transkripsi berhasil: /home/azani/Kuliah/semester_6/nlp/prak/uas/voice-cs-system/temp/prep_2355_audio02.wav
2026-05-28 00:34:38,383 | stt | INFO | Transkripsi berhasil: /home/azani/Kuliah/semester_6/nlp/prak/uas/voice-cs-system/temp/prep_2355_audio03.wav
2026-05-28 00:34:59,477 | stt | INFO | Transkripsi berhasil: /home/azani/Kuliah/semester_6/nlp/prak/uas/voice-cs-system/temp/prep_2355_audio04.wav
2026-05-28 00:35:23,601 | stt | INFO | Transkripsi berhasil: /home/azani/Kuliah/semester_6/nlp/prak/uas/voice-cs-system/temp/prep_2355_audio05.wav
2026-05-28 00:35:45,079 | stt | INFO | Transkripsi berhasil: /home/azani/Kuliah/semester_6/nlp/prak/uas/voice-cs-system/temp/prep_2355_audio06.wav
2026-05-28 00:36:07,138 | stt | INFO | Transkripsi berhasil: /home/azani/Kuliah/semester_6/nlp/prak/uas/voice-cs-system/temp/prep_2355_audio07.wav
2026-05-28 00:36:28,745 | stt | INFO | Transkripsi berhasil: /home/azani/Kuliah/semester_6/nlp/prak/uas/voice-cs-system/temp/prep_2355_audio10.wav
2026-05-28 00:36:50,279 | stt | INFO | Transkripsi berhasil: /home/azani/Kuliah/semester_6/nlp/prak/uas/voice-cs-system/temp/prep_2355_audio13.wav
2026-05-28 00:37:11,960 | stt | INFO | Transkripsi berhasil: /home/azani/Kuliah/semester_6/nlp/prak/uas/voice-cs-system/temp/prep_2355_audio17.wav
2026-05-28 00:37:33,826 | stt | INFO | Transkripsi berhasil: /home/azani/Kuliah/semester_6/nlp/prak/uas/voice-cs-system/temp/prep_2357_audio01.wav
2026-05-28 00:37:55,200 | stt | INFO | Transkripsi berhasil: /home/azani/Kuliah/semester_6/nlp/prak/uas/voice-cs-system/temp/prep_2357_audio02.wav
2026-05-28 00:38:16,673 | stt | INFO | Transkripsi berhasil: /home/azani/Kuliah/semester_6/nlp/prak/uas/voice-cs-system/temp/prep_2357_audio03.wav
2026-05-28 00:38:37,830 | stt | INFO | Transkripsi berhasil: /home/azani/Kuliah/semester_6/nlp/prak/uas/voice-cs-system/temp/prep_2357_audio04.wav
2026-05-28 00:39:01,968 | stt | INFO | Transkripsi berhasil: /home/azani/Kuliah/semester_6/nlp/prak/uas/voice-cs-system/temp/prep_2357_audio05.wav
2026-05-28 00:39:23,216 | stt | INFO | Transkripsi berhasil: /home/azani/Kuliah/semester_6/nlp/prak/uas/voice-cs-system/temp/prep_2357_audio06.wav
2026-05-28 00:39:45,048 | stt | INFO | Transkripsi berhasil: /home/azani/Kuliah/semester_6/nlp/prak/uas/voice-cs-system/temp/prep_2357_audio07.wav
2026-05-28 00:40:06,267 | stt | INFO | Transkripsi berhasil: /home/azani/Kuliah/semester_6/nlp/prak/uas/voice-cs-system/temp/prep_2357_audio12.wav
2026-05-28 00:40:28,422 | stt | INFO | Transkripsi berhasil: /home/azani/Kuliah/semester_6/nlp/prak/uas/voice-cs-system/temp/prep_2357_audio15.wav
2026-05-28 00:40:50,288 | stt | INFO | Transkripsi berhasil: /home/azani/Kuliah/semester_6/nlp/prak/uas/voice-cs-system/temp/prep_2357_audio17.wav
2026-05-28 00:41:12,181 | stt | INFO | Transkripsi berhasil: /home/azani/Kuliah/semester_6/nlp/prak/uas/voice-cs-system/temp/prep_2359_audio1.wav
2026-05-28 00:41:33,735 | stt | INFO | Transkripsi berhasil: /home/azani/Kuliah/semester_6/nlp/prak/uas/voice-cs-system/temp/prep_2359_audio2.wav
2026-05-28 00:41:55,124 | stt | INFO | Transkripsi berhasil: /home/azani/Kuliah/semester_6/nlp/prak/uas/voice-cs-system/temp/prep_2359_audio3.wav
2026-05-28 00:42:16,295 | stt | INFO | Transkripsi berhasil: /home/azani/Kuliah/semester_6/nlp/prak/uas/voice-cs-system/temp/prep_2359_audio4.wav
2026-05-28 00:42:40,345 | stt | INFO | Transkripsi berhasil: /home/azani/Kuliah/semester_6/nlp/prak/uas/voice-cs-system/temp/prep_2359_audio5.wav
2026-05-28 00:43:01,747 | stt | INFO | Transkripsi berhasil: /home/azani/Kuliah/semester_6/nlp/prak/uas/voice-cs-system/temp/prep_2359_audio6.wav
2026-05-28 00:43:23,945 | stt | INFO | Transkripsi berhasil: /home/azani/Kuliah/semester_6/nlp/prak/uas/voice-cs-system/temp/prep_2359_audio7.wav
2026-05-28 00:43:45,253 | stt | INFO | Transkripsi berhasil: /home/azani/Kuliah/semester_6/nlp/prak/uas/voice-cs-system/temp/prep_2359_audio12.wav
2026-05-28 00:44:06,345 | stt | INFO | Transkripsi berhasil: /home/azani/Kuliah/semester_6/nlp/prak/uas/voice-cs-system/temp/prep_2359_audio14.wav
2026-05-28 00:44:27,907 | stt | INFO | Transkripsi berhasil: /home/azani/Kuliah/semester_6/nlp/prak/uas/voice-cs-system/temp/prep_2359_audio17.wav
2026-05-28 00:44:49,449 | stt | INFO | Transkripsi berhasil: /home/azani/Kuliah/semester_6/nlp/prak/uas/voice-cs-system/temp/prep_2360_audio01.wav
2026-05-28 00:45:10,731 | stt | INFO | Transkripsi berhasil: /home/azani/Kuliah/semester_6/nlp/prak/uas/voice-cs-system/temp/prep_2360_audio02.wav
2026-05-28 00:45:32,275 | stt | INFO | Transkripsi berhasil: /home/azani/Kuliah/semester_6/nlp/prak/uas/voice-cs-system/temp/prep_2360_audio03.wav
2026-05-28 00:45:53,469 | stt | INFO | Transkripsi berhasil: /home/azani/Kuliah/semester_6/nlp/prak/uas/voice-cs-system/temp/prep_2360_audio04.wav
2026-05-28 00:46:17,636 | stt | INFO | Transkripsi berhasil: /home/azani/Kuliah/semester_6/nlp/prak/uas/voice-cs-system/temp/prep_2360_audio05.wav
2026-05-28 00:46:39,089 | stt | INFO | Transkripsi berhasil: /home/azani/Kuliah/semester_6/nlp/prak/uas/voice-cs-system/temp/prep_2360_audio06.wav
2026-05-28 00:47:00,963 | stt | INFO | Transkripsi berhasil: /home/azani/Kuliah/semester_6/nlp/prak/uas/voice-cs-system/temp/prep_2360_audio07.wav
2026-05-28 00:47:22,271 | stt | INFO | Transkripsi berhasil: /home/azani/Kuliah/semester_6/nlp/prak/uas/voice-cs-system/temp/prep_2360_audio10.wav
2026-05-28 00:47:43,488 | stt | INFO | Transkripsi berhasil: /home/azani/Kuliah/semester_6/nlp/prak/uas/voice-cs-system/temp/prep_2360_audio11.wav
2026-05-28 00:48:04,656 | stt | INFO | Transkripsi berhasil: /home/azani/Kuliah/semester_6/nlp/prak/uas/voice-cs-system/temp/prep_2360_audio14.wav
2026-05-28 00:48:26,466 | stt | INFO | Transkripsi berhasil: /home/azani/Kuliah/semester_6/nlp/prak/uas/voice-cs-system/temp/prep_2362_audio01.wav
2026-05-28 00:48:47,863 | stt | INFO | Transkripsi berhasil: /home/azani/Kuliah/semester_6/nlp/prak/uas/voice-cs-system/temp/prep_2362_audio02.wav
2026-05-28 00:49:09,560 | stt | INFO | Transkripsi berhasil: /home/azani/Kuliah/semester_6/nlp/prak/uas/voice-cs-system/temp/prep_2362_audio03.wav
2026-05-28 00:49:30,716 | stt | INFO | Transkripsi berhasil: /home/azani/Kuliah/semester_6/nlp/prak/uas/voice-cs-system/temp/prep_2362_audio04.wav
2026-05-28 00:49:54,613 | stt | INFO | Transkripsi berhasil: /home/azani/Kuliah/semester_6/nlp/prak/uas/voice-cs-system/temp/prep_2362_audio05.wav
2026-05-28 00:50:16,167 | stt | INFO | Transkripsi berhasil: /home/azani/Kuliah/semester_6/nlp/prak/uas/voice-cs-system/temp/prep_2362_audio06.wav
2026-05-28 00:50:38,047 | stt | INFO | Transkripsi berhasil: /home/azani/Kuliah/semester_6/nlp/prak/uas/voice-cs-system/temp/prep_2362_audio07.wav
2026-05-28 00:50:59,335 | stt | INFO | Transkripsi berhasil: /home/azani/Kuliah/semester_6/nlp/prak/uas/voice-cs-system/temp/prep_2362_audio11.wav
2026-05-28 00:51:21,568 | stt | INFO | Transkripsi berhasil: /home/azani/Kuliah/semester_6/nlp/prak/uas/voice-cs-system/temp/prep_2362_audio15.wav
2026-05-28 00:51:43,330 | stt | INFO | Transkripsi berhasil: /home/azani/Kuliah/semester_6/nlp/prak/uas/voice-cs-system/temp/prep_2362_audio17.wav
2026-05-28 00:52:04,744 | stt | INFO | Transkripsi berhasil: /home/azani/Kuliah/semester_6/nlp/prak/uas/voice-cs-system/temp/prep_2362_audio20.wav
2026-05-28 00:52:26,321 | stt | INFO | Transkripsi berhasil: /home/azani/Kuliah/semester_6/nlp/prak/uas/voice-cs-system/temp/prep_2363_audio01.wav
2026-05-28 00:52:47,680 | stt | INFO | Transkripsi berhasil: /home/azani/Kuliah/semester_6/nlp/prak/uas/voice-cs-system/temp/prep_2363_audio02.wav
2026-05-28 00:53:09,260 | stt | INFO | Transkripsi berhasil: /home/azani/Kuliah/semester_6/nlp/prak/uas/voice-cs-system/temp/prep_2363_audio03.wav
2026-05-28 00:53:30,505 | stt | INFO | Transkripsi berhasil: /home/azani/Kuliah/semester_6/nlp/prak/uas/voice-cs-system/temp/prep_2363_audio04.wav
2026-05-28 00:53:54,202 | stt | INFO | Transkripsi berhasil: /home/azani/Kuliah/semester_6/nlp/prak/uas/voice-cs-system/temp/prep_2363_audio05.wav
2026-05-28 00:54:15,624 | stt | INFO | Transkripsi berhasil: /home/azani/Kuliah/semester_6/nlp/prak/uas/voice-cs-system/temp/prep_2363_audio06.wav
2026-05-28 00:54:37,461 | stt | INFO | Transkripsi berhasil: /home/azani/Kuliah/semester_6/nlp/prak/uas/voice-cs-system/temp/prep_2363_audio07.wav
2026-05-28 00:54:58,710 | stt | INFO | Transkripsi berhasil: /home/azani/Kuliah/semester_6/nlp/prak/uas/voice-cs-system/temp/prep_2363_audio10.wav
2026-05-28 00:55:20,130 | stt | INFO | Transkripsi berhasil: /home/azani/Kuliah/semester_6/nlp/prak/uas/voice-cs-system/temp/prep_2363_audio11.wav
2026-05-28 00:55:41,314 | stt | INFO | Transkripsi berhasil: /home/azani/Kuliah/semester_6/nlp/prak/uas/voice-cs-system/temp/prep_2363_audio14.wav
2026-05-28 00:56:03,074 | stt | INFO | Transkripsi berhasil: /home/azani/Kuliah/semester_6/nlp/prak/uas/voice-cs-system/temp/prep_2364_audio01.wav
2026-05-28 00:56:24,691 | stt | INFO | Transkripsi berhasil: /home/azani/Kuliah/semester_6/nlp/prak/uas/voice-cs-system/temp/prep_2364_audio02.wav
2026-05-28 00:56:46,484 | stt | INFO | Transkripsi berhasil: /home/azani/Kuliah/semester_6/nlp/prak/uas/voice-cs-system/temp/prep_2364_audio03.wav
2026-05-28 00:57:07,636 | stt | INFO | Transkripsi berhasil: /home/azani/Kuliah/semester_6/nlp/prak/uas/voice-cs-system/temp/prep_2364_audio04.wav
2026-05-28 00:57:31,425 | stt | INFO | Transkripsi berhasil: /home/azani/Kuliah/semester_6/nlp/prak/uas/voice-cs-system/temp/prep_2364_audio05.wav
2026-05-28 00:57:52,858 | stt | INFO | Transkripsi berhasil: /home/azani/Kuliah/semester_6/nlp/prak/uas/voice-cs-system/temp/prep_2364_audio06.wav
2026-05-28 00:58:14,547 | stt | INFO | Transkripsi berhasil: /home/azani/Kuliah/semester_6/nlp/prak/uas/voice-cs-system/temp/prep_2364_audio12.wav
2026-05-28 00:58:36,109 | stt | INFO | Transkripsi berhasil: /home/azani/Kuliah/semester_6/nlp/prak/uas/voice-cs-system/temp/prep_2364_audio13.wav
2026-05-28 00:58:57,301 | stt | INFO | Transkripsi berhasil: /home/azani/Kuliah/semester_6/nlp/prak/uas/voice-cs-system/temp/prep_2364_audio14.wav
2026-05-28 00:59:19,026 | stt | INFO | Transkripsi berhasil: /home/azani/Kuliah/semester_6/nlp/prak/uas/voice-cs-system/temp/prep_2364_audio17.wav
2026-05-28 00:59:40,525 | stt | INFO | Transkripsi berhasil: /home/azani/Kuliah/semester_6/nlp/prak/uas/voice-cs-system/temp/prep_2366_audio01.wav
2026-05-28 01:00:01,777 | stt | INFO | Transkripsi berhasil: /home/azani/Kuliah/semester_6/nlp/prak/uas/voice-cs-system/temp/prep_2366_audio02.wav
2026-05-28 01:00:23,615 | stt | INFO | Transkripsi berhasil: /home/azani/Kuliah/semester_6/nlp/prak/uas/voice-cs-system/temp/prep_2366_audio03.wav
2026-05-28 01:00:44,916 | stt | INFO | Transkripsi berhasil: /home/azani/Kuliah/semester_6/nlp/prak/uas/voice-cs-system/temp/prep_2366_audio04.wav
2026-05-28 01:01:08,898 | stt | INFO | Transkripsi berhasil: /home/azani/Kuliah/semester_6/nlp/prak/uas/voice-cs-system/temp/prep_2366_audio05.wav
2026-05-28 01:01:30,631 | stt | INFO | Transkripsi berhasil: /home/azani/Kuliah/semester_6/nlp/prak/uas/voice-cs-system/temp/prep_2366_audio06.wav
2026-05-28 01:01:52,489 | stt | INFO | Transkripsi berhasil: /home/azani/Kuliah/semester_6/nlp/prak/uas/voice-cs-system/temp/prep_2366_audio07.wav
2026-05-28 01:02:13,771 | stt | INFO | Transkripsi berhasil: /home/azani/Kuliah/semester_6/nlp/prak/uas/voice-cs-system/temp/prep_2366_audio11.wav
2026-05-28 01:02:35,125 | stt | INFO | Transkripsi berhasil: /home/azani/Kuliah/semester_6/nlp/prak/uas/voice-cs-system/temp/prep_2366_audio13.wav
2026-05-28 01:02:56,889 | stt | INFO | Transkripsi berhasil: /home/azani/Kuliah/semester_6/nlp/prak/uas/voice-cs-system/temp/prep_2366_audio15.wav
2026-05-28 01:03:18,767 | stt | INFO | Transkripsi berhasil: /home/azani/Kuliah/semester_6/nlp/prak/uas/voice-cs-system/temp/prep_2367_audio1.wav
2026-05-28 01:03:40,337 | stt | INFO | Transkripsi berhasil: /home/azani/Kuliah/semester_6/nlp/prak/uas/voice-cs-system/temp/prep_2367_audio2.wav
2026-05-28 01:04:01,770 | stt | INFO | Transkripsi berhasil: /home/azani/Kuliah/semester_6/nlp/prak/uas/voice-cs-system/temp/prep_2367_audio3.wav
2026-05-28 01:04:22,905 | stt | INFO | Transkripsi berhasil: /home/azani/Kuliah/semester_6/nlp/prak/uas/voice-cs-system/temp/prep_2367_audio4.wav
2026-05-28 01:04:47,132 | stt | INFO | Transkripsi berhasil: /home/azani/Kuliah/semester_6/nlp/prak/uas/voice-cs-system/temp/prep_2367_audio5.wav
2026-05-28 01:05:08,769 | stt | INFO | Transkripsi berhasil: /home/azani/Kuliah/semester_6/nlp/prak/uas/voice-cs-system/temp/prep_2367_audio6.wav
2026-05-28 01:05:31,070 | stt | INFO | Transkripsi berhasil: /home/azani/Kuliah/semester_6/nlp/prak/uas/voice-cs-system/temp/prep_2367_audio7.wav
2026-05-28 01:05:52,535 | stt | INFO | Transkripsi berhasil: /home/azani/Kuliah/semester_6/nlp/prak/uas/voice-cs-system/temp/prep_2367_audio10.wav
2026-05-28 01:06:14,253 | stt | INFO | Transkripsi berhasil: /home/azani/Kuliah/semester_6/nlp/prak/uas/voice-cs-system/temp/prep_2367_audio13.wav
2026-05-28 01:06:35,787 | stt | INFO | Transkripsi berhasil: /home/azani/Kuliah/semester_6/nlp/prak/uas/voice-cs-system/temp/prep_2367_audio18.wav
2026-05-28 01:06:57,455 | stt | INFO | Transkripsi berhasil: /home/azani/Kuliah/semester_6/nlp/prak/uas/voice-cs-system/temp/prep_2369_audio1.wav
2026-05-28 01:07:18,736 | stt | INFO | Transkripsi berhasil: /home/azani/Kuliah/semester_6/nlp/prak/uas/voice-cs-system/temp/prep_2369_audio2.wav
2026-05-28 01:07:40,587 | stt | INFO | Transkripsi berhasil: /home/azani/Kuliah/semester_6/nlp/prak/uas/voice-cs-system/temp/prep_2369_audio3.wav
2026-05-28 01:08:01,814 | stt | INFO | Transkripsi berhasil: /home/azani/Kuliah/semester_6/nlp/prak/uas/voice-cs-system/temp/prep_2369_audio4.wav
2026-05-28 01:08:26,155 | stt | INFO | Transkripsi berhasil: /home/azani/Kuliah/semester_6/nlp/prak/uas/voice-cs-system/temp/prep_2369_audio5.wav
2026-05-28 01:08:47,548 | stt | INFO | Transkripsi berhasil: /home/azani/Kuliah/semester_6/nlp/prak/uas/voice-cs-system/temp/prep_2369_audio6.wav
2026-05-28 01:09:09,576 | stt | INFO | Transkripsi berhasil: /home/azani/Kuliah/semester_6/nlp/prak/uas/voice-cs-system/temp/prep_2369_audio7.wav
2026-05-28 01:09:31,394 | stt | INFO | Transkripsi berhasil: /home/azani/Kuliah/semester_6/nlp/prak/uas/voice-cs-system/temp/prep_2369_audio8.wav
2026-05-28 01:09:52,578 | stt | INFO | Transkripsi berhasil: /home/azani/Kuliah/semester_6/nlp/prak/uas/voice-cs-system/temp/prep_2369_audio9.wav
2026-05-28 01:10:14,084 | stt | INFO | Transkripsi berhasil: /home/azani/Kuliah/semester_6/nlp/prak/uas/voice-cs-system/temp/prep_2369_audio10.wav
2026-05-28 01:10:35,985 | stt | INFO | Transkripsi berhasil: /home/azani/Kuliah/semester_6/nlp/prak/uas/voice-cs-system/temp/prep_2371_audio01.wav
2026-05-28 01:10:57,270 | stt | INFO | Transkripsi berhasil: /home/azani/Kuliah/semester_6/nlp/prak/uas/voice-cs-system/temp/prep_2371_audio02.wav
2026-05-28 01:11:18,522 | stt | INFO | Transkripsi berhasil: /home/azani/Kuliah/semester_6/nlp/prak/uas/voice-cs-system/temp/prep_2371_audio03.wav
2026-05-28 01:11:39,810 | stt | INFO | Transkripsi berhasil: /home/azani/Kuliah/semester_6/nlp/prak/uas/voice-cs-system/temp/prep_2371_audio04.wav
2026-05-28 01:12:03,738 | stt | INFO | Transkripsi berhasil: /home/azani/Kuliah/semester_6/nlp/prak/uas/voice-cs-system/temp/prep_2371_audio05.wav
2026-05-28 01:12:25,017 | stt | INFO | Transkripsi berhasil: /home/azani/Kuliah/semester_6/nlp/prak/uas/voice-cs-system/temp/prep_2371_audio06.wav
2026-05-28 01:12:46,894 | stt | INFO | Transkripsi berhasil: /home/azani/Kuliah/semester_6/nlp/prak/uas/voice-cs-system/temp/prep_2371_audio07.wav
2026-05-28 01:13:08,396 | stt | INFO | Transkripsi berhasil: /home/azani/Kuliah/semester_6/nlp/prak/uas/voice-cs-system/temp/prep_2371_audio12.wav
2026-05-28 01:13:29,930 | stt | INFO | Transkripsi berhasil: /home/azani/Kuliah/semester_6/nlp/prak/uas/voice-cs-system/temp/prep_2371_audio13.wav
2026-05-28 01:13:51,494 | stt | INFO | Transkripsi berhasil: /home/azani/Kuliah/semester_6/nlp/prak/uas/voice-cs-system/temp/prep_2371_audio17.wav
2026-05-28 01:14:12,939 | stt | INFO | Transkripsi berhasil: /home/azani/Kuliah/semester_6/nlp/prak/uas/voice-cs-system/temp/prep_2372_audio01.wav
2026-05-28 01:14:34,347 | stt | INFO | Transkripsi berhasil: /home/azani/Kuliah/semester_6/nlp/prak/uas/voice-cs-system/temp/prep_2372_audio02.wav
2026-05-28 01:14:55,605 | stt | INFO | Transkripsi berhasil: /home/azani/Kuliah/semester_6/nlp/prak/uas/voice-cs-system/temp/prep_2372_audio03.wav
2026-05-28 01:15:16,729 | stt | INFO | Transkripsi berhasil: /home/azani/Kuliah/semester_6/nlp/prak/uas/voice-cs-system/temp/prep_2372_audio04.wav
2026-05-28 01:15:40,980 | stt | INFO | Transkripsi berhasil: /home/azani/Kuliah/semester_6/nlp/prak/uas/voice-cs-system/temp/prep_2372_audio05.wav
2026-05-28 01:16:02,880 | stt | INFO | Transkripsi berhasil: /home/azani/Kuliah/semester_6/nlp/prak/uas/voice-cs-system/temp/prep_2372_audio06.wav
2026-05-28 01:16:24,517 | stt | INFO | Transkripsi berhasil: /home/azani/Kuliah/semester_6/nlp/prak/uas/voice-cs-system/temp/prep_2372_audio10.wav
2026-05-28 01:16:45,780 | stt | INFO | Transkripsi berhasil: /home/azani/Kuliah/semester_6/nlp/prak/uas/voice-cs-system/temp/prep_2372_audio11.wav
2026-05-28 01:17:06,849 | stt | INFO | Transkripsi berhasil: /home/azani/Kuliah/semester_6/nlp/prak/uas/voice-cs-system/temp/prep_2372_audio14.wav
2026-05-28 01:17:28,650 | stt | INFO | Transkripsi berhasil: /home/azani/Kuliah/semester_6/nlp/prak/uas/voice-cs-system/temp/prep_2372_audio15.wav
2026-05-28 01:17:50,321 | stt | INFO | Transkripsi berhasil: /home/azani/Kuliah/semester_6/nlp/prak/uas/voice-cs-system/temp/prep_2374_audio01.wav
2026-05-28 01:18:11,943 | stt | INFO | Transkripsi berhasil: /home/azani/Kuliah/semester_6/nlp/prak/uas/voice-cs-system/temp/prep_2374_audio02.wav
2026-05-28 01:18:33,190 | stt | INFO | Transkripsi berhasil: /home/azani/Kuliah/semester_6/nlp/prak/uas/voice-cs-system/temp/prep_2374_audio03.wav
2026-05-28 01:18:54,393 | stt | INFO | Transkripsi berhasil: /home/azani/Kuliah/semester_6/nlp/prak/uas/voice-cs-system/temp/prep_2374_audio04.wav
2026-05-28 01:19:18,427 | stt | INFO | Transkripsi berhasil: /home/azani/Kuliah/semester_6/nlp/prak/uas/voice-cs-system/temp/prep_2374_audio05.wav
2026-05-28 01:19:39,786 | stt | INFO | Transkripsi berhasil: /home/azani/Kuliah/semester_6/nlp/prak/uas/voice-cs-system/temp/prep_2374_audio06.wav
2026-05-28 01:20:01,137 | stt | INFO | Transkripsi berhasil: /home/azani/Kuliah/semester_6/nlp/prak/uas/voice-cs-system/temp/prep_2374_audio11.wav
2026-05-28 01:20:22,801 | stt | INFO | Transkripsi berhasil: /home/azani/Kuliah/semester_6/nlp/prak/uas/voice-cs-system/temp/prep_2374_audio13.wav
2026-05-28 01:20:44,917 | stt | INFO | Transkripsi berhasil: /home/azani/Kuliah/semester_6/nlp/prak/uas/voice-cs-system/temp/prep_2374_audio15.wav
2026-05-28 01:21:07,083 | stt | INFO | Transkripsi berhasil: /home/azani/Kuliah/semester_6/nlp/prak/uas/voice-cs-system/temp/prep_2374_audio17.wav
2026-05-28 01:21:28,878 | stt | INFO | Transkripsi berhasil: /home/azani/Kuliah/semester_6/nlp/prak/uas/voice-cs-system/temp/prep_2375_audio01.wav
2026-05-28 01:21:50,218 | stt | INFO | Transkripsi berhasil: /home/azani/Kuliah/semester_6/nlp/prak/uas/voice-cs-system/temp/prep_2375_audio02.wav
2026-05-28 01:22:11,630 | stt | INFO | Transkripsi berhasil: /home/azani/Kuliah/semester_6/nlp/prak/uas/voice-cs-system/temp/prep_2375_audio03.wav
2026-05-28 01:22:32,808 | stt | INFO | Transkripsi berhasil: /home/azani/Kuliah/semester_6/nlp/prak/uas/voice-cs-system/temp/prep_2375_audio04.wav
2026-05-28 01:22:56,887 | stt | INFO | Transkripsi berhasil: /home/azani/Kuliah/semester_6/nlp/prak/uas/voice-cs-system/temp/prep_2375_audio05.wav
2026-05-28 01:23:18,512 | stt | INFO | Transkripsi berhasil: /home/azani/Kuliah/semester_6/nlp/prak/uas/voice-cs-system/temp/prep_2375_audio06.wav
2026-05-28 01:23:39,808 | stt | INFO | Transkripsi berhasil: /home/azani/Kuliah/semester_6/nlp/prak/uas/voice-cs-system/temp/prep_2375_audio08.wav
2026-05-28 01:24:01,039 | stt | INFO | Transkripsi berhasil: /home/azani/Kuliah/semester_6/nlp/prak/uas/voice-cs-system/temp/prep_2375_audio11.wav
2026-05-28 01:24:22,963 | stt | INFO | Transkripsi berhasil: /home/azani/Kuliah/semester_6/nlp/prak/uas/voice-cs-system/temp/prep_2375_audio15.wav
2026-05-28 01:24:44,265 | stt | INFO | Transkripsi berhasil: /home/azani/Kuliah/semester_6/nlp/prak/uas/voice-cs-system/temp/prep_2375_audio18.wav
2026-05-28 01:25:05,801 | stt | INFO | Transkripsi berhasil: /home/azani/Kuliah/semester_6/nlp/prak/uas/voice-cs-system/temp/prep_2379_audio01.wav
2026-05-28 01:25:27,508 | stt | INFO | Transkripsi berhasil: /home/azani/Kuliah/semester_6/nlp/prak/uas/voice-cs-system/temp/prep_2379_audio02.wav
2026-05-28 01:25:49,446 | stt | INFO | Transkripsi berhasil: /home/azani/Kuliah/semester_6/nlp/prak/uas/voice-cs-system/temp/prep_2379_audio03.wav
2026-05-28 01:26:13,249 | stt | INFO | Transkripsi berhasil: /home/azani/Kuliah/semester_6/nlp/prak/uas/voice-cs-system/temp/prep_2379_audio05.wav
2026-05-28 01:26:35,050 | stt | INFO | Transkripsi berhasil: /home/azani/Kuliah/semester_6/nlp/prak/uas/voice-cs-system/temp/prep_2379_audio06.wav
2026-05-28 01:26:56,833 | stt | INFO | Transkripsi berhasil: /home/azani/Kuliah/semester_6/nlp/prak/uas/voice-cs-system/temp/prep_2379_audio07.wav
2026-05-28 01:27:18,093 | stt | INFO | Transkripsi berhasil: /home/azani/Kuliah/semester_6/nlp/prak/uas/voice-cs-system/temp/prep_2379_audio12.wav
2026-05-28 01:27:39,455 | stt | INFO | Transkripsi berhasil: /home/azani/Kuliah/semester_6/nlp/prak/uas/voice-cs-system/temp/prep_2379_audio18.wav
2026-05-28 01:28:00,568 | stt | INFO | Transkripsi berhasil: /home/azani/Kuliah/semester_6/nlp/prak/uas/voice-cs-system/temp/prep_2479_audio04.wav
2026-05-28 01:28:22,713 | stt | INFO | Transkripsi berhasil: /home/azani/Kuliah/semester_6/nlp/prak/uas/voice-cs-system/temp/prep_2479_audio15.wav
2026-05-28 16:58:11,039 | stt | INFO | [upload_1779962263.wav] latency=26.92s | "Aku mau book flight ke Jedah minggu depan, bisa bantu schedu"
2026-05-28 16:59:38,086 | stt | INFO | [upload_1779962350.wav] latency=26.44s | "Aku mau book flight ke Jedah minggu depan, bisa bantu schedu"
2026-05-28 18:05:33,025 | stt | INFO | [upload_1779966307.wav] latency=24.68s | "Aku mau book flight ke Jedah minggu depan, bisa bantu schedu"
2026-05-28 20:40:32,598 | stt | INFO | [upload_1779975604.wav] latency=27.02s | "Aku mau book flight ke Jedah minggu depan, bisa bantu schedu"
2026-05-28 20:46:36,336 | stt | INFO | [upload_1779975969.wav] latency=25.48s | "Aku mau book flight ke Jedah minggu depan, bisa bantu schedu"
2026-05-28 22:55:29,900 | stt | INFO | [upload_1779983703.wav] latency=24.98s | "Aku mau book flight ke Jedah minggu depan, bisa bantu schedu"
2026-05-28 22:59:01,448 | stt | INFO | [upload_1779983913.wav] latency=26.5s | "Aku mau book flight ke Jedah minggu depan, bisa bantu schedu"
2026-05-28 23:58:26,215 | stt | INFO | [upload_1779987478.wav] latency=26.43s | "Aku mau book flight ke Jedah minggu depan, bisa bantu schedu"
2026-05-29 14:10:55,172 | stt | INFO | [upload_1780038627.wav] latency=26.3s | "Aku mau book flight ke Jedah minggu depan, bisa bantu schedu"
2026-05-29 14:14:11,506 | stt | INFO | [upload_1780038824.wav] latency=26.54s | "Aku mau book flight ke Jedah minggu depan, bisa bantu schedu"
2026-05-29 14:17:09,220 | stt | INFO | [upload_1780039002.wav] latency=25.86s | "Aku mau book flight ke Jedah minggu depan, bisa bantu schedu"
2026-05-29 14:19:05,005 | stt | INFO | [upload_1780039117.wav] latency=26.25s | "Aku mau book flight ke Jedah minggu depan, bisa bantu schedu"
2026-05-29 16:43:03,156 | stt | INFO | [upload_1780047758.wav] latency=23.63s | "Aku mau book flight ke Jedah minggu depan, bisa bantu schedu"
2026-05-29 16:44:22,744 | stt | INFO | [upload_1780047839.wav] latency=22.67s | "Aku mau book flight ke Jedah minggu depan, bisa bantu schedu"
2026-05-29 17:09:58,258 | stt | INFO | [upload_1780049374.wav] latency=23.76s | "Aku butuh travel umrah simple tapi include marina visit."
2026-05-29 21:02:36,914 | stt | INFO | [2222_audio1.wav] latency=35.21s | "Aku mau book flight ke Jedah minggu depan, bisa bantu schedu"
2026-05-29 21:04:10,059 | stt | INFO | [2222_audio10.wav] latency=39.03s | "Apa perbedaan umrah dan hajj secara detail dalam Islam?"
2026-05-29 21:16:02,921 | stt | INFO | [2222_audio1.wav] latency=26.59s | "Aku mau book flight ke Jedah minggu depan, bisa bantu schedu"
2026-05-29 21:16:56,390 | stt | INFO | [2222_audio2.wav] latency=25.62s | "Aku butuh travel umrah simple tapi include marina visit."
2026-05-29 21:18:41,849 | stt | INFO | [2222_audio3.wav] latency=26.66s | "Can you help aku arrange transport dari Judah ke Madinah tom"
2026-05-29 21:19:44,673 | stt | INFO | [2222_audio4.wav] latency=26.11s | "Explain step by step cara apply visas OD dengan benar."
2026-05-29 21:21:11,562 | stt | INFO | [2222_audio5.wav] latency=29.63s | "Ya akhi, uridu bookflag ilah Jeddah al-Rasbun al-Qadim, hal "
2026-05-29 21:23:39,613 | stt | INFO | [2222_audio6.wav] latency=30.0s | "Uri dulu range transport menjedah ilah Madinah Waddan."
2026-05-29 21:25:11,804 | stt | INFO | [2222_audio7.wav] latency=29.4s | "Book flight ke Jeddah lalu lanjut ke Madinah, schedule terba"
2026-05-29 21:26:09,605 | stt | INFO | [2222_audio10.wav] latency=25.51s | "Apa perbedaan umrah dan hajj secara detail dalam Islam?"
2026-05-29 21:27:00,925 | stt | INFO | [2222_audio12.wav] latency=25.62s | "Bagaimana proses visa Saudi untuk umrah dari Indonesia sekar"
2026-05-29 21:27:47,369 | stt | INFO | [2222_audio14.wav] latency=25.48s | "How to prepare dagumen umrah dari Indonesia dengan benar?"
2026-05-29 21:29:03,477 | stt | INFO | [2301_audio1.wav] latency=28.88s | "Aku mau book fly ke Jedah minggu depan, bisa bantu schedule"
2026-05-29 21:29:47,032 | stt | INFO | [2301_audio2.wav] latency=26.74s | "Aku butuh travel umrah simpel tapi include Madinah Visit."
2026-05-29 21:30:33,140 | stt | INFO | [2301_audio3.wav] latency=26.95s | "Can you help aku arrange transport dari Jedah ke Madinah tom"
2026-05-29 21:31:49,190 | stt | INFO | [2301_audio4.wav] latency=29.25s | "Explain step by step cara apply visa Saudi dengan benar."
2026-05-29 21:33:18,652 | stt | INFO | [2301_audio5.wav] latency=32.33s | "Ya akhiri, uridu book flight ilajidah ul usbu an kadim. Hal "
2026-05-29 21:34:36,810 | stt | INFO | [2301_audio6.wav] latency=32.24s | "Uridu Range Transport Menjeda ilai Madinah Rodan"
2026-05-29 21:43:06,053 | stt | INFO | [2301_audio6.wav] latency=20.02s | "Uridu Range Transport Menjeda ilai Madinah Rodan"
2026-05-29 21:45:30,295 | stt | INFO | [2301_audio11.wav] latency=20.16s | "Kenapa fasting di Ramadan itu wajib bagi Muslim?"
2026-05-29 21:46:13,030 | stt | INFO | [2301_audio12.wav] latency=19.73s | "Bagaimana proses visa Saudi untuk omroh dari Indonesia sekar"
2026-05-29 21:50:31,145 | stt | INFO | [2222_audio1.wav] latency=20.13s | "Aku mau book flight ke Jedah minggu depan, bisa bantu schedu"
2026-05-29 21:51:17,399 | stt | INFO | [2222_audio2.wav] latency=19.76s | "Aku butuh travel umrah simple tapi include marina visit."
2026-05-29 21:52:38,561 | stt | INFO | [2222_audio3.wav] latency=20.43s | "Can you help aku arrange transport dari Judah ke Madinah tom"
2026-05-29 21:53:47,379 | stt | INFO | [2222_audio4.wav] latency=20.11s | "Explain step by step cara apply visas OD dengan benar."
2026-05-29 21:55:43,728 | stt | INFO | [2222_audio5.wav] latency=23.26s | "Ya akhi, uridu bookflag ilah Jeddah al-Rasbun al-Qadim, hal "
2026-05-29 21:57:40,312 | stt | INFO | [2222_audio6.wav] latency=20.94s | "Uri dulu range transport menjedah ilah Madinah Waddan."
2026-05-29 21:58:50,293 | stt | INFO | [2222_audio7.wav] latency=23.48s | "Book flight ke Jeddah lalu lanjut ke Madinah, schedule terba"
2026-05-29 21:59:49,359 | stt | INFO | [2222_audio10.wav] latency=22.22s | "Apa perbedaan umrah dan hajj secara detail dalam Islam?"
2026-05-29 22:00:36,579 | stt | INFO | [2222_audio12.wav] latency=20.96s | "Bagaimana proses visa Saudi untuk umrah dari Indonesia sekar"
2026-05-29 22:01:25,064 | stt | INFO | [2222_audio14.wav] latency=20.24s | "How to prepare dagumen umrah dari Indonesia dengan benar?"
2026-05-29 22:02:30,595 | stt | INFO | [2301_audio1.wav] latency=22.12s | "Aku mau book fly ke Jedah minggu depan, bisa bantu schedule"
2026-05-29 22:03:12,245 | stt | INFO | [2301_audio2.wav] latency=20.27s | "Aku butuh travel umrah simpel tapi include Madinah Visit."
2026-05-29 22:04:29,963 | stt | INFO | [2301_audio3.wav] latency=20.39s | "Can you help aku arrange transport dari Jedah ke Madinah tom"
2026-05-29 22:05:40,396 | stt | INFO | [2301_audio4.wav] latency=20.65s | "Explain step by step cara apply visa Saudi dengan benar."
2026-05-29 22:06:48,776 | stt | INFO | [2301_audio5.wav] latency=22.96s | "Ya akhiri, uridu book flight ilajidah ul usbu an kadim. Hal "
2026-05-29 22:07:34,876 | stt | INFO | [2301_audio6.wav] latency=20.4s | "Uridu Range Transport Menjeda ilai Madinah Rodan"
2026-05-29 22:08:40,127 | stt | INFO | [2301_audio11.wav] latency=21.68s | "Kenapa fasting di Ramadan itu wajib bagi Muslim?"
2026-05-29 22:09:26,254 | stt | INFO | [2301_audio12.wav] latency=20.5s | "Bagaimana proses visa Saudi untuk omroh dari Indonesia sekar"
2026-05-29 22:10:23,344 | stt | INFO | [2301_audio14.wav] latency=20.44s | "How to prepare dokumen umrah dari Indonesia dengan benar"
2026-05-29 22:11:28,708 | stt | INFO | [2301_audio15.wav] latency=21.42s | "Tolong buat checklist persiapan umrah termasuk barang wajib "
2026-05-29 22:12:29,874 | stt | INFO | [2302_audio01.wav] latency=33.73s | "Aku mau book flight ke Jedah minggu depan, bisa bantu schedu"
2026-05-29 22:13:22,642 | stt | INFO | [2302_audio02.wav] latency=34.05s | "Aku butuh Transval Umrah Simpal tapi include Madinah Visit."
2026-05-29 22:14:14,106 | stt | INFO | [2302_audio03.wav] latency=28.29s | "Can you help aku arrange transport dari Jeddah ke Madinah to"
2026-05-29 22:15:36,925 | stt | INFO | [2302_audio04.wav] latency=29.47s | "Expand step by step cara apply visa Saudi dengan benar."
2026-05-29 22:16:55,928 | stt | INFO | [2302_audio05.wav] latency=22.93s | "Ya Akhi, uridubuk flight ilajidah Al-Usbu Al-Khadim, hal bis"
2026-05-29 22:18:51,537 | stt | INFO | [2302_audio06.wav] latency=20.18s | "Udhido Range Transport Menjida ilam Madinahada"
2026-05-29 22:20:01,668 | stt | INFO | [2302_audio11.wav] latency=19.99s | "Kenapa fasting di ramadan itu wajib bagi muslim?"
2026-05-29 22:20:47,098 | stt | INFO | [2302_audio14.wav] latency=19.72s | "How to prepare dokumen umrah dari Indonesia dengan benar?"
2026-05-29 22:21:48,122 | stt | INFO | [2302_audio15.wav] latency=20.57s | "Tolong buat checklist persiapan umrah termasuk barang wajib "
2026-05-29 22:22:30,673 | stt | INFO | [2302_audio17.wav] latency=20.11s | "Menurut kamu, belajar bahasa Arab itu susah nggak untuk pemu"
2026-05-29 22:23:06,438 | stt | INFO | [2303_audio01.wav] latency=20.16s | "Aku membuka flight ke Jeddah minggu depan. Bisa bantu schedu"
2026-05-29 22:23:47,649 | stt | INFO | [2303_audio02.wav] latency=19.67s | "Aku butuh travel umrah simpel, tapi include Madinah Visit."
2026-05-29 22:24:54,581 | stt | INFO | [2303_audio03.wav] latency=19.91s | "Can you help me arrange transport dari Jeddah ke Madinah tom"
2026-05-29 22:25:58,923 | stt | INFO | [2303_audio04.wav] latency=19.57s | "Explain step by step cara apply visa Saudi dengan benar."
2026-05-29 22:27:07,485 | stt | INFO | [2303_audio05.wav] latency=22.61s | "Ya ahri, uridu buk frak ila jadah al-usbu al-qadim, hal bisa"
2026-05-29 22:28:48,020 | stt | INFO | [2303_audio06.wav] latency=19.73s | "Uridu Orange transport Min Jeddah Ila Madinah Radhan"
2026-05-29 22:30:32,444 | stt | INFO | [2303_audio07.wav] latency=20.47s | "Buk flight ke Jeddah lalu lanjut ke Madinah. Skedul terbaik "
2026-05-29 22:31:20,348 | stt | INFO | [2303_audio13.wav] latency=19.91s | "Jelaskan step by step cara booking flight ke Jeddah secara o"
2026-05-29 22:32:01,383 | stt | INFO | [2303_audio15.wav] latency=20.3s | "Tolong buat checklist persiapan umrah termasuk barang wajib "
2026-05-29 22:32:48,962 | stt | INFO | [2303_audio19.wav] latency=19.83s | "Ahianan saya bingung mulai dari mana untuk umrah."
2026-05-29 22:33:26,113 | stt | INFO | [2304_audio01.wav] latency=20.09s | "Aku mau book flight ke Jedah minggu depan. Bisa bantu schedu"
2026-05-29 22:34:04,684 | stt | INFO | [2304_audio02.wav] latency=19.59s | "Aku butuh travel umrah simpel tapi include Madinah Visit."
2026-05-29 22:35:03,627 | stt | INFO | [2304_audio03.wav] latency=19.89s | "Can you help me arrange transport from Jeddah to Madinah tom"
2026-05-29 22:36:08,329 | stt | INFO | [2304_audio04.wav] latency=19.73s | "Explain step by step cara apply visa Saudi dengan benar."
2026-05-29 22:37:15,168 | stt | INFO | [2304_audio05.wav] latency=22.41s | "Ya Achi, Uri Dubuk Flight Ila Jeddah Al-Usbu Al-Qadim, Hal B"
2026-05-29 22:39:07,533 | stt | INFO | [2304_audio06.wav] latency=19.86s | "Uru do Range Transport, Minjid dah ila Madinah Koden"
2026-05-29 22:40:10,782 | stt | INFO | [2304_audio07.wav] latency=20.2s | "Book flight ke Jedah lanjut ke Madinah, schedule terbaik kap"
2026-05-29 22:40:53,976 | stt | INFO | [2304_audio11.wav] latency=19.64s | "Kenapa fasting di Ramadan itu wajib bagi muslim?"
2026-05-29 22:41:31,545 | stt | INFO | [2304_audio15.wav] latency=20.35s | "Tolong buat checklist persiapan umrah termasuk barang wajib "
2026-05-29 22:42:20,597 | stt | INFO | [2304_audio18.wav] latency=20.01s | "I feel overwhelmed dengan persiapan umrah. Ada tips sederhan"
2026-05-29 22:43:23,448 | stt | INFO | [2306_Audio01.wav] latency=20.03s | "Aku mau book flight ke Judaya minggu depan. Bisa bantu sched"
2026-05-29 22:44:06,597 | stt | INFO | [2306_Audio02.wav] latency=20.02s | "Aku butuh travel umrah simpel tapi include Madinah Visit."
2026-05-29 22:45:08,581 | stt | INFO | [2306_Audio03.wav] latency=20.21s | "Can you help aku orange transport dari Jeddah ke Madinah tom"
2026-05-29 22:45:55,429 | stt | INFO | [2306_Audio04.wav] latency=19.62s | "Explain step by step cara apply visa Saudi dengan benar."
2026-05-29 22:47:15,301 | stt | INFO | [2306_Audio05.wav] latency=21.88s | "Ya ok, uridu book flight ilajit dah al usbu al kadem, hal bi"
2026-05-29 22:48:18,546 | stt | INFO | [2306_Audio06.wav] latency=20.26s | "uridu restoran sport minjit dah ilam adina leaden"
2026-05-29 22:49:59,691 | stt | INFO | [2306_Audio11.wav] latency=19.7s | "Kenapa fasting di Ramadan itu wajib bagi muslim?"
2026-05-29 22:50:38,811 | stt | INFO | [2306_Audio12.wav] latency=19.65s | "Bagaimana proses visa Saudi untuk umrah dari Indonesia sekar"
2026-05-29 22:51:19,613 | stt | INFO | [2306_Audio13.wav] latency=20.06s | "Jelaskan step by step cara bukin flight ke jendah secara onl"
2026-05-29 22:52:02,270 | stt | INFO | [2306_Audio14.wav] latency=19.56s | "How to prepare dokumen umrah dari Indonesia dengan benar?"
2026-05-29 22:53:15,919 | stt | INFO | [2306_Audio15.wav] latency=20.24s | "Tolong buat checklist persiapan umrah termasuk barang wajib "
2026-05-29 22:54:05,925 | stt | INFO | [2307_audio01.wav] latency=20.16s | "Aku mau book flight ke Jeddah minggu depan. Bisa bantu sched"
2026-05-29 22:54:43,166 | stt | INFO | [2307_audio02.wav] latency=19.91s | "Aku butuh travel omrah, simpel, tapi include Madinah Visit."
2026-05-29 22:55:48,806 | stt | INFO | [2307_audio03.wav] latency=20.45s | "Bolehkah kamu bantu aku menyiapkan transport dari Jeddah ke "
2026-05-29 22:56:29,251 | stt | INFO | [2307_audio04.wav] latency=19.61s | "Explain step by step cara apply visa Saudi dengan benar."
2026-05-29 22:57:55,022 | stt | INFO | [2307_audio05.wav] latency=23.35s | "Ya Aki, urnidu buk flight ilajedah al-usbu al-qadim. Hal bis"
2026-05-29 22:59:27,233 | stt | INFO | [2307_audio06.wav] latency=20.09s | "Uridu arranges transports from Jeddah to Madinah, Jordan."
2026-05-29 23:00:35,275 | stt | INFO | [2307_audio07.wav] latency=20.7s | "Buk flight ke Jeddah, lalu lanjut ke Madinah. Skejul terbaik"
2026-05-29 23:01:21,328 | stt | INFO | [2307_audio10.wav] latency=20.06s | "Apa perbedaan umrah dan haji secara detail dalam Islam?"
2026-05-29 23:02:05,918 | stt | INFO | [2307_audio15.wav] latency=20.48s | "Tolong buat checklist persiapan umurah termasuk barang wajib"
2026-05-29 23:02:52,816 | stt | INFO | [2307_audio17.wav] latency=20.31s | "Menurut kamu, belajar bahasa Arab itu susah enggak untuk pem"
2026-05-29 23:03:34,782 | stt | INFO | [2308_audio01.wav] latency=20.16s | "Aku mau book flight ke Jedah minggu depan. Bisa bantu schedu"
2026-05-29 23:04:14,435 | stt | INFO | [2308_audio02.wav] latency=19.8s | "Aku butuh travel umrah simpel tapi include Madinah Visit."
2026-05-29 23:05:23,815 | stt | INFO | [2308_audio03.wav] latency=19.92s | "Can you help aku arrange transport dari Jedah ke Madinah tom"
2026-05-29 23:06:24,884 | stt | INFO | [2308_audio04.wav] latency=19.76s | "Explain step by step cara apply visa Saudi dengan benar."
2026-05-29 23:07:46,916 | stt | INFO | [2308_audio05.wav] latency=22.49s | "Ya Akhi, uridu book flight ila Jeddah al-usbu' al-qodim, hal"
2026-05-29 23:08:59,134 | stt | INFO | [2308_audio06.wav] latency=20.01s | "Uri du arrange transport min jedah ila madinah waddan."
2026-05-29 23:10:57,968 | stt | INFO | [2308_audio12.wav] latency=19.85s | "Bagaimana proses visa Saudi untuk umroh dari Indonesia sekar"
2026-05-29 23:11:38,819 | stt | INFO | [2308_audio13.wav] latency=20.06s | "Jelaskan step by step cara booking flight ke Jedah secara on"
2026-05-29 23:12:16,868 | stt | INFO | [2308_audio15.wav] latency=20.44s | "Tolong buat checklist persiapan umroh termasuk barang wajib "
2026-05-29 23:12:57,591 | stt | INFO | [2308_audio17.wav] latency=20.21s | "Menurut kamu, belajar bahasa Arab itu susah nggak untuk pemu"
2026-05-29 23:13:38,070 | stt | INFO | [2309_audio01.wav] latency=20.06s | "Aku mau book fly ke Jeddah minggu depan. Bisa bantu schedule"
2026-05-29 23:14:17,494 | stt | INFO | [2309_audio02.wav] latency=19.97s | "Aku butuh travel umrah simpel tapi include Madinah Visit."
2026-05-29 23:15:22,181 | stt | INFO | [2309_audio03.wav] latency=20.29s | ""Can you help aku arrange transport dari Jeddah ke Madinah t"
2026-05-29 23:16:24,064 | stt | INFO | [2309_audio04.wav] latency=19.76s | "Explain step by step cara apply visa Saudi dengan benar."
2026-05-29 23:17:26,230 | stt | INFO | [2309_audio05.wav] latency=23.05s | "يا أخي وريد بوك فلاك إلى جده الأسبوع القديم هل بيسابنت أجد أ"
2026-05-29 23:19:17,126 | stt | INFO | [2309_audio06.wav] latency=21.7s | "Uridu Range Transport Mincedah ila Madinah Hoddan"
2026-05-29 23:20:32,867 | stt | INFO | [2309_audio08.wav] latency=24.01s | "Uridu schedule trip dari Jeddah ke Mekah besok pagi."
2026-05-29 23:21:20,890 | stt | INFO | [2309_audio12.wav] latency=20.18s | "Bagaimana proses visa Saudi untuk umrah dari Indonesia sekar"
2026-05-29 23:22:11,324 | stt | INFO | [2309_audio15.wav] latency=21.14s | "Tolong buat checklist persiapan umrah termasuk barang wajib "
2026-05-29 23:22:59,646 | stt | INFO | [2309_audio17.wav] latency=20.73s | "Menurut kamu, belajar bahasa Arab itu susah nggak untuk pemu"
2026-05-29 23:23:38,561 | stt | INFO | [2310_Audio01.wav] latency=20.45s | "Aku mau book flight ke jalan minggu depan. Bisa bantu schedu"
2026-05-29 23:24:15,244 | stt | INFO | [2310_Audio02.wav] latency=20.13s | "Aku butuh travel umrah simpel tapi include Madinah Visit"
2026-05-29 23:25:18,569 | stt | INFO | [2310_Audio03.wav] latency=20.61s | "Bolehkah anda tolong saya menanam transport dari Jeddah Kema"
2026-05-29 23:25:58,865 | stt | INFO | [2310_Audio04.wav] latency=20.29s | "Explain step by step cara apply visa Saudi dengan benar."
2026-05-29 23:27:15,356 | stt | INFO | [2310_Audio05.wav] latency=22.33s | "Ya Akhi, uridu book flag ilajadah Al-Usbu Al-Qadim. Hal bisa"
2026-05-29 23:28:24,132 | stt | INFO | [2310_Audio06.wav] latency=19.75s | "Uridu Orange Transport menjadilah Madinah Warden."
2026-05-29 23:30:15,228 | stt | INFO | [2310_Audio07.wav] latency=20.35s | "Book flight ke Jeddah lalu lanjut ke Madinah. Skejul terbaik"
2026-05-29 23:31:07,283 | stt | INFO | [2310_Audio11.wav] latency=19.74s | "Kenapa fasting di Ramadan itu wajib bagi Muslim?"
2026-05-29 23:31:48,717 | stt | INFO | [2310_Audio14.wav] latency=19.56s | "How to prepare dokumen umrah dari Indonesia dengan benar?"
2026-05-29 23:33:22,949 | stt | INFO | [2310_Audio20.wav] latency=45.04s | "Ayo, mwaka nga mwaka."
2026-05-29 23:34:02,847 | stt | INFO | [2311_audio01.wav] latency=20.09s | "Aku mau book flight ke Jeddah minggu depan, bisa bantu sched"
2026-05-29 23:34:37,202 | stt | INFO | [2311_audio02.wav] latency=19.83s | "Aku butuh travel umrah simpel tapi include Madinah Visit"
2026-05-29 23:35:48,854 | stt | INFO | [2311_audio03.wav] latency=20.03s | ""Can you help aku arrange transport dari Jeddah ke Madinah T"
2026-05-29 23:36:26,106 | stt | INFO | [2311_audio04.wav] latency=19.61s | "Explain step by step cara apply visa Saudi dengan benar."
2026-05-29 23:37:36,367 | stt | INFO | [2311_audio05.wav] latency=22.05s | "Ya ahi, uridu book flight ilajet dah al usmu al qadim, hal b"
2026-05-29 23:38:33,788 | stt | INFO | [2311_audio06.wav] latency=19.89s | "Turidu arens transport Minjidda ila Madinah Radhan."
2026-05-29 23:39:40,241 | stt | INFO | [2311_audio09.wav] latency=19.8s | "Mungkin buk transport Minmaka ilamadina untuk besok."
2026-05-29 23:40:43,684 | stt | INFO | [2311_audio12.wav] latency=19.77s | "Bagaimana proses visa Saudi untuk umrah dari Indonesia sekar"
2026-05-29 23:41:29,839 | stt | INFO | [2311_audio14.wav] latency=19.55s | "How to prepare dokumen umrah dari Indonesia dengan benar?"
2026-05-29 23:42:34,618 | stt | INFO | [2311_audio17.wav] latency=20.08s | "Menurut kamu, belajar bahasa Arab itu susah enggak untuk pem"
2026-05-29 23:43:19,048 | stt | INFO | [2312_audio1.wav] latency=20.03s | "Aku mau book flight ke Jeddah minggu depan. Bisa bantu sched"
2026-05-29 23:43:55,615 | stt | INFO | [2312_audio2.wav] latency=19.95s | "Aku butuh travel umrah simpel tapi ingkut Madinah Visit."
2026-05-29 23:44:42,393 | stt | INFO | [2312_audio3.wav] latency=20.3s | "Bolehkah anda tolong saya aturkan transport dari Jeddah ke M"
2026-05-29 23:45:23,982 | stt | INFO | [2312_audio4.wav] latency=19.66s | "Explain step by step cara apply visa Saudi dengan benar."
2026-05-29 23:46:34,717 | stt | INFO | [2312_audio5.wav] latency=22.18s | "Ya akhi, uridu buk flyk ilajad dah al usbu ul kadim, hal bis"
2026-05-29 23:48:24,899 | stt | INFO | [2312_audio6.wav] latency=20.04s | ""Uridu Range Transport Minjid Dah Ila Madinah Gadan""
2026-05-29 23:49:34,630 | stt | INFO | [2312_audio7.wav] latency=20.36s | "Book flight ke Jeddah lalu lanjut ke Madinah. Schedule terba"
2026-05-29 23:50:24,654 | stt | INFO | [2312_audio11.wav] latency=19.79s | "Kenapa fasting di Ramadan itu wajib bagi muslim?"
2026-05-29 23:51:09,119 | stt | INFO | [2312_audio15.wav] latency=20.46s | "Tolong buat checklist persiapan umrah termasuk barang wajib "
2026-05-29 23:51:57,146 | stt | INFO | [2312_audio19.wav] latency=19.85s | "Ah Yanan, saya bingung mulai dari mana untuk umrah."
2026-05-29 23:52:36,111 | stt | INFO | [2312_audio20.wav] latency=19.96s | "Translate ke English Aku mau pergi ke Makkah minggu depan."
2026-05-29 23:53:13,881 | stt | INFO | [2318_audio01.wav] latency=19.97s | "Aku mau buk fly ke Jedah, minggu depan bisa bantu schedule"
2026-05-29 23:53:55,166 | stt | INFO | [2318_audio02.wav] latency=19.8s | "Aku butuh travel umrah simpel, tapi include madinah piscine."
2026-05-29 23:55:53,641 | stt | INFO | [2318_audio03.wav] latency=20.06s | "Ken Yuhab, aku arrange transport dari Jedah ke Madinah, Tumu"
2026-05-29 23:56:35,127 | stt | INFO | [2318_audio04.wav] latency=19.53s | "I explain step by step cara apply PISA Saudi dengan benar."
2026-05-29 23:58:41,103 | stt | INFO | [2318_audio05.wav] latency=22.07s | "Yaahihi uridu buflaik ila jeddah al-usbu al-khalim hal bisa "
2026-05-30 00:00:37,439 | stt | INFO | [2318_audio06.wav] latency=19.7s | "Uridu arens transport, min jeddah ila madinah gadan."
2026-05-30 00:01:45,299 | stt | INFO | [2318_audio09.wav] latency=19.77s | "Mungkin buk transport Min Makkah ila Madinah untuk besok."
2026-05-30 00:03:48,589 | stt | INFO | [2318_audio10.wav] latency=19.73s | "Apa perbedaan umrah dan haji secara detail dalam Islam?"
2026-05-30 00:04:35,013 | stt | INFO | [2318_audio13.wav] latency=19.86s | "Jelaskan step by step cara booking flight ke Jedah secara on"
2026-05-30 00:05:14,187 | stt | INFO | [2318_audio19.wav] latency=19.8s | "Akianan saya bingung mulai dari mana untuk umrah."
2026-05-30 00:05:52,795 | stt | INFO | [2319_Audio1.wav] latency=19.95s | "Aku mau book fly ke Jedah minggu depan, bisa bantu schedule?"
2026-05-30 00:06:32,244 | stt | INFO | [2319_Audio2.wav] latency=19.64s | "Aku butuh travel umrah simpel tapi include Madina Visit."
2026-05-30 00:07:36,479 | stt | INFO | [2319_Audio3.wav] latency=19.68s | "Can you help aku arrange rampat dari Dedah ke Bandidah tomor"
2026-05-30 00:09:38,478 | stt | INFO | [2319_Audio4.wav] latency=20.48s | "Explain step by step cara apply visa Saudi dengan benar."
2026-05-30 00:10:54,160 | stt | INFO | [2319_Audio5.wav] latency=21.87s | "Ya ahli uridubu fly ilajenda lesebuan kadim. Hal bisa bantu "
2026-05-30 00:12:54,973 | stt | INFO | [2319_Audio6.wav] latency=19.92s | "Uridu arrangements transport Min Jeddah ila Madinah Wardan."
2026-05-30 00:14:10,228 | stt | INFO | [2319_Audio10.wav] latency=20.04s | "Apa perbedaan umrah dan hajj secara detail dalam Islam?"
2026-05-30 00:15:03,550 | stt | INFO | [2319_Audio13.wav] latency=20.31s | "Jelaskan step by step cara booking flight ke Jeddah secara o"
2026-05-30 00:15:53,328 | stt | INFO | [2319_Audio16.wav] latency=20.42s | "Guide aku cara pilih hotel di Megah dekat Ahram dengan budge"
2026-05-30 00:16:39,114 | stt | INFO | [2319_Audio19.wav] latency=19.92s | "Ah yanan saya bingung mulai dari mana untuk umrah."
2026-05-30 00:17:18,921 | stt | INFO | [2323_audio01.wav] latency=20.31s | "Aku mau book flight ke jadah minggu depan. Bisa bantu schedu"
2026-05-30 00:17:56,733 | stt | INFO | [2323_audio02.wav] latency=20.03s | "Aku butuh travel umrah simple tapi include madinah fisik."
2026-05-30 00:18:54,103 | stt | INFO | [2323_audio03.wav] latency=19.84s | ""Can you help aku arrange transport dari Jedah ke Madinah to"
2026-05-30 00:19:50,429 | stt | INFO | [2323_audio04.wav] latency=19.71s | "Explain step by step cara apply visa Saudi dengan benar."
2026-05-30 00:20:56,847 | stt | INFO | [2323_audio05.wav] latency=22.61s | "Ya ahli, uridu buk flyk ila jaddah al-usbu al-qadim, hal bis"
2026-05-30 00:22:43,067 | stt | INFO | [2323_audio06.wav] latency=19.73s | "Orido arranged transport from Jeddah to Madinah Khoddan."
2026-05-30 00:23:39,188 | stt | INFO | [2323_audio13.wav] latency=19.96s | "Jelaskan step by step cara booking flight ke Jedah secara on"
2026-05-30 00:24:25,942 | stt | INFO | [2323_audio14.wav] latency=19.48s | "How to prepare Dokumen Umrah dari Indonesia dengan benar."
2026-05-30 00:25:30,640 | stt | INFO | [2323_audio15.wav] latency=20.52s | "Tolong buat checklist persiapan umrah termasuk barang wajib "
2026-05-30 00:26:19,828 | stt | INFO | [2323_audio16.wav] latency=20.54s | "Guide aku cara pilih hotel di Makkah dekat haram dengan budg"
2026-05-30 00:27:02,556 | stt | INFO | [2323_audio18.wav] latency=19.71s | "I feel overwhelmed dengan persiapan umrah Ada tips sederhana"
2026-05-30 00:28:04,111 | stt | INFO | [2325_audio1.wav] latency=20.04s | "Aku mau book flight ke Jedah, minggu depan bisa bantu schedu"
2026-05-30 00:28:40,797 | stt | INFO | [2325_audio2.wav] latency=19.83s | "Aku butuh travel umrah simpel tapi inkluar madinah fizit."
2026-05-30 00:29:27,895 | stt | INFO | [2325_audio3.wav] latency=19.58s | "Can you help aku arrange transport dari Jeddah ke Marina Tom"
2026-05-30 00:30:31,998 | stt | INFO | [2325_audio4.wav] latency=19.53s | "Explain step by step cara apply visa Saudi dengan benar."
2026-05-30 00:31:43,631 | stt | INFO | [2325_audio5.wav] latency=22.93s | "يا أخي، أريد بوك فلاك إلى جده الأسبوع القديم هل بس بنت أجد أ"
2026-05-30 00:32:52,676 | stt | INFO | [2325_audio6.wav] latency=19.78s | "Uridu orange transport menjedah ilang adina keadaan"
2026-05-30 00:33:59,400 | stt | INFO | [2325_audio7.wav] latency=20.22s | "Book flight ke Jedah lalu lanjut ke Madinah, schedule terbai"
2026-05-30 00:34:49,153 | stt | INFO | [2325_audio8.wav] latency=19.81s | "Apa perbedaan umrah dan hajj secara detail dalam Islam?"
2026-05-30 00:35:37,611 | stt | INFO | [2325_audio9.wav] latency=19.61s | "How to prepare dokumen umrah dari Indonesia dengan benar"
2026-05-30 00:36:55,832 | stt | INFO | [2325_audio10.wav] latency=19.71s | "I feel overwhelmed dengan persiapan umrah. Ada tips sederhan"
2026-05-30 00:37:50,782 | stt | INFO | [2326_audio01.wav] latency=19.96s | "Aku mau book flight ke Jedah minggu depan, bisa bantu schedu"
2026-05-30 00:38:30,248 | stt | INFO | [2326_audio02.wav] latency=19.67s | "Aku butuh travel umrah simpel tapi include Madina Visit"
2026-05-30 00:39:36,842 | stt | INFO | [2326_audio03.wav] latency=19.77s | "Can you help aku arrange transport dari Jeddah ke Madinah to"
2026-05-30 00:40:47,298 | stt | INFO | [2326_audio04.wav] latency=19.46s | "Explain step by step cara apply visa Saudi dengan benar"
2026-05-30 00:41:52,236 | stt | INFO | [2326_audio05.wav] latency=22.53s | "Ya Akhi, uridu book flight ila Jeddah, Al-Usbu Al-Qadim. Hal"
2026-05-30 00:43:51,031 | stt | INFO | [2326_audio06.wav] latency=19.89s | "uridu range transport menjedah ila madinah kodan"
2026-05-30 00:45:49,346 | stt | INFO | [2326_audio07.wav] latency=20.35s | "Book flight ke Jeddah lalu lanjut ke Madinah. Schedule terba"
2026-05-30 00:46:28,999 | stt | INFO | [2326_audio11.wav] latency=19.64s | "Kenapa fasting di Ramadan itu wajib bagi muslim?"
2026-05-30 00:47:12,088 | stt | INFO | [2326_audio13.wav] latency=20.05s | "Jelaskan step by step cara booking flight ke Jedah secara on"
2026-05-30 00:48:01,879 | stt | INFO | [2326_audio17.wav] latency=20.15s | "Menurut kamu, belajar bahasa Arab itu susah nggak untuk pemu"
2026-05-30 00:48:41,530 | stt | INFO | [2330_audio01.wav] latency=19.94s | "Aku mau book flight ke Jedah minggu depan. Bisa bantu schedu"
2026-05-30 00:49:16,500 | stt | INFO | [2330_audio02.wav] latency=19.69s | "Aku butuh travel umrah simple tapi include Madinah Visit."
2026-05-30 00:50:23,846 | stt | INFO | [2330_audio03.wav] latency=19.73s | "Can you help aku arrange transport dari Jedah ke Madinah tom"
2026-05-30 00:51:19,229 | stt | INFO | [2330_audio04.wav] latency=19.6s | "Explain step by step cara apply visa Saudi dengan benar."
2026-05-30 00:52:23,259 | stt | INFO | [2330_audio05.wav] latency=22.45s | "Ya ahih uridu bukflik ilah jeddah al-usbu al-kodim. Hal bisa"
2026-05-30 00:54:18,211 | stt | INFO | [2330_audio06.wav] latency=19.86s | "Uridu arrange transport Min Jeddah ila Madinah Gadan."
2026-05-30 00:55:24,651 | stt | INFO | [2330_audio07.wav] latency=20.37s | "Book flight ke Jeddah lalu lanjut ke Madinah. Skejul terbaik"
2026-05-30 00:56:15,997 | stt | INFO | [2330_audio12.wav] latency=19.72s | "Bagaimana proses visa Saudi untuk umrah dari Indonesia sekar"
2026-05-30 00:56:54,985 | stt | INFO | [2330_audio14.wav] latency=19.46s | "How to prepare dokumen umrah dari Indonesia dengan benar"
2026-05-30 00:57:59,125 | stt | INFO | [2330_audio15.wav] latency=20.35s | "Tolong buat checklist persiapan umroh termasuk barang wajib "
2026-05-30 00:58:50,678 | stt | INFO | [2330_audio17.wav] latency=20.15s | "Menurut kamu, belajar Bahasa Arab itu susah enggak untuk pem"
2026-05-30 00:59:29,415 | stt | INFO | [2331_audio01.wav] latency=19.96s | "Aku mau book flight ke Jedah minggu depan. Bisa bantu schedu"
2026-05-30 01:00:11,910 | stt | INFO | [2331_audio02.wav] latency=19.91s | "Aku butuh travel umrah simple, tapi include Madinah Visit."
2026-05-30 01:01:15,251 | stt | INFO | [2331_audio03.wav] latency=19.71s | "Can you help aku arrange transport dari Jedah ke Madinah tom"
2026-05-30 01:02:16,436 | stt | INFO | [2331_audio04.wav] latency=19.63s | "Explain step by step cara apply visa Saudi dengan benar."
2026-05-30 01:03:20,039 | stt | INFO | [2331_audio05.wav] latency=22.02s | "Ya ahi, uridu buk flight ilajedah alus bual kadim. Hal bisa "
2026-05-30 01:04:17,204 | stt | INFO | [2331_audio06.wav] latency=19.91s | "Uridu Range Transport Menjedah ila Madinah Gadan"
2026-05-30 01:06:12,651 | stt | INFO | [2331_audio10.wav] latency=19.76s | "Apa perbedaan umrah dan haji secara detail dalam Islam?"
2026-05-30 01:06:59,912 | stt | INFO | [2331_audio12.wav] latency=19.63s | "Bagaimana proses visa Saudi untuk umrah dari Indonesia sekar"
2026-05-30 01:07:46,114 | stt | INFO | [2331_audio15.wav] latency=20.43s | "Tolong buat checklist persiapan umrah termasuk barang wajib "
2026-05-30 01:08:40,610 | stt | INFO | [2331_audio17.wav] latency=19.97s | "Menurut kamu, belajar bahasa Arab itu susah enggak untuk pem"
2026-05-30 01:09:27,049 | stt | INFO | [2334_audio01.wav] latency=20.25s | "Aku mau book flight ke Jeddah minggu depan. Bisa bantu sched"
2026-05-30 01:10:01,915 | stt | INFO | [2334_audio02.wav] latency=19.59s | "Aku butuh travel umrah simple tapi include Madinah Visit."
2026-05-30 01:11:10,114 | stt | INFO | [2334_audio03.wav] latency=19.66s | "Can you help aku arrange transport dari Jeddah ke Madinah to"
2026-05-30 01:12:13,150 | stt | INFO | [2334_audio04.wav] latency=19.57s | "Explain step by step cara apply visa Saudi dengan benar."
2026-05-30 01:14:05,420 | stt | INFO | [2334_audio05.wav] latency=22.4s | "Ya Akhi, uridu bukflike ilajeddah al-usbu al-qadim, hal bisa"
2026-05-30 01:15:32,960 | stt | INFO | [2334_audio06.wav] latency=19.86s | "Uridu Range Transport Min Jeddah ila Madinah Rodan"
2026-05-30 01:16:31,386 | stt | INFO | [2334_audio07.wav] latency=20.48s | "Book flight ke Jeddah lalu lanjut ke Madinah. Skejul terbaik"
2026-05-30 01:17:22,360 | stt | INFO | [2334_audio08.wav] latency=19.7s | "Bagaimana proses visa Saudi untuk umrah dari Indonesia sekar"
2026-05-30 01:18:02,964 | stt | INFO | [2334_audio09.wav] latency=19.5s | "How to prepare dokumen umrah dari Indonesia dengan benar."
2026-05-30 01:19:08,642 | stt | INFO | [2334_audio10.wav] latency=20.27s | "Menurut kamu, belajar bahasa Arab itu susah nggak untuk pemu"
2026-05-30 01:19:49,841 | stt | INFO | [2337_audio01.wav] latency=20.0s | "Aku mau book flight ke Jeddah minggu depan. Bisa bantu sched"
2026-05-30 01:20:25,749 | stt | INFO | [2337_audio02.wav] latency=19.82s | "Aku butuh travel umroh simpel tapi include Madinah Visit."
2026-05-30 01:21:30,990 | stt | INFO | [2337_audio03.wav] latency=19.83s | ""Can you help aku arrange transport dari Jeddah ke Madinah t"
2026-05-30 01:22:34,225 | stt | INFO | [2337_audio04.wav] latency=19.5s | "Explain step by step cara apply visa Saudi dengan benar."
2026-05-30 01:23:45,984 | stt | INFO | [2337_audio05.wav] latency=22.34s | "Ya Achi, uridu bukflike ilah Jeddah Al-Usbu Al-Qadim hal bis"
2026-05-30 01:25:28,629 | stt | INFO | [2337_audio06.wav] latency=19.91s | "Uridu Arrange Transport Min Jeddah Ila Madinahoddan"
2026-05-30 01:26:40,800 | stt | INFO | [2337_audio07.wav] latency=20.36s | "Book flight ke Jedah lalu lanjut ke Madinah, schedule terbai"
2026-05-30 01:27:22,141 | stt | INFO | [2337_audio13.wav] latency=20.15s | "Jelaskan step by step cara booking flight ke Jeddah secara o"
2026-05-30 01:28:01,942 | stt | INFO | [2337_audio14.wav] latency=19.58s | "How to prepare dokumen umrah dari Indonesia dengan benar"
2026-05-30 01:29:17,350 | stt | INFO | [2337_audio18.wav] latency=19.93s | "I feel overwhelmed dengan persiapan umroh. Ada tips sederhan"
2026-05-30 01:30:22,943 | stt | INFO | [2338_audio01.wav] latency=20.07s | "Aku mau book flight ke Jeddah minggu depan. Bisa bantu sched"
2026-05-30 01:31:01,758 | stt | INFO | [2338_audio02.wav] latency=19.73s | "Aku butuh travel umrah simple, tapi include mandina visit."
2026-05-30 01:32:14,954 | stt | INFO | [2338_audio03.wav] latency=20.19s | ""Can you help aku arrange transport dari Jeddah ke Madinah t"
2026-05-30 01:33:13,797 | stt | INFO | [2338_audio04.wav] latency=19.61s | "Explain step by step cara apply visa Saudi dengan benar."
2026-05-30 01:34:25,135 | stt | INFO | [2338_audio05.wav] latency=22.58s | "Ya ahli, uridu buk flight ilajerdah al-usbu al-qadim, hal bi"
2026-05-30 01:35:06,275 | stt | INFO | [2338_audio06.wav] latency=20.1s | "Uri 2 Range Transport Minjit dah ilang Madinah, Rodan."
2026-05-30 01:36:47,059 | stt | INFO | [2338_audio12.wav] latency=19.71s | "Bagaimana proses visa Saudi untuk umrah dari Indonesia sekar"
2026-05-30 01:37:26,792 | stt | INFO | [2338_audio13.wav] latency=19.9s | "Jelaskan step by step cara booking flight ke Jeddah secara o"
2026-05-30 01:38:16,929 | stt | INFO | [2338_audio15.wav] latency=20.45s | "Tolong buat checklist persiapan umrah termasuk barang wajib "
2026-05-30 01:39:08,844 | stt | INFO | [2338_audio17.wav] latency=20.27s | "Menurut kamu, belajar bahasa Arab itu susah nggak untuk pemu"
2026-05-30 01:39:50,556 | stt | INFO | [2341_audio01.wav] latency=20.15s | "Aku mau buk flight ke Jedah minggu depan. Bisa bantu schedul"
2026-05-30 01:40:26,695 | stt | INFO | [2341_audio01(1).wav] latency=20.01s | "Aku mau buk flight ke Jedah minggu depan. Bisa bantu schedul"
2026-05-30 01:41:02,567 | stt | INFO | [2341_audio02.wav] latency=19.99s | "Aku butuh travel umrah simpel, tapi include Madinafisip."
2026-05-30 01:42:20,005 | stt | INFO | [2341_audio02(1).wav] latency=20.03s | "Aku butuh travel umrah simpel, tapi include Madinafisip."
2026-05-30 01:43:29,338 | stt | INFO | [2341_audio03.wav] latency=20.26s | "Bolehkah kamu tolong saya mengurangkan transport dari Jeddah"
2026-05-30 01:44:21,940 | stt | INFO | [2341_audio03(1).wav] latency=20.45s | "Bolehkah kamu tolong saya mengurangkan transport dari Jeddah"
2026-05-30 01:45:10,984 | stt | INFO | [2341_audio04.wav] latency=19.65s | "Explain step by step cara apply visa Saudi dengan benar."
2026-05-30 01:46:23,741 | stt | INFO | [2341_audio04(1).wav] latency=19.44s | "Explain step by step cara apply visa Saudi dengan benar."
2026-05-30 01:47:27,263 | stt | INFO | [2341_audio05.wav] latency=22.48s | "Ya akri, uridu book flight ilajadah Al-Usbu Al-Qadim, hal bi"
2026-05-30 01:48:41,521 | stt | INFO | [2341_audio05(1).wav] latency=22.33s | "Ya akri, uridu book flight ilajadah Al-Usbu Al-Qadim, hal bi"
2026-05-30 01:49:37,939 | stt | INFO | [2341_audio06.wav] latency=19.98s | "Uridu Orange Transpars Menjedah Ila Madinah dan"
2026-05-30 01:51:29,425 | stt | INFO | [2341_audio06(1).wav] latency=19.87s | "Uridu Orange Transpars Menjedah Ila Madinah dan"
2026-05-30 01:53:19,240 | stt | INFO | [2341_audio07.wav] latency=20.46s | "Book flight ke Jedah lalu lanjut ke Madinah, schedule terbai"
2026-05-30 01:54:17,772 | stt | INFO | [2341_audio07(1).wav] latency=20.41s | "Book flight ke Jedah lalu lanjut ke Madinah, schedule terbai"
2026-05-30 01:55:02,170 | stt | INFO | [2341_audio08.wav] latency=19.7s | "Bagaimana proses visa Saudi untuk umrah dari Indonesia sekar"
2026-05-30 01:55:39,806 | stt | INFO | [2341_audio08(1).wav] latency=19.6s | "Bagaimana proses visa Saudi untuk umrah dari Indonesia sekar"
2026-05-30 01:56:24,540 | stt | INFO | [2341_audio09.wav] latency=19.44s | "How to prepare dokumen umrah dari Indonesia dengan benar?"
2026-05-30 01:57:36,843 | stt | INFO | [2341_audio09(1).wav] latency=19.48s | "How to prepare dokumen umrah dari Indonesia dengan benar?"
2026-05-30 01:58:42,696 | stt | INFO | [2341_audio10.wav] latency=20.06s | "Menurut kamu, belajar bahasa Arab itu susah nggak untuk pemu"
2026-05-30 01:59:31,825 | stt | INFO | [2341_audio10(1).wav] latency=20.09s | "Menurut kamu, belajar bahasa Arab itu susah nggak untuk pemu"
2026-05-30 02:00:18,436 | stt | INFO | [2342_audio01.wav] latency=20.02s | "Aku mau book flight ke Jedah minggu depan, bisa bantu schedu"
2026-05-30 02:00:57,850 | stt | INFO | [2342_audio02.wav] latency=19.68s | "Aku butuh travel umrah simpel tapi include Madinah Visit."
2026-05-30 02:02:00,172 | stt | INFO | [2342_audio03.wav] latency=19.7s | "Can you help aku arrange transport dari Jeddah ke Madinah to"
2026-05-30 02:03:01,363 | stt | INFO | [2342_audio04.wav] latency=19.62s | "Explain step by step cara apply visa Saudi dengan benar."
2026-05-30 02:04:21,625 | stt | INFO | [2342_audio05.wav] latency=22.97s | "Ya, aku uridu buku klik, ilah jaddah al-usbu'an al-qodim, ha"
2026-05-30 02:06:07,209 | stt | INFO | [2342_audio06.wav] latency=19.71s | "Uridu Range Transport Menjaddah Ila Madinah Waden"
2026-05-30 02:07:23,137 | stt | INFO | [2342_audio10.wav] latency=19.83s | "Apa perbedaan umrah dan hajj secara detail dalam Islam?"
2026-05-30 02:08:10,738 | stt | INFO | [2342_audio11.wav] latency=19.62s | "Kenapa fasting di Ramadan itu wajib bagi Muslim?"
2026-05-30 02:08:49,791 | stt | INFO | [2342_audio14.wav] latency=19.52s | "How to prepare Dokumen Om Roh dari Indonesia dengan benar"
2026-05-30 02:09:52,132 | stt | INFO | [2342_audio19.wav] latency=19.91s | "Ah, yanan saya bingung mulai dari mana untuk umrah."
2026-05-30 02:10:31,823 | stt | INFO | [2343_audio1.wav] latency=20.01s | "Aku mau book flight ke Jedah minggu depan, bisa bantu schedu"
2026-05-30 02:11:21,169 | stt | INFO | [2343_audio2.wav] latency=19.79s | "Aku butuh travel umrah simpel tapi include Madinah Visit."
2026-05-30 02:12:31,669 | stt | INFO | [2343_audio3.wav] latency=19.69s | "Can you help aku arise transport dari Jeddah ke Bandina tomo"
2026-05-30 02:13:16,719 | stt | INFO | [2343_audio4.wav] latency=19.71s | "Explain step by step cara apply visa Saudi dengan benar."
2026-05-30 02:14:36,860 | stt | INFO | [2343_audio5.wav] latency=22.2s | "Ya aki, uri dubuk flyk ila jeddah usbun al-qadim, hal bisa b"
2026-05-30 02:16:30,813 | stt | INFO | [2343_audio6.wav] latency=19.79s | "Uridu aretsan spot minjedah ilamadi nahgodon"
2026-05-30 02:18:29,697 | stt | INFO | [2343_audio12.wav] latency=19.66s | "Bagaimana proses visa Saudi untuk umrah dari Indonesia sekar"
2026-05-30 02:19:20,896 | stt | INFO | [2343_audio14.wav] latency=19.71s | "How to prepare dokumen umrah dari Indonesia dengan benar?"
2026-05-30 02:20:46,425 | stt | INFO | [2343_audio16.wav] latency=20.14s | "Guide aku cara pilih hotel di Merkah dekat haram dengan budg"
2026-05-30 02:21:40,235 | stt | INFO | [2343_audio18.wav] latency=19.79s | "I will upper hand dengan persiapan umrah. Ada tips sederhana"
2026-05-30 02:22:23,865 | stt | INFO | [2344_audio1.m4a.wav] latency=19.97s | "Aku mau book flight ke Jedah minggu depan. Bisa bantu schedu"
2026-05-30 02:23:09,835 | stt | INFO | [2344_audio2.m4a.wav] latency=19.82s | "Aku butuh travel umrah simple, tapi include Madinah Visit."
2026-05-30 02:24:32,950 | stt | INFO | [2344_audio3.m4a.wav] latency=20.5s | "Bolehkah anda tolong saya aturkan transport dari Jedah ke Ma"
2026-05-30 02:25:22,011 | stt | INFO | [2344_audio4.wav] latency=19.66s | "Explain step by step cara apply visa Saudi dengan benar."
2026-05-30 02:26:44,909 | stt | INFO | [2344_audio5.m4a.wav] latency=22.37s | "Ya Aki, uridu buk flyk ilaj dah el usbu an kadim, hal bisa b"
2026-05-30 02:28:36,159 | stt | INFO | [2344_audio6.m4a.wav] latency=19.96s | "Unidu Range Transport Minjidah Ila Madinah Gwadan"
2026-05-30 02:30:17,383 | stt | INFO | [2344_audio10.m4a.wav] latency=19.75s | "Apa perbedaan umrah dan haji secara detail dalam Islam?"
2026-05-30 02:31:01,714 | stt | INFO | [2344_audio13.wav] latency=19.93s | "Jelaskan step by step cara booking flight ke judah secara on"
2026-05-30 02:31:40,398 | stt | INFO | [2344_audio17.wav] latency=20.02s | "Menurut kamu, belajar bahasa Arab itu susah gak untuk pemula"
2026-05-30 02:32:18,647 | stt | INFO | [2344_audio20.m4a.wav] latency=19.88s | "Translate ke English Aku mau pergi ke Mekah minggu depan"
2026-05-30 02:33:14,844 | stt | INFO | [2345_audio01.wav] latency=20.2s | "Aku mau book flight ke Jeddah minggu depan. Bisa bantu sched"
2026-05-30 02:34:04,093 | stt | INFO | [2345_audio02.wav] latency=19.9s | "Aku butuh travel umrah simpel tapi untuk Madinah Visit."
2026-05-30 02:34:53,793 | stt | INFO | [2345_audio03.wav] latency=20.91s | ""Can you help aku arrange transport dari Jedah ke Madinah to"
2026-05-30 02:35:56,880 | stt | INFO | [2345_audio04.wav] latency=19.51s | "Explain step by step cara apply visa Saudi dengan benar."
2026-05-30 02:37:05,140 | stt | INFO | [2345_audio05.wav] latency=22.51s | "Ya akhi, uridu bukti ila jeddah al-usbu 'al-qadim. Hal bisa "
2026-05-30 02:38:58,182 | stt | INFO | [2345_audio06.wav] latency=19.88s | "Uri du arrange transport minjeqdah ila madinah wadhan."
2026-05-30 02:39:59,836 | stt | INFO | [2345_audio07.wav] latency=20.41s | "Book flight ke Jeddah, lalu lanjut ke Madinah. Skejul terbai"
2026-05-30 02:40:53,180 | stt | INFO | [2345_audio08.wav] latency=19.85s | "Apa perbedaan umrah dan haji secara detail dalam Islam?"
2026-05-30 02:41:39,738 | stt | INFO | [2345_audio09.wav] latency=19.86s | "Kenapa fasting di Ramadhan itu wajib bagi muslim?"
2026-05-30 02:42:28,038 | stt | INFO | [2345_audio10.wav] latency=19.85s | "Bagaimana proses visa Saudi untuk umrah dari Indonesia sekar"
2026-05-30 02:43:08,677 | stt | INFO | [2345_audio11.wav] latency=20.12s | "Jelaskan step by step cara booking flight ke Jeddah secara o"
2026-05-30 02:43:54,733 | stt | INFO | [2345_audio12.wav] latency=19.65s | "How to prepare dokumen umrah dari Indonesia dengan benar?"
2026-05-30 02:45:09,922 | stt | INFO | [2345_audio13.wav] latency=20.49s | "Tolong buat checklist persiapan umroh termasuk barang wajib "
2026-05-30 02:45:53,112 | stt | INFO | [2345_audio14.wav] latency=20.18s | "Menurut kamu, belajar bahasa Arab itu susah gak untuk pemula"
2026-05-30 02:46:33,840 | stt | INFO | [2345_audio15.wav] latency=19.95s | "Ah ya Anan, saya bingung mulai dari mana untuk umrah."
2026-05-30 02:47:12,681 | stt | INFO | [2347_audio1.wav] latency=20.11s | "Aku mau book fly ke Jedah minggu depan. Bisa bantu schedule."
2026-05-30 02:47:48,750 | stt | INFO | [2347_audio2.wav] latency=19.85s | "Aku butuh travel umrah simpel tapi include Madinah Visit."
2026-05-30 02:48:53,042 | stt | INFO | [2347_audio3.wav] latency=19.81s | "Can you help aku arrange transport dari Jedah ke Madinah tom"
2026-05-30 02:49:55,741 | stt | INFO | [2347_audio4.wav] latency=19.57s | "Explain step by step cara apply visa Saudi dengan benar."
2026-05-30 02:51:15,391 | stt | INFO | [2347_audio5.wav] latency=22.51s | "Ya ahi uridu bukflik ilajedah al-usbu al-kadhim. Hal bisa ba"
2026-05-30 02:53:08,706 | stt | INFO | [2347_audio6.wav] latency=19.85s | "Uridu Range Transport Min Jeddah Ila Madinah Godan"
2026-05-30 02:54:28,207 | stt | INFO | [2347_audio7.wav] latency=20.43s | "Book flight ke Jedah, lalu lanjut ke Madinah, schedule terba"
2026-05-30 02:55:24,260 | stt | INFO | [2347_audio11.wav] latency=19.72s | "Kenapa fasting di Ramadan itu wajib bagi muslim?"
2026-05-30 02:56:03,247 | stt | INFO | [2347_audio14.wav] latency=19.5s | "How to prepare dokumen umrah dari Indonesia dengan benar."
2026-05-30 02:57:05,632 | stt | INFO | [2347_audio17.wav] latency=20.08s | "Menurut kamu, belajar bahasa Arab itu susah enggak untuk pem"
2026-05-30 02:57:40,675 | stt | INFO | [2348_audio01.wav] latency=20.03s | "Aku mau buk flight ke Jeddah, minggu depan bisa bantu schedu"
2026-05-30 02:58:20,937 | stt | INFO | [2348_audio02.wav] latency=19.79s | "Aku butuh travel umrah simple tapi include Madinah Visit."
2026-05-30 02:59:29,508 | stt | INFO | [2348_audio03.wav] latency=20.27s | "Bolehkah anda tolong saya aturkan transport dari Jeddah ke M"
2026-05-30 03:00:21,424 | stt | INFO | [2348_audio04.wav] latency=19.66s | "Explain step by step cara apply visa Saudi dengan benar."
2026-05-30 03:01:32,026 | stt | INFO | [2348_audio05.wav] latency=21.97s | "Ya Aki, uridu buk flight ilajir dah el usbu al qadim, hal bi"
2026-05-30 03:02:34,013 | stt | INFO | [2348_audio06.wav] latency=19.76s | "Uridu Range Transport menjeda ilamadina rodan."
2026-05-30 03:03:41,497 | stt | INFO | [2348_audio07.wav] latency=20.34s | "Book flight ke Jeddah lalu lanjut ke Madinah. Skejul terbaik"
2026-05-30 03:04:27,223 | stt | INFO | [2348_audio12.wav] latency=19.51s | "Bagaimana proses visa Saudi untuk umrah dari Indonesia sekar"
2026-05-30 03:05:14,823 | stt | INFO | [2348_audio13.wav] latency=19.92s | "Jelaskan step by step cara booking flight ke Jeddah secara o"
2026-05-30 03:05:51,519 | stt | INFO | [2348_audio14.wav] latency=19.3s | "How to prepare umrah documents from Indonesia correctly."
2026-05-30 03:07:05,454 | stt | INFO | [2355_audio01.wav] latency=20.05s | "Aku mau book fly ke Jedah minggu depan. Bisa bantu schedule."
2026-05-30 03:08:01,685 | stt | INFO | [2355_audio02.wav] latency=19.8s | "Aku butuh travel umrah simpel tapi include Madinah Visit."
2026-05-30 03:08:57,588 | stt | INFO | [2355_audio03.wav] latency=19.66s | "Can you help aku arrange transport dari Jedah ke Madinah tom"
2026-05-30 03:10:03,429 | stt | INFO | [2355_audio04.wav] latency=19.57s | "Explain step by step cara apply visa Saudi dengan benar."
2026-05-30 03:11:52,218 | stt | INFO | [2355_audio05.wav] latency=22.11s | "Ya akhi, uridu book flight ilajadah al-usbu al-qadim hal bis"
2026-05-30 03:12:53,049 | stt | INFO | [2355_audio06.wav] latency=19.92s | "Uridu Rains Transport Menjadah Ila Madinah, Gadan"
2026-05-30 03:14:34,244 | stt | INFO | [2355_audio07.wav] latency=20.32s | "Book flight ke Jeddah lalu lanjut ke Madinah, skedul terbaik"
2026-05-30 03:15:21,283 | stt | INFO | [2355_audio10.wav] latency=19.86s | "Apa perbedaan umrah dan haji secara detail dalam Islam?"
2026-05-30 03:16:09,909 | stt | INFO | [2355_audio13.wav] latency=19.99s | "Jelaskan step by step cara booking flight ke Jedah secara on"
2026-05-30 03:16:49,210 | stt | INFO | [2355_audio17.wav] latency=20.12s | "Menurut kamu, belajar bahasa Arab itu susah gak untuk pemula"
2026-05-30 03:17:28,063 | stt | INFO | [2357_audio01.wav] latency=20.19s | "Aku mau book fly ke Jedah minggu depan. Bisa bantu skejul?"
2026-05-30 03:18:08,570 | stt | INFO | [2357_audio02.wav] latency=19.7s | "Aku butuh travel umrah simple tapi include Madinah Visit."
2026-05-30 03:19:15,626 | stt | INFO | [2357_audio03.wav] latency=19.72s | "Can you help aku arrange transport dari Jedah ke Madinah tom"
2026-05-30 03:20:16,697 | stt | INFO | [2357_audio04.wav] latency=19.59s | "Explain step by step cara apply visa Saudi dengan benar."
2026-05-30 03:21:34,829 | stt | INFO | [2357_audio05.wav] latency=22.34s | "Yaa Aki, uridu book flight ilajet dah al-usbu al-adim, hal b"
2026-05-30 03:23:24,308 | stt | INFO | [2357_audio06.wav] latency=19.63s | "Uridu Range Transport Min Jeddah Ila Madinah Rodan"
2026-05-30 03:25:13,814 | stt | INFO | [2357_audio07.wav] latency=20.5s | "Book flight ke Jeddah lalu lanjut ke Madinah. Skejul terbaik"
2026-05-30 03:25:59,348 | stt | INFO | [2357_audio12.wav] latency=19.69s | "Bagaimana proses visa Saudi untuk Umrah dari Indonesia sekar"
2026-05-30 03:26:45,110 | stt | INFO | [2357_audio15.wav] latency=20.27s | "Tolong buat checklist persiapan umroh termasuk barang wajib "
2026-05-30 03:27:32,335 | stt | INFO | [2357_audio17.wav] latency=20.03s | "Menurut kamu, belajar bahasa Arab itu susah gak untuk pemula"
2026-05-30 03:28:15,587 | stt | INFO | [2359_audio1.wav] latency=20.15s | "Aku mau book flight ke Jeddah minggu depan. Bisa bantu sched"
2026-05-30 03:28:58,806 | stt | INFO | [2359_audio2.wav] latency=19.68s | "Aku butuh travel umrah simpel tapi include Madinah Visit."
2026-05-30 03:30:00,566 | stt | INFO | [2359_audio3.wav] latency=19.68s | "Can you help aku arrange transport dari Jeddah ke Madinah to"
2026-05-30 03:31:00,005 | stt | INFO | [2359_audio4.wav] latency=19.45s | "Explain step by step cara apply visa Saudi dengan benar."
2026-05-30 03:32:10,240 | stt | INFO | [2359_audio5.wav] latency=22.41s | "Ya Aki, uridu bukflik ilajad dah al-usbu al-qadim. Hal bisa "
2026-05-30 03:33:35,146 | stt | INFO | [2359_audio6.wav] latency=19.77s | "Uridu Range Transport Minjad Dahilah Madinah Rodan"
2026-05-30 03:34:57,360 | stt | INFO | [2359_audio7.wav] latency=20.32s | "Book flight ke Jeddah lalu lanjut ke Madinah. Skejul terbaik"
2026-05-30 03:35:54,188 | stt | INFO | [2359_audio12.wav] latency=19.71s | "Bagaimana proses pisah Saudi untuk umrah dari Indonesia seka"
2026-05-30 03:36:35,574 | stt | INFO | [2359_audio14.wav] latency=19.43s | "How to prepare dokumen umrah dari Indonesia dengan benar"
2026-05-30 03:37:37,677 | stt | INFO | [2359_audio17.wav] latency=19.95s | "Menurut kamu belajar bahasa Arab itu susah gak untuk pemula?"
2026-05-30 03:38:17,499 | stt | INFO | [2360_audio01.wav] latency=20.13s | "Aku mau book flight ke Jedah minggu depan. Bisa bantu schedu"
2026-05-30 03:38:52,000 | stt | INFO | [2360_audio02.wav] latency=19.73s | "Aku butuh travel umrah simpel tapi include Madinah Visit."
2026-05-30 03:39:59,604 | stt | INFO | [2360_audio03.wav] latency=19.75s | "Can you help aku arrange transport dari Jedah ke Madinah tom"
2026-05-30 03:40:56,649 | stt | INFO | [2360_audio04.wav] latency=19.67s | "Explain step by step cara apply visa Saudi dengan benar."
2026-05-30 03:41:56,593 | stt | INFO | [2360_audio05.wav] latency=22.16s | "Ya akhi, uriduh book flight ila Jeddah l'usbuwan l'qadim. Ha"
2026-05-30 03:43:51,126 | stt | INFO | [2360_audio06.wav] latency=19.87s | "Uridu range transport menjeda ilang Madinah Gowdan."
2026-05-30 03:45:29,742 | stt | INFO | [2360_audio07.wav] latency=20.42s | "Book flight ke Jedah lalu lanjut ke Madinah, schedule terbai"
2026-05-30 03:46:25,710 | stt | INFO | [2360_audio10.wav] latency=19.66s | "Apa perbedaan umrah dan hajj secara detail dalam Islam?"
2026-05-30 03:47:12,184 | stt | INFO | [2360_audio11.wav] latency=19.75s | "Kenapa fasting di Ramadan itu wajib bagi muslim?"
2026-05-30 03:47:51,064 | stt | INFO | [2360_audio14.wav] latency=19.62s | "How to prepare dokumen umrah dari Indonesia dengan benar"
2026-05-30 03:48:55,309 | stt | INFO | [2362_audio01.wav] latency=19.94s | "aku mau book flight ke Jedah minggu depan, bisa bantu schedu"
2026-05-30 03:49:32,010 | stt | INFO | [2362_audio02.wav] latency=19.77s | "Aku butuh travel umrah simpel tapi include Madinah Visit."
2026-05-30 03:50:32,549 | stt | INFO | [2362_audio03.wav] latency=19.82s | "bisa bantu aku arrange transport dari Jeddah ke Madinah tomo"
2026-05-30 03:51:19,593 | stt | INFO | [2362_audio04.wav] latency=19.65s | "explain step by step cara apply visa Saudi dengan benar"
2026-05-30 03:52:25,874 | stt | INFO | [2362_audio05.wav] latency=22.19s | "Ya Aki, uridu book flight ila Jeddah al-Usbu al-Qadim. Hal b"
2026-05-30 03:54:20,338 | stt | INFO | [2362_audio06.wav] latency=19.9s | "uridu range transport Minjedah ila Madinah Gadan"
2026-05-30 03:55:27,803 | stt | INFO | [2362_audio07.wav] latency=20.34s | "Book flight ke Jedah lalu lanjut ke Maninah, schedule terbai"
2026-05-30 03:56:14,879 | stt | INFO | [2362_audio11.wav] latency=19.71s | "Kenapa fasting di ramadan itu wajib bagi muslim?"
2026-05-30 03:56:54,548 | stt | INFO | [2362_audio15.wav] latency=20.45s | "Tolong buat checklist persiapan umrah termasuk barang wajib "
2026-05-30 03:57:36,229 | stt | INFO | [2362_audio17.wav] latency=20.24s | "Menurut kamu, belajar bahasa Arab itu susah enggak untuk uml"
2026-05-30 03:58:13,163 | stt | INFO | [2362_audio20.wav] latency=19.88s | "Translate ke English Aku mau pergi ke Mekah minggu depan"
2026-05-30 03:58:54,496 | stt | INFO | [2363_audio01.wav] latency=19.9s | "Aku mau book flight ke Jedah Inggu depan. Bisa bantu schedul"
2026-05-30 03:59:35,003 | stt | INFO | [2363_audio02.wav] latency=19.74s | "Aku butuh travel umrah simpel tapi include Madinah Visit."
2026-05-30 04:00:37,868 | stt | INFO | [2363_audio03.wav] latency=19.69s | "Can you help aku arrange transport dari Jedah ke Madinah tom"
2026-05-30 04:01:30,352 | stt | INFO | [2363_audio04.wav] latency=19.63s | "Explain step by step cara apply visa Saudi dengan benar."
2026-05-30 04:03:18,111 | stt | INFO | [2363_audio05.wav] latency=22.11s | "Ya Akhi, uridu book flight ila jeddah al-usbu an-kidam? Al b"
2026-05-30 04:04:52,500 | stt | INFO | [2363_audio06.wav] latency=19.89s | "uridu range transport Minjidah ila Madinah Radan."
2026-05-30 04:06:48,053 | stt | INFO | [2363_audio07.wav] latency=20.33s | "Book flight ke Jedah lanjut ke Madinah, skedul terbaik kapan"
2026-05-30 04:07:39,104 | stt | INFO | [2363_audio10.wav] latency=19.75s | "Apa perbedaan umrah dan haji secara detail dalam Islam?"
2026-05-30 04:08:27,598 | stt | INFO | [2363_audio11.wav] latency=19.65s | "Rapan fasting di Ramadhan itu wajib bagi muslim."
2026-05-30 04:09:07,759 | stt | INFO | [2363_audio14.wav] latency=19.59s | "How to prepare dokumen umrah dari Indonesia dengan benar."
2026-05-30 04:10:10,521 | stt | INFO | [2364_audio01.wav] latency=20.01s | "Aku mau book fly ke Jeddah minggu depan. Bisa bantu schedule"
2026-05-30 04:10:48,017 | stt | INFO | [2364_audio02.wav] latency=19.71s | "Aku butuh travel umrah simple tapi include madinah fisik."
2026-05-30 04:12:02,829 | stt | INFO | [2364_audio03.wav] latency=20.32s | "Bolehkah Anda membantu saya menyiapkan transport dari Jeddah"
2026-05-30 04:12:41,229 | stt | INFO | [2364_audio04.wav] latency=19.52s | "Explain step by step cara apply visa Saudi dengan benar."
2026-05-30 04:13:48,830 | stt | INFO | [2364_audio05.wav] latency=22.19s | "Ya Akhi, uridu book flight ila Jeddah Al-Usbu Al-Qadim. Hal "
2026-05-30 04:15:46,520 | stt | INFO | [2364_audio06.wav] latency=19.85s | "Uridu Arrange Transport Min Jeddah Ila Madinahwadan"
2026-05-30 04:16:37,915 | stt | INFO | [2364_audio12.wav] latency=19.73s | "Bagaimana proses visa Saudi untuk umrah dari Indonesia sekar"
2026-05-30 04:17:13,764 | stt | INFO | [2364_audio13.wav] latency=20.07s | "Jelaskan step by step cara booking fly ke Jeddah secara onli"
2026-05-30 04:18:00,122 | stt | INFO | [2364_audio14.wav] latency=19.48s | "How to prepare Dokumen Umrah dari Indonesia dengan benar?"
2026-05-30 04:19:20,875 | stt | INFO | [2364_audio17.wav] latency=20.08s | "Menurut kamu, belajar bahasa Arab itu susah nggak untuk pemu"
2026-05-30 04:20:00,221 | stt | INFO | [2366_audio01.wav] latency=19.97s | "Aku mau book flight ke Jeddah minggu depan. Bisa bantu sched"
2026-05-30 04:20:41,029 | stt | INFO | [2366_audio02.wav] latency=19.75s | "Aku butuh travel umrah simpel tapi include madinah visit."
2026-05-30 04:21:48,066 | stt | INFO | [2366_audio03.wav] latency=19.72s | "Can you help aku arrange transport dari Jeddah ke Madinah to"
2026-05-30 04:22:56,015 | stt | INFO | [2366_audio04.wav] latency=19.66s | ""Explain step by step cara apply bisa Saudi dengan benar""
2026-05-30 04:24:11,492 | stt | INFO | [2366_audio05.wav] latency=22.28s | "Ya ahli, uridu buk flight ilajadah al-usbu al-qadim, hal bis"
2026-05-30 04:26:01,471 | stt | INFO | [2366_audio06.wav] latency=19.83s | "uridu arrange transport mencet dah ila madinahkwadan"
2026-05-30 04:27:10,953 | stt | INFO | [2366_audio07.wav] latency=20.7s | "Book flight ke Judah, lalu lanjut ke Madinah. Skejul terbaik"
2026-05-30 04:28:03,019 | stt | INFO | [2366_audio11.wav] latency=19.78s | "Kenapa fasting di Ramadan itu wajib bagi muslim?"
2026-05-30 04:28:38,856 | stt | INFO | [2366_audio13.wav] latency=19.83s | "jelaskan step by step cara booking flight gadget dah secara "
2026-05-30 04:29:45,037 | stt | INFO | [2366_audio15.wav] latency=20.34s | "tolong bawa checklist persiapan umrah termasuk barang wajib "
2026-05-30 04:30:24,879 | stt | INFO | [2367_audio1.wav] latency=20.02s | "Aku mau book flight ke Jeddah minggu depan. Bisa bantu sched"
2026-05-30 04:31:08,720 | stt | INFO | [2367_audio2.wav] latency=19.93s | "Aku butuh travel omroah simpel tapi include Madinah Visit."
2026-05-30 04:32:15,218 | stt | INFO | [2367_audio3.wav] latency=19.78s | ""Can you help aku arrange transport dari Jeddah ke Bandina t"
2026-05-30 04:33:18,021 | stt | INFO | [2367_audio4.wav] latency=19.54s | "Explain step by step cara apply visa Saudi dengan benar."
2026-05-30 04:34:41,317 | stt | INFO | [2367_audio5.wav] latency=22.4s | "Ya, Akhi, kuri du bu flight ila jeddah al-usbu an al-qadim. "
2026-05-30 04:36:48,483 | stt | INFO | [2367_audio6.wav] latency=20.0s | "Uridu Range Transport, Minjitda ilamadhinah kodan."
2026-05-30 04:37:51,291 | stt | INFO | [2367_audio7.wav] latency=20.35s | "Book flight ke Jeddah, lalu lanjut ke Madinah. Schedule terb"
2026-05-30 04:38:39,653 | stt | INFO | [2367_audio10.wav] latency=19.83s | "Apa perbedaan umrah dan hajj secara detail dalam Islam?"
2026-05-30 04:39:24,809 | stt | INFO | [2367_audio13.wav] latency=19.94s | "Jelaskan step by step cara booking flight ke Jeddah secara o"
2026-05-30 04:40:08,903 | stt | INFO | [2367_audio18.wav] latency=19.72s | "I feel overwhelmed dengan persiapan umrah. Ada tips sederhan"
2026-05-30 04:41:14,177 | stt | INFO | [2369_audio1.wav] latency=20.13s | "Kami ingin buka pesawat ke Jeddah minggu depan. Bisa membant"
2026-05-30 04:41:53,292 | stt | INFO | [2369_audio2.wav] latency=19.73s | "Aku butuh travel umrah simple tapi include Madinah Visit."
2026-05-30 04:42:58,741 | stt | INFO | [2369_audio3.wav] latency=20.2s | "Bolehkah anda membantu saya menyiapkan transport dari Jeddah"
2026-05-30 04:43:32,793 | stt | INFO | [2369_audio4.wav] latency=19.7s | "Explain step by step cara apply visa Saudi dengan benar."
2026-05-30 04:44:42,783 | stt | INFO | [2369_audio5.wav] latency=22.39s | "Ya akhih, uridu book flight ila jeddah al-usbu al-qadim. Hal"
2026-05-30 04:46:41,538 | stt | INFO | [2369_audio6.wav] latency=19.79s | "Uri du erens transport menjendah ilama dinah wadan."
2026-05-30 04:48:31,937 | stt | INFO | [2369_audio7.wav] latency=20.32s | "Book flight ke Jeddah, lalu lanjut ke Madinah. Skejul terbai"
2026-05-30 04:49:16,816 | stt | INFO | [2369_audio8.wav] latency=20.26s | ""Buridu" schedule trip "Min Jeddah" ilamakah "Bukrosabah""
2026-05-30 04:50:52,878 | stt | INFO | [2369_audio9.wav] latency=19.66s | "Bagaimana proses via Saudi untuk umrah dari Indonesia sekara"
2026-05-30 04:51:37,890 | stt | INFO | [2369_audio10.wav] latency=19.84s | "Jelaskan step by step cara booking flight ke Jedah secara on"
2026-05-30 04:52:19,257 | stt | INFO | [2371_audio01.wav] latency=20.08s | "Aku mau book flight ke Jedah minggu depan. Bisa bantu schedu"
2026-05-30 04:53:00,337 | stt | INFO | [2371_audio02.wav] latency=19.73s | "Aku butuh travel umrah simpel tapi include Madinah Visit."
2026-05-30 04:54:04,648 | stt | INFO | [2371_audio03.wav] latency=19.64s | "Can you help aku arrange transport dari Jedah ke Madinah tom"
2026-05-30 04:55:05,576 | stt | INFO | [2371_audio04.wav] latency=19.66s | "Explain step by step cara apply visa Saudi dengan benar."
2026-05-30 04:56:13,751 | stt | INFO | [2371_audio05.wav] latency=22.31s | "Ya Aki, uridu book flight ila Jedah Al-Usbu Al-Qadim. Hal bi"
2026-05-30 04:58:17,037 | stt | INFO | [2371_audio06.wav] latency=19.99s | "Uridu Range Transport Menjedah Ila Madinah, Gadan"
2026-05-30 05:00:03,523 | stt | INFO | [2371_audio07.wav] latency=20.4s | "Book flight ke Jeddah, lalu lanjut ke Madinah. Skejul terbai"
2026-05-30 05:00:59,784 | stt | INFO | [2371_audio12.wav] latency=19.76s | "Bagaimana proses visa Saudi untuk umrah dari Indonesia sekar"
2026-05-30 05:01:37,766 | stt | INFO | [2371_audio13.wav] latency=19.93s | "Jelaskan step by step cara booking flight ke Jedah secara on"
2026-05-30 05:02:15,339 | stt | INFO | [2371_audio17.wav] latency=20.18s | "Menurut kamu, belajar bahasa Arab itu susah gak untuk pemula"
2026-05-30 05:02:56,481 | stt | INFO | [2372_audio01.wav] latency=19.88s | "Aku mau book flight ke Jedah minggu depan, bisa bantu schedu"
2026-05-30 05:03:30,139 | stt | INFO | [2372_audio02.wav] latency=19.61s | "Aku butuh travel umrah simpel tapi include Madina Visit."
2026-05-30 05:04:42,643 | stt | INFO | [2372_audio03.wav] latency=19.79s | "Can you help aku arrange transport dari Jedah ke Madinah tom"
2026-05-30 05:05:51,876 | stt | INFO | [2372_audio04.wav] latency=19.67s | "Explain step by step cara apply visa Saudi dengan benar."
2026-05-30 05:07:00,378 | stt | INFO | [2372_audio05.wav] latency=22.1s | "Ya hihi, urido book fly ila jadah al-usbu al-qadim, hal bisa"
2026-05-30 05:08:15,537 | stt | INFO | [2372_audio06.wav] latency=20.35s | "URIDU ARANGE TRANSPORT MINJEDAH ILA MADINAH KODEN"
2026-05-30 05:09:26,660 | stt | INFO | [2372_audio10.wav] latency=19.69s | "Apa perbedaan umrah dan haji secara detail dalam Islam?"
2026-05-30 05:10:09,177 | stt | INFO | [2372_audio11.wav] latency=19.72s | "Kenapa fasting di Ramadan itu wajib bagi muslim?"
2026-05-30 05:10:44,965 | stt | INFO | [2372_audio14.wav] latency=19.61s | "How to prepare dokumen umrah dari Indonesia dengan benar."
2026-05-30 05:12:03,154 | stt | INFO | [2372_audio15.wav] latency=20.52s | "Tolong buat checklist persiapan omrah termasuk barang wajib "
2026-05-30 05:12:47,199 | stt | INFO | [2374_audio01.wav] latency=20.19s | "Aku mau book flight ke Jeddah minggu depan. Bisa bantu sched"
2026-05-30 05:13:24,231 | stt | INFO | [2374_audio02.wav] latency=19.77s | "Aku butuh travel umrah simpel tapi include Madinah Visit."
2026-05-30 05:14:26,008 | stt | INFO | [2374_audio03.wav] latency=19.75s | "Can you help aku arrange transport dari Jeddah ke Madinah to"
2026-05-30 05:15:20,030 | stt | INFO | [2374_audio04.wav] latency=19.74s | "Explain step by step cara apply visa Saudi dengan benar."
2026-05-30 05:16:38,945 | stt | INFO | [2374_audio05.wav] latency=22.56s | "Ya Akhi, kuridu buk flight ilajedah ul-usebu ul-qadim. Hal b"
2026-05-30 05:17:39,475 | stt | INFO | [2374_audio06.wav] latency=19.79s | "Uridu urut transport menjadilah Madinah Wadan."
2026-05-30 05:19:26,600 | stt | INFO | [2374_audio11.wav] latency=19.64s | "Kenapa fasting di Ramadan itu wajib bagi muslim?"
2026-05-30 05:20:07,159 | stt | INFO | [2374_audio13.wav] latency=20.18s | "Jelaskan step by step cara booking flight ke Jeddah secara o"
2026-05-30 05:20:48,831 | stt | INFO | [2374_audio15.wav] latency=20.47s | "Tolong buat checklist persiapan umrah termasuk barang wajib "
2026-05-30 05:21:34,108 | stt | INFO | [2374_audio17.wav] latency=20.08s | "Menurut kamu, belajar bahasa Arab itu susah enggak untuk pem"
2026-05-30 05:22:20,318 | stt | INFO | [2375_audio01.wav] latency=20.0s | "Aku mau book flight ke Jeddah. Minggu depan bisa bantu sched"
2026-05-30 05:22:55,872 | stt | INFO | [2375_audio02.wav] latency=19.81s | "Aku butuh travel umrah, simpel tapi include Madinah Visit."
2026-05-30 05:24:01,038 | stt | INFO | [2375_audio03.wav] latency=19.77s | ""Can you help aku arrange transport dari Jedah ke Madinah to"
2026-05-30 05:25:07,198 | stt | INFO | [2375_audio04.wav] latency=19.67s | "Explain step by step cara apply visa Saudi dengan benar."
2026-05-30 05:26:13,368 | stt | INFO | [2375_audio05.wav] latency=22.65s | "Ya Akhi, uridu buk flight ilajedah al-usbu al-qadim, hal bis"
2026-05-30 05:28:11,369 | stt | INFO | [2375_audio06.wav] latency=19.95s | "Uridu Range Transport Min Jeddah Ila Madinah Hoddan"
2026-05-30 05:29:25,426 | stt | INFO | [2375_audio08.wav] latency=19.96s | "Uri du schedule trip dari Jedah ke Makkah besok pagi."
2026-05-30 05:30:13,104 | stt | INFO | [2375_audio11.wav] latency=19.84s | "Kenapa fasting di Ramadan itu wajib bagi muslim?"
2026-05-30 05:30:52,122 | stt | INFO | [2375_audio15.wav] latency=20.34s | "Tolong buat check please persiapan umrah termasuk barang waj"
2026-05-30 05:31:54,877 | stt | INFO | [2375_audio18.wav] latency=19.87s | "I feel overwhelmed dengan persiapan umrah. Ada tip sederhana"
2026-05-30 05:32:39,396 | stt | INFO | [2379_audio01.wav] latency=20.24s | "Aku mau bok fly ke Jedah minggu depan. Bisa bantu schedule?"
2026-05-30 05:33:24,107 | stt | INFO | [2379_audio02.wav] latency=19.87s | "Aku butuh travel umrah simpel tapi ingkut Madinah Visib."
2026-05-30 05:34:04,946 | stt | INFO | [2379_audio03.wav] latency=20.36s | "Bolehkah anda tolong saya aturkan transport dari Jeddah ke M"
2026-05-30 05:34:54,240 | stt | INFO | [2379_audio05.wav] latency=22.28s | "Ya ahli uridu bukflai ilajedah al-usbu al-qadim, hal bisa ba"
2026-05-30 05:35:41,763 | stt | INFO | [2379_audio06.wav] latency=20.01s | "Uri hidu a range transport menjadah ila Madinah Gadan."
2026-05-30 05:36:49,679 | stt | INFO | [2379_audio07.wav] latency=20.4s | "Book flight ke Jeddah lalu lanjut ke Madinah, schedule terba"
2026-05-30 05:37:45,446 | stt | INFO | [2379_audio12.wav] latency=19.79s | "Bagaimana proses visa Saudi untuk umrah dari Indonesia sekar"
2026-05-30 05:38:35,630 | stt | INFO | [2379_audio18.wav] latency=19.92s | "I feel overwhelmed dengan persiapan umrah. Ada tips sederhan"
2026-05-30 05:39:45,578 | stt | INFO | [2479_audio04.wav] latency=20.01s | "Explain step by step cara apply visa Saudi dengan benar."
2026-05-30 05:40:58,601 | stt | INFO | [2479_audio15.wav] latency=20.27s | "Tolong buat ceklis persiapan umrah termasuk barang wajib di "
2026-05-30 05:41:48,801 | stt | INFO | [upload_1779961620.wav] latency=20.12s | "Aku mau book flight ke Jedah minggu depan, bisa bantu schedu"
2026-05-30 05:42:36,259 | stt | INFO | [upload_1779961786.wav] latency=20.13s | "Aku mau book flight ke Jedah minggu depan, bisa bantu schedu"
2026-05-30 05:43:17,972 | stt | INFO | [upload_1779961787.wav] latency=20.25s | "Aku mau book flight ke Jedah minggu depan, bisa bantu schedu"
2026-05-30 05:44:02,854 | stt | INFO | [upload_1779962058.wav] latency=20.21s | "Aku mau book flight ke Jedah minggu depan, bisa bantu schedu"
2026-05-30 05:44:41,637 | stt | INFO | [upload_1779962081.wav] latency=20.21s | "Aku mau book flight ke Jedah minggu depan, bisa bantu schedu"
2026-05-30 05:45:17,656 | stt | INFO | [upload_1779962140.wav] latency=20.2s | "Aku mau book flight ke Jedah minggu depan, bisa bantu schedu"
2026-05-30 05:45:58,830 | stt | INFO | [upload_1779962141.wav] latency=20.12s | "Aku mau book flight ke Jedah minggu depan, bisa bantu schedu"
2026-05-30 05:46:40,049 | stt | INFO | [upload_1779962197.wav] latency=20.17s | "Aku mau book flight ke Jedah minggu depan, bisa bantu schedu"
2026-05-30 05:47:21,127 | stt | INFO | [upload_1779962263.wav] latency=20.16s | "Aku mau book flight ke Jedah minggu depan, bisa bantu schedu"
2026-05-30 05:48:02,748 | stt | INFO | [upload_1779962350.wav] latency=20.13s | "Aku mau book flight ke Jedah minggu depan, bisa bantu schedu"
2026-05-30 05:48:49,796 | stt | INFO | [upload_1779966307.wav] latency=20.16s | "Aku mau book flight ke Jedah minggu depan, bisa bantu schedu"
2026-05-30 05:49:26,812 | stt | INFO | [upload_1779975604.wav] latency=20.01s | "Aku mau book flight ke Jedah minggu depan, bisa bantu schedu"
2026-05-30 05:50:12,762 | stt | INFO | [upload_1779975969.wav] latency=20.25s | "Aku mau book flight ke Jedah minggu depan, bisa bantu schedu"
2026-05-30 05:51:00,691 | stt | INFO | [upload_1779983692.wav] latency=20.1s | "Aku mau book flight ke Jedah minggu depan, bisa bantu schedu"
2026-05-30 05:51:45,860 | stt | INFO | [upload_1779983703.wav] latency=20.17s | "Aku mau book flight ke Jedah minggu depan, bisa bantu schedu"
2026-05-30 05:52:20,230 | stt | INFO | [upload_1779983913.wav] latency=20.15s | "Aku mau book flight ke Jedah minggu depan, bisa bantu schedu"
2026-05-30 05:53:01,924 | stt | INFO | [upload_1779987478.wav] latency=20.18s | "Aku mau book flight ke Jedah minggu depan, bisa bantu schedu"
2026-05-30 05:53:47,720 | stt | INFO | [upload_1780038627.wav] latency=20.14s | "Aku mau book flight ke Jedah minggu depan, bisa bantu schedu"
2026-05-30 05:54:37,928 | stt | INFO | [upload_1780038824.wav] latency=20.18s | "Aku mau book flight ke Jedah minggu depan, bisa bantu schedu"
2026-05-30 05:55:13,516 | stt | INFO | [upload_1780039002.wav] latency=20.18s | "Aku mau book flight ke Jedah minggu depan, bisa bantu schedu"
2026-05-30 05:55:49,096 | stt | INFO | [upload_1780039117.wav] latency=20.19s | "Aku mau book flight ke Jedah minggu depan, bisa bantu schedu"
2026-05-30 05:56:31,692 | stt | INFO | [upload_1780047552.wav] latency=20.19s | "Aku mau book flight ke Jedah minggu depan, bisa bantu schedu"
2026-05-30 05:57:08,922 | stt | INFO | [upload_1780047758.wav] latency=20.25s | "Aku mau book flight ke Jedah minggu depan, bisa bantu schedu"
2026-05-30 05:57:50,146 | stt | INFO | [upload_1780047839.wav] latency=20.12s | "Aku mau book flight ke Jedah minggu depan, bisa bantu schedu"
2026-05-30 05:58:35,626 | stt | INFO | [upload_1780049374.wav] latency=19.74s | "Aku butuh travel umrah simple tapi include marina visit."
2026-05-30 12:20:10,369 | stt | INFO | [2128_audio1.wav] latency=27.28s | "Ya Aki, uridu bukflik ilajedda al-usmu al-qadim? Hal bisa ba"
2026-05-30 12:24:44,136 | stt | INFO | [2128_audio2.wav] latency=23.74s | "Uridu Orange Transport Menjeda Ilamadidagadan"
2026-05-30 12:25:05,821 | stt | INFO | [2128_audio3.wav] latency=21.4s | "Can you help aku arrange transport dari Jeddah ke Madinah to"
2026-05-30 12:25:28,032 | stt | INFO | [2128_audio4.wav] latency=21.94s | "Explain step by step cara apply visa Saudi dengan benar."
2026-05-30 12:30:12,997 | stt | INFO | [2128_audio2.wav] latency=25.68s | "Uridu Orange Transport Menjeda Ilamadidagadan"
2026-05-30 12:32:30,911 | stt | INFO | [2128_audio3.wav] latency=24.88s | "Can you help aku arrange transport dari Jeddah ke Madinah to"
2026-05-30 12:33:56,665 | stt | INFO | [2128_audio4.wav] latency=25.58s | "Explain step by step cara apply visa Saudi dengan benar."
2026-05-30 12:35:33,687 | stt | INFO | [2128_audio5.wav] latency=26.85s | "Aku mau book flight ke Jeddah minggu depan. Bisa bantu sched"
2026-05-30 12:36:26,557 | stt | INFO | [2128_audio6.wav] latency=24.11s | "Aku butuh travel umrah simple tapi include body deficit."
2026-05-30 12:38:59,283 | stt | INFO | [2128_audio7.wav] latency=24.17s | "How to prepare dokumen umrah dari Indonesia dengan benar."
2026-05-30 12:40:17,506 | stt | INFO | [2128_audio8.wav] latency=24.53s | "Bagaimana proses pisah Saudi untuk umrah dari Indonesia seka"
2026-05-30 12:41:15,962 | stt | INFO | [2128_audio9.wav] latency=25.35s | "Gate aku cara pilih hotel di Mekah dekat Haram dengan budget"
2026-05-30 12:42:11,718 | stt | INFO | [2128_audio10.wav] latency=24.26s | "Jelaskan step by step cara booking flight ke Jeddah secara o"
2026-05-30 12:43:03,079 | stt | INFO | [2305_audio01.wav] latency=24.63s | "Aku mau book flight ke Jedah minggu depan. Bisa bantu schedu"
2026-05-30 12:44:03,814 | stt | INFO | [2305_audio02.wav] latency=24.37s | "Aku butuh travel umrah simpel tapi include mandina visit."
2026-05-30 12:45:24,638 | stt | INFO | [2305_audio03.wav] latency=24.58s | "Can you help aku arrange transport dari Jedah ke Madinah tom"
2026-05-30 12:46:52,877 | stt | INFO | [2305_audio04.wav] latency=24.1s | "Explain step by step cara apply visa Saudi dengan benar."
2026-05-30 12:48:17,195 | stt | INFO | [2305_audio05.wav] latency=26.81s | "Ya ahi, uridu bukflit ilajeddah al-usbu' al-qadim. Hal bisa "
2026-05-30 12:49:31,815 | stt | INFO | [2305_audio06.wav] latency=23.82s | "Uridu Range Transport Menjeddah Ila Madinah Wadan"
2026-05-30 12:50:57,780 | stt | INFO | [2305_audio11.wav] latency=23.2s | "Kenapa fasting di Ramadan itu wajib bagi muslim?"
2026-05-30 12:51:38,514 | stt | INFO | [2305_audio12.wav] latency=21.4s | "Bagaimana proses visa Saudi untuk umrah dari Indonesia sekar"
2026-05-30 12:52:26,255 | stt | INFO | [2305_audio14.wav] latency=22.79s | "How to prepare dokumen umrah dari Indonesia dengan benar."
2026-05-30 12:53:37,568 | stt | INFO | [2305_audio18.wav] latency=23.28s | "I feel overwhelmed dengan persiapan umrah. Ada tip sederhana"
2026-05-30 12:54:27,928 | stt | INFO | [2313_audio01.wav] latency=23.41s | "Aku mau book flight ke Jedah minggu depan. Bisa bantu schedu"
2026-05-30 12:55:17,399 | stt | INFO | [2313_audio02.wav] latency=23.85s | "Aku butuh travel umrah simpel, tapi include madinah visit."
2026-05-30 12:57:05,384 | stt | INFO | [2313_audio03.wav] latency=25.86s | "Can you help aku range transport dari Jedah ke Madinah tomor"
2026-05-30 13:02:32,214 | stt | INFO | [2313_audio03.wav] latency=25.32s | "Can you help aku range transport dari Jedah ke Madinah tomor"
2026-05-30 13:03:41,416 | stt | INFO | [2313_audio04.wav] latency=23.58s | "Explain step by step cara apply visa Saudi dengan benar."
2026-05-30 13:04:47,601 | stt | INFO | [2313_audio05.wav] latency=29.01s | "Saya ingin berpikir tentang jadwal yang berakhir. Saya ingin"
2026-05-30 13:05:39,523 | stt | INFO | [2313_audio06.wav] latency=24.68s | "URIDU REJ TRANSPORT MINJAD DAHILA MADINAH GADDAN"
2026-05-30 13:06:37,449 | stt | INFO | [2313_audio07.wav] latency=22.92s | "Book flight ke Jeddah lalu lanjut ke Madinah. Skejul terbaik"
2026-05-30 13:07:31,141 | stt | INFO | [2313_audio12.wav] latency=21.79s | "Bagaimana proses visa Saudi untuk umrah dari Indonesia sekar"
2026-05-30 13:08:24,173 | stt | INFO | [2313_audio13.wav] latency=24.87s | "Jelaskan step by step cara booking flight ke Jedah secara on"
2026-05-30 13:09:15,972 | stt | INFO | [2313_audio14.wav] latency=23.69s | "How to prefer dokumen umrah dari Indonesia dengan benar?"
2026-05-30 13:10:09,467 | stt | INFO | [2332_audio01.wav] latency=23.2s | "Aku mau book flight ke Jedah minggu depan. Bisa bantu schedu"
2026-05-30 13:11:03,090 | stt | INFO | [2332_audio02.wav] latency=25.08s | "Aku butuh travel umrah simple tapi include Madinah Visit."
2026-05-30 13:11:53,004 | stt | INFO | [2332_audio03.wav] latency=25.29s | "Can you help aku arrange transport dari Jedah ke Madinah tom"
2026-05-30 13:12:47,471 | stt | INFO | [2332_audio04.wav] latency=24.23s | "Explain step by step cara apply visa Saudi dengan benar."
2026-05-30 13:14:32,698 | stt | INFO | [2332_audio05.wav] latency=24.83s | "Ya akhi, uridu book flight ila jadah al-usbu an kadim, hal b"
2026-05-30 13:15:51,325 | stt | INFO | [2332_audio06.wav] latency=24.47s | "Uridu arrange transport min Jeddah ila Madinah Gadan."
2026-05-30 13:16:44,253 | stt | INFO | [2332_audio07.wav] latency=23.26s | "Book flight ke Jedah lalu lanjut ke Madinah, schedule terbai"
2026-05-30 13:17:42,285 | stt | INFO | [2332_audio13.wav] latency=24.28s | "Jelaskan step by step cara booking flight ke Jedah secara on"
2026-05-30 13:18:32,317 | stt | INFO | [2332_audio16.wav] latency=23.84s | "Guide aku cara pilih hotel di Makkah dekat haram dengan budg"
2026-05-30 13:19:17,441 | stt | INFO | [2332_audio18.wav] latency=25.03s | "I feel overwhelmed dengan persiapan umrah. Ada tips sederhan"
2026-05-30 13:20:04,818 | stt | INFO | [2333_audio01.wav] latency=22.76s | "Aku mau book flight ke Jeddah minggu depan. Bisa bantu sched"
2026-05-30 13:21:00,008 | stt | INFO | [2333_audio02.wav] latency=22.39s | "Aku Butuh Travel Umrah Simple Tapi Input Madinah Visit"
2026-05-30 13:21:52,512 | stt | INFO | [2333_audio03.wav] latency=23.61s | "Can you help aku arrange transport dari Jedah ke Madinah tom"
2026-05-30 13:22:51,697 | stt | INFO | [2333_audio04.wav] latency=23.29s | "jelaskan langkah demi langkah cara memainkan Visa Saudi deng"
2026-05-30 13:23:54,458 | stt | INFO | [2333_audio05.wav] latency=26.89s | "Ya, kakak. Saya ingin buka flight ke Jeddah pada ujian yang "
2026-05-30 13:24:45,103 | stt | INFO | [2333_audio06.wav] latency=24.79s | "Orido Arrange Transport Menjedah Ila Madinah Wardan"
2026-05-30 13:25:37,867 | stt | INFO | [2333_audio07.wav] latency=25.35s | "Bug fly ke Jeddah lalu lanjut ke Madinah, schedule terbaik k"
2026-05-30 13:26:35,756 | stt | INFO | [2333_audio09.wav] latency=25.54s | "Mungkin buk transport min makah ila Madinah untuk besok."
2026-05-30 13:27:24,454 | stt | INFO | [2333_audio16.wav] latency=25.17s | "guide aku cara pilih hotel di Mekah dekat Haram dengan budge"
2026-05-30 13:28:17,977 | stt | INFO | [2333_audio17.wav] latency=26.41s | "Menurut kamu belajar bahasa Arab itu susah enggak untuk pemu"
2026-05-30 13:29:13,317 | stt | INFO | [2335_audio01.wav] latency=25.52s | "Aku mau book flag ke Jeddah minggu depan. Bisa bantu schedul"
2026-05-30 13:30:09,937 | stt | INFO | [2335_audio02.wav] latency=24.46s | "Aku butuh travel umrah simple tapi include Madinah Visit."
2026-05-30 13:30:57,685 | stt | INFO | [2335_audio03.wav] latency=23.57s | "Can you help aku arrange transport dari Jeddah ke Madinah to"
2026-05-30 13:31:47,890 | stt | INFO | [2335_audio04.wav] latency=22.72s | "It's blind step by step cara apply visa Saudi dengan benar."
2026-05-30 13:32:40,688 | stt | INFO | [2335_audio05.wav] latency=24.74s | "Ya kakak, saya ingin berjalan ke Jeddah minggu depan. Bolehk"
2026-05-30 13:33:44,210 | stt | INFO | [2335_audio06.wav] latency=22.29s | "Uridu areng transport min jeddah ila madinah qoddan."
2026-05-30 13:34:42,892 | stt | INFO | [2335_audio12.wav] latency=21.91s | "Bagaimana proses visa Saudi untuk umrah dari Indonesia sekar"
2026-05-30 13:35:48,977 | stt | INFO | [2335_audio13.wav] latency=24.35s | "Jelaskan step by step cara booking flight ke Jeddah secara o"
2026-05-30 13:48:57,167 | stt | INFO | [2335_audio13.wav] latency=21.29s | "Jelaskan step by step cara booking flight ke Jeddah secara o"
2026-05-30 13:50:13,221 | stt | INFO | [2335_audio14.wav] latency=21.6s | "How to prepare dokumen umrah dari Indonesia dengan benar."
2026-05-30 13:51:11,424 | stt | INFO | [2335_audio15.wav] latency=22.77s | "Tolong buat ceklist persiapan umrah termasuk barang wajib di"
2026-05-30 13:52:19,172 | stt | INFO | [2335_audio17.wav] latency=22.05s | "Menurut kamu, belajar bahasa Arab itu susah enggak untuk pem"
2026-05-30 13:53:07,762 | stt | INFO | [2336_audio01.wav] latency=22.11s | "Aku mau book flight ke Jeddah minggu depan. Bisa bantu sched"
2026-05-30 13:54:02,949 | stt | INFO | [2336_audio02.wav] latency=22.51s | "Aku butuh travel umrah simpel tapi include Madinah Visit."
2026-05-30 13:54:58,683 | stt | INFO | [2336_audio03.wav] latency=21.41s | "Can you help aku arrange transport dari Jeddah ke Madinah to"
2026-05-30 13:55:54,414 | stt | INFO | [2336_audio04.wav] latency=21.63s | "Explain step by step cara apply visa Saudi dengan benar."
2026-05-30 13:56:44,157 | stt | INFO | [2336_audio05.wav] latency=23.99s | "Ya Akhi, uridu book flight ila Jeddah al-usbu al-qadim, hal "
2026-05-30 13:57:41,084 | stt | INFO | [2336_audio06.wav] latency=21.62s | "Uridu Range Transport Min Jeddah Ila Madinah Aghadan"
2026-05-30 13:58:49,620 | stt | INFO | [2336_audio07.wav] latency=22.37s | "Book flight ke Jeddah, lalu lanjut ke Madinah. Skejol terbai"
2026-05-30 13:59:40,230 | stt | INFO | [2336_audio10.wav] latency=23.17s | "Apa perbedaan umrah dan hajj secara detail dalam Islam?"
2026-05-30 14:00:27,778 | stt | INFO | [2336_audio15.wav] latency=22.87s | "Tolong buat checklist persiapan umroh termasuk barang wajib "
2026-05-30 14:01:34,746 | stt | INFO | [2336_audio17.wav] latency=22.06s | "Menurut kamu, belajar bahasa Arab itu susah nggak untuk pemu"
2026-05-30 14:02:34,033 | stt | INFO | [2339_audio01.wav] latency=21.82s | "Aku mau book fly ke Jeddah minggu depan. Bisa bantu schedule"
2026-05-30 14:03:24,435 | stt | INFO | [2339_audio02.wav] latency=20.73s | "Aku butuh travel umrah simpel tapi include Madinah Visit."
2026-05-30 14:04:12,272 | stt | INFO | [2339_audio03.wav] latency=20.81s | "Can you help aku arrange transport dari Jeddah ke Madinah to"
2026-05-30 14:05:08,370 | stt | INFO | [2339_audio04.wav] latency=21.42s | "Explain step by step cara apply visa Saudi dengan benar."
2026-05-30 14:06:14,268 | stt | INFO | [2339_audio05.wav] latency=24.05s | "Ya'hi, uridu boot flight ila jeddah al-usbu al-kadhim. Hal b"
2026-05-30 14:07:08,338 | stt | INFO | [2339_audio06.wav] latency=21.65s | "Kurido Range Transport Menjeddah ila Madinah Laden."
2026-05-30 14:08:23,731 | stt | INFO | [2339_audio07.wav] latency=21.75s | "Book flight ke Jeddah, lalu lanjut ke Madinah. Schedule terb"
2026-05-30 14:09:29,769 | stt | INFO | [2339_audio11.wav] latency=21.56s | "Kenapa fasting di Ramadan itu wajib bagi Muslim?"
2026-05-30 14:10:20,377 | stt | INFO | [2339_audio14.wav] latency=22.02s | "How to prepare dokumen umrah dari Indonesia dengan benar?"
2026-05-30 14:11:23,634 | stt | INFO | [2339_audio19.wav] latency=22.54s | "Ah Yanan, saya bingung. Mulai dari mana untuk umrah?"
2026-05-30 14:12:26,105 | stt | INFO | [2351_audio01.wav] latency=22.61s | "Aku mau book flight ke Jeddah minggu depan. Bisa bantu sched"
2026-05-30 14:13:12,351 | stt | INFO | [2351_audio02.wav] latency=22.08s | "Aku butuh tranfer umrah simpel tapi include madinah visit."
2026-05-30 14:14:20,375 | stt | INFO | [2351_audio03.wav] latency=22.37s | "Can you help aku arrange transport dari Jeddah ke Madinah to"
2026-05-30 14:15:14,969 | stt | INFO | [2351_audio04.wav] latency=23.34s | "Explain step by step cara apply visa Saudi dengan benar."
2026-05-30 14:16:25,402 | stt | INFO | [2351_audio05.wav] latency=24.57s | "Ya Akhi, ulidu book flight ilajad dah al usbu al qodim. Hal,"
2026-05-30 14:17:16,764 | stt | INFO | [2351_audio06.wav] latency=22.0s | "uridu orang transport minjeta ila madinah kodan"
2026-05-30 14:18:14,514 | stt | INFO | [2351_audio07.wav] latency=20.78s | "Book flight ke Jeddah lalu lanjut ke Madinah. Skedul terbaik"
2026-05-30 14:19:02,586 | stt | INFO | [2351_audio11.wav] latency=20.27s | "Kenapa fasting di Ramadan itu wajib bagi muslim?"
2026-05-30 14:19:47,102 | stt | INFO | [2351_audio14.wav] latency=20.41s | "How to prepare dokumen umrah dari Indonesia dengan benar"
2026-05-30 14:20:33,025 | stt | INFO | [2351_audio16.wav] latency=21.66s | "Guide aku cara pilih hotel di Makkah dekat haram dengan budg"
2026-05-30 14:21:19,929 | stt | INFO | [2356_audio01.wav] latency=21.27s | "Aku mau book flight ke Jedah minggu depan, bisa bantu schedu"
2026-05-30 14:22:17,724 | stt | INFO | [2356_audio02.wav] latency=25.21s | "Aku butuh travel umrah simpel tapi include Madinah Visit."
2026-05-30 14:23:03,261 | stt | INFO | [2356_audio03.wav] latency=23.84s | "Can you help aku arrange transport dari Jedah ke Madinah tom"
2026-05-30 14:23:50,186 | stt | INFO | [2356_audio04.wav] latency=23.15s | "Explain step by step cara apply visa Saudi dengan benar."
2026-05-30 14:24:54,386 | stt | INFO | [2356_audio05.wav] latency=26.37s | "Ya akhi, uridu book flight ila jeddah al-usbu an-al-qadim, h"
2026-05-30 14:25:48,271 | stt | INFO | [2356_audio06.wav] latency=23.69s | "Uridu Range Transport Min Jedah ila Madinah Gwadan"
2026-05-30 14:26:47,832 | stt | INFO | [2356_audio10.wav] latency=23.6s | "Apa perbedaan umrah dan haji secara detail dalam Islam?"
2026-05-30 14:28:03,309 | stt | INFO | [2356_audio12.wav] latency=23.45s | "Bagaimana proses PISA Saudi untuk umrah dari Indonesia sekar"
2026-05-30 14:29:03,337 | stt | INFO | [2356_audio13.wav] latency=23.69s | "Jelaskan step by step cara booking flight ke Jedah secara on"
2026-05-30 14:29:54,749 | stt | INFO | [2356_audio17.wav] latency=23.68s | "Menurut kamu, belajar bahasa Arab itu susah gak untuk pemula"
2026-05-30 14:30:38,222 | stt | INFO | [2358_audio01.wav] latency=24.35s | "Aku mau book flight ke Jedah minggu depan. Bisa bantu schedu"
2026-05-30 14:31:23,697 | stt | INFO | [2358_audio02.wav] latency=23.67s | "Aku butuh travel umrah, simpel tapi include Madinah Visit."
2026-05-30 14:32:07,253 | stt | INFO | [2358_audio03.wav] latency=23.5s | "Can you help aku arrange transport dari Jedah ke Madinah tom"
2026-05-30 14:33:03,293 | stt | INFO | [2358_audio04.wav] latency=23.21s | "Explain step by step cara apply visa Saudi dengan benar."
2026-05-30 14:33:59,388 | stt | INFO | [2358_audio05.wav] latency=26.24s | "Ya Aki, uridu buk flag ila jeddah al-usbu al-qadim, hal bisa"
2026-05-30 14:34:50,578 | stt | INFO | [2358_audio06.wav] latency=23.29s | "Orido Range Transport Minjad Dah ila Madinah Gordon"
2026-05-30 14:35:43,552 | stt | INFO | [2358_audio07.wav] latency=24.3s | "Book flight ke Jeddah, lalu lanjut ke Madinah. Schedule terb"
2026-05-30 14:36:42,210 | stt | INFO | [2358_audio15.wav] latency=24.11s | "Tolong buat checklist persiapan umrah termasuk barang wajib "
2026-05-30 14:37:29,045 | stt | INFO | [2358_audio16.wav] latency=23.96s | "Guide aku cara pilih hotel di Makkah dekat haram dengan budg"
2026-05-30 14:38:21,215 | stt | INFO | [2358_audio17.wav] latency=23.71s | "Menurut kamu, belajar bahasa Arab itu susah nggak untuk pemu"
2026-05-31 11:26:47,146 | stt | INFO | [2128_audio1.wav] latency=31.04s | "Ya Aki, uridu bukflik ilajedda al-usmu al-qadim? Hal bisa ba"
2026-05-31 11:57:00,184 | stt | INFO | [audio.wav] latency=26.37s | "tes 123 bisa tolong carikan penerbangan ke Mekah hari ini"
2026-05-31 12:00:27,757 | stt | INFO | [audio.wav] latency=27.76s | "Halo, saya tersesat di Marina, bisa tolong saya?"
2026-05-31 12:02:41,127 | stt | INFO | [audio.wav] latency=26.57s | "hello angkang di tersesat di madinah"
2026-05-31 12:08:00,011 | stt | INFO | [2326_audio04.wav] latency=44.19s | "Explain step by step cara apply visa Saudi dengan benar"
2026-05-31 12:13:23,376 | stt | INFO | [2128_audio1.wav] latency=28.0s | "Ya Aki, uridu bukflik ilajedda al-usmu al-qadim? Hal bisa ba"
2026-05-31 12:15:56,626 | stt | INFO | [2128_audio1.wav] latency=26.97s | "Ya Aki, uridu bukflik ilajedda al-usmu al-qadim? Hal bisa ba"
2026-05-31 12:17:23,848 | stt | INFO | [2128_audio1.wav] latency=29.59s | "Ya Aki, uridu bukflik ilajedda al-usmu al-qadim? Hal bisa ba"
2026-05-31 12:23:58,139 | stt | INFO | [upload_1780205014.wav] latency=23.52s | "Halo, saya tersesat di Madinah sekarang, gimana ini?"
2026-05-31 12:27:08,628 | stt | INFO | [upload_1780205203.wav] latency=24.56s | "Halo, saya tersesat di Madinah sekarang, gimana ini?"
2026-05-31 12:34:36,558 | stt | INFO | [upload_1780205652.wav] latency=23.89s | "Halo, saya tersesat di Balina. Bisa tolong saya?"
