2026-05-28 15:59:28,744 | text_processor | INFO | Input: "Aku mau book flight ke Jeddah minggu depan, bisa bantu schedule?"
2026-05-28 15:59:28,749 | text_processor | INFO | Manifest disimpan: 2030_audio01.json
2026-05-28 15:59:28,749 | text_processor | INFO | dominant=ID detected=['ID', 'EN', 'AR'] segments=6
2026-05-28 15:59:28,749 | text_processor | INFO | Input: "Aku butuh travel umrah simple tapi include Madinah visit"
2026-05-28 15:59:28,750 | text_processor | INFO | Manifest disimpan: 2030_audio02.json
2026-05-28 15:59:28,750 | text_processor | INFO | dominant=EN detected=['ID', 'EN', 'AR'] segments=8
2026-05-28 15:59:28,751 | text_processor | INFO | Input: "Can you help aku arrange transport dari Jeddah ke Madinah tomorrow"
2026-05-28 15:59:28,752 | text_processor | INFO | Manifest disimpan: 2030_audio03.json
2026-05-28 15:59:28,752 | text_processor | INFO | dominant=EN detected=['EN', 'ID', 'AR'] segments=8
2026-05-28 15:59:28,752 | text_processor | INFO | Input: "Explain step by step cara apply visa Saudi dengan benar"
2026-05-28 15:59:28,753 | text_processor | INFO | Manifest disimpan: 2030_audio04.json
2026-05-28 15:59:28,753 | text_processor | INFO | dominant=EN detected=['EN', 'ID', 'AR'] segments=5
2026-05-28 15:59:28,754 | text_processor | INFO | Input: "يَا أَخِي أُرِيدُ book flight إِلَى Jeddah هَلْ bisa bantu"
2026-05-28 15:59:28,754 | text_processor | INFO | Manifest disimpan: 2030_audio05.json
2026-05-28 15:59:28,755 | text_processor | INFO | dominant=AR detected=['AR', 'EN', 'ID'] segments=4
2026-05-28 15:59:28,755 | text_processor | INFO | Input: "أُرِيدُ arrange transport مِنْ Jeddah إِلَى Madinah غَدًا"
2026-05-28 15:59:28,756 | text_processor | INFO | Manifest disimpan: 2030_audio06.json
2026-05-28 15:59:28,756 | text_processor | INFO | dominant=AR detected=['AR', 'EN'] segments=3
2026-05-28 15:59:28,756 | text_processor | INFO | Input: "Book flight ke Jeddah lalu lanjut ke Madinah schedule terbaik kapan"
2026-05-28 15:59:28,757 | text_processor | INFO | Manifest disimpan: 2030_audio07.json
2026-05-28 15:59:28,758 | text_processor | INFO | dominant=ID detected=['EN', 'ID', 'AR'] segments=7
2026-05-28 15:59:28,758 | text_processor | INFO | Input: "اريد schedule trip dari Jeddah ke Makkah besok pagi"
2026-05-28 15:59:28,759 | text_processor | INFO | Manifest disimpan: 2030_audio08.json
2026-05-28 15:59:28,759 | text_processor | INFO | dominant=ID detected=['AR', 'EN', 'ID'] segments=7
2026-05-28 15:59:28,760 | text_processor | INFO | Input: "ممكن book transport dari Makkah ke Madinah untuk besok"
2026-05-28 15:59:28,761 | text_processor | INFO | Manifest disimpan: 2030_audio09.json
2026-05-28 15:59:28,761 | text_processor | INFO | dominant=ID detected=['AR', 'EN', 'ID'] segments=7
2026-05-28 15:59:28,761 | text_processor | INFO | Input: "Apa perbedaan umrah dan hajj secara detail dalam Islam"
2026-05-28 15:59:28,762 | text_processor | INFO | Manifest disimpan: 2030_audio10.json
2026-05-28 15:59:28,762 | text_processor | INFO | dominant=ID detected=['ID', 'AR'] segments=5
2026-05-28 15:59:28,763 | text_processor | INFO | Input: "Kenapa fasting di رمضان itu wajib bagi Muslim"
2026-05-28 15:59:28,764 | text_processor | INFO | Manifest disimpan: 2030_audio11.json
2026-05-28 15:59:28,765 | text_processor | INFO | dominant=ID detected=['ID', 'AR'] segments=3
2026-05-28 15:59:28,765 | text_processor | INFO | Input: "Bagaimana proses visa Saudi untuk umrah dari Indonesia sekarang"
2026-05-28 15:59:28,766 | text_processor | INFO | Manifest disimpan: 2030_audio12.json
2026-05-28 15:59:28,766 | text_processor | INFO | dominant=ID detected=['ID', 'EN', 'AR'] segments=6
2026-05-28 15:59:28,766 | text_processor | INFO | Input: "Jelaskan step by step cara booking flight ke Jeddah secara online"
2026-05-28 15:59:28,767 | text_processor | INFO | Manifest disimpan: 2030_audio13.json
2026-05-28 15:59:28,767 | text_processor | INFO | dominant=ID detected=['ID', 'EN', 'AR'] segments=8
2026-05-28 15:59:28,768 | text_processor | INFO | Input: "How to prepare dokumen umrah dari Indonesia dengan benar"
2026-05-28 15:59:28,768 | text_processor | INFO | Manifest disimpan: 2030_audio14.json
2026-05-28 15:59:28,769 | text_processor | INFO | dominant=EN detected=['EN', 'AR', 'ID'] segments=3
2026-05-28 15:59:28,769 | text_processor | INFO | Input: "Tolong buat checklist persiapan umrah termasuk barang wajib dibawa"
2026-05-28 15:59:28,769 | text_processor | INFO | Manifest disimpan: 2030_audio15.json
2026-05-28 15:59:28,770 | text_processor | INFO | dominant=ID detected=['ID', 'EN', 'AR'] segments=5
2026-05-28 15:59:28,770 | text_processor | INFO | Input: "Guide aku cara pilih hotel di Makkah dekat Haram dengan budget terbatas"
2026-05-28 15:59:28,770 | text_processor | INFO | Manifest disimpan: 2030_audio16.json
2026-05-28 15:59:28,771 | text_processor | INFO | dominant=ID detected=['EN', 'ID', 'AR'] segments=9
2026-05-28 15:59:28,771 | text_processor | INFO | Input: "Menurut kamu belajar bahasa Arab itu susah gak untuk pemula"
2026-05-28 15:59:28,771 | text_processor | INFO | Manifest disimpan: 2030_audio17.json
2026-05-28 15:59:28,771 | text_processor | INFO | dominant=ID detected=['ID'] segments=1
2026-05-28 15:59:28,771 | text_processor | INFO | Input: "I feel overwhelmed dengan persiapan umrah ada tips sederhana"
2026-05-28 15:59:28,772 | text_processor | INFO | Manifest disimpan: 2030_audio18.json
2026-05-28 15:59:28,772 | text_processor | INFO | dominant=EN detected=['EN', 'ID', 'AR'] segments=5
2026-05-28 15:59:28,772 | text_processor | INFO | Input: "احيانا saya bingung mulai dari mana untuk umrah"
2026-05-28 15:59:28,773 | text_processor | INFO | Manifest disimpan: 2030_audio19.json
2026-05-28 15:59:28,773 | text_processor | INFO | dominant=ID detected=['AR', 'ID'] segments=3
2026-05-28 15:59:28,773 | text_processor | INFO | Input: "Translate ke English aku mau pergi ke Makkah minggu depan"
2026-05-28 15:59:28,773 | text_processor | INFO | Manifest disimpan: 2030_audio20.json
2026-05-28 15:59:28,773 | text_processor | INFO | dominant=ID detected=['EN', 'ID', 'AR'] segments=4
2026-05-28 16:05:27,404 | text_processor | INFO | Input: "Aku mau book flight ke Jeddah minggu depan, bisa bantu schedule?"
2026-05-28 16:05:27,404 | text_processor | INFO | dominant=ID detected=['ID', 'EN', 'AR'] segments=6
2026-05-28 16:05:32,226 | text_processor | INFO | Input: "Aku butuh travel umrah simple tapi include Madinah visit"
2026-05-28 16:05:32,226 | text_processor | INFO | dominant=EN detected=['ID', 'EN', 'AR'] segments=8
2026-05-28 16:05:37,163 | text_processor | INFO | Input: "Can you help aku arrange transport dari Jeddah ke Madinah tomorrow"
2026-05-28 16:05:37,164 | text_processor | INFO | dominant=EN detected=['EN', 'ID', 'AR'] segments=8
2026-05-28 16:10:28,786 | text_processor | INFO | Input: "Aku mau book flight ke Jeddah minggu depan, bisa bantu schedule?"
2026-05-28 16:10:28,786 | text_processor | INFO | dominant=ID detected=['ID', 'EN', 'AR'] segments=6
2026-05-28 16:10:33,586 | text_processor | INFO | Input: "Aku butuh travel umrah simple tapi include Madinah visit"
2026-05-28 16:10:33,586 | text_processor | INFO | dominant=EN detected=['ID', 'EN', 'AR'] segments=8
2026-05-28 16:10:53,927 | text_processor | INFO | Input: "Aku mau book flight ke Jeddah minggu depan, bisa bantu schedule?"
2026-05-28 16:10:53,927 | text_processor | INFO | dominant=ID detected=['ID', 'EN', 'AR'] segments=6
2026-05-28 16:11:03,818 | text_processor | INFO | Input: "Aku butuh travel umrah simple tapi include Madinah visit"
2026-05-28 16:11:03,818 | text_processor | INFO | dominant=EN detected=['ID', 'EN', 'AR'] segments=8
2026-05-28 16:11:08,527 | text_processor | INFO | Input: "Can you help aku arrange transport dari Jeddah ke Madinah tomorrow"
2026-05-28 16:11:08,527 | text_processor | INFO | dominant=EN detected=['EN', 'ID', 'AR'] segments=8
2026-05-28 16:13:21,389 | text_processor | INFO | Input: "Aku mau book flight ke Jeddah minggu depan, bisa bantu schedule?"
2026-05-28 16:13:21,390 | text_processor | INFO | dominant=ID detected=['ID', 'EN', 'AR'] segments=6
2026-05-28 16:13:55,745 | text_processor | INFO | Input: "Aku butuh travel umrah simple tapi include Madinah visit"
2026-05-28 16:13:55,745 | text_processor | INFO | dominant=EN detected=['ID', 'EN', 'AR'] segments=8
2026-05-28 16:19:49,525 | text_processor | INFO | Input: "Aku mau book flight ke Jeddah minggu depan, bisa bantu schedule?"
2026-05-28 16:19:49,526 | text_processor | INFO | dominant=ID detected=['ID', 'EN', 'AR'] segments=6
2026-05-28 16:21:00,918 | text_processor | INFO | Input: "Aku mau book flight ke Jeddah minggu depan, bisa bantu schedule?"
2026-05-28 16:21:00,919 | text_processor | INFO | dominant=ID detected=['ID', 'EN', 'AR'] segments=6
2026-05-28 16:21:07,249 | text_processor | INFO | Input: "Aku butuh travel umrah simple tapi include Madinah visit"
2026-05-28 16:21:07,249 | text_processor | INFO | dominant=EN detected=['ID', 'EN', 'AR'] segments=8
2026-05-28 16:21:13,301 | text_processor | INFO | Input: "Can you help aku arrange transport dari Jeddah ke Madinah tomorrow"
2026-05-28 16:21:13,301 | text_processor | INFO | dominant=EN detected=['EN', 'ID', 'AR'] segments=8
2026-05-28 16:21:21,093 | text_processor | INFO | Input: "Explain step by step cara apply visa Saudi dengan benar"
2026-05-28 16:21:21,093 | text_processor | INFO | dominant=EN detected=['EN', 'ID', 'AR'] segments=5
2026-05-28 16:21:27,540 | text_processor | INFO | Input: "يَا أَخِي أُرِيدُ book flight إِلَى Jeddah هَلْ bisa bantu"
2026-05-28 16:21:27,540 | text_processor | INFO | dominant=AR detected=['AR', 'EN', 'ID'] segments=4
2026-05-28 16:21:36,962 | text_processor | INFO | Input: "Apa perbedaan umrah dan hajj secara detail dalam Islam"
2026-05-28 16:21:36,962 | text_processor | INFO | dominant=ID detected=['ID', 'AR'] segments=5
2026-05-28 16:22:31,221 | text_processor | INFO | Input: "Aku mau book flight ke Jeddah minggu depan, bisa bantu schedule?"
2026-05-28 16:22:31,222 | text_processor | INFO | dominant=ID detected=['ID', 'EN', 'AR'] segments=6
2026-05-28 16:22:46,600 | text_processor | INFO | Input: "Aku butuh travel umrah simple tapi include Madinah visit"
2026-05-28 16:22:46,601 | text_processor | INFO | dominant=EN detected=['ID', 'EN', 'AR'] segments=8
2026-05-28 16:22:58,043 | text_processor | INFO | Input: "Can you help aku arrange transport dari Jeddah ke Madinah tomorrow"
2026-05-28 16:22:58,043 | text_processor | INFO | dominant=EN detected=['EN', 'ID', 'AR'] segments=8
2026-05-28 16:23:07,485 | text_processor | INFO | Input: "Explain step by step cara apply visa Saudi dengan benar"
2026-05-28 16:23:07,485 | text_processor | INFO | dominant=EN detected=['EN', 'ID', 'AR'] segments=5
2026-05-28 16:23:18,339 | text_processor | INFO | Input: "يَا أَخِي أُرِيدُ book flight إِلَى Jeddah هَلْ bisa bantu"
2026-05-28 16:23:18,339 | text_processor | INFO | dominant=AR detected=['AR', 'EN', 'ID'] segments=4
2026-05-28 16:24:34,706 | text_processor | INFO | Input: "Aku mau book flight ke Jeddah minggu depan, bisa bantu schedule?"
2026-05-28 16:24:34,707 | text_processor | INFO | dominant=ID detected=['ID', 'EN', 'AR'] segments=6
2026-05-28 16:24:44,972 | text_processor | INFO | Input: "Aku butuh travel umrah simple tapi include Madinah visit"
2026-05-28 16:24:44,972 | text_processor | INFO | dominant=EN detected=['ID', 'EN', 'AR'] segments=8
2026-05-28 16:27:48,583 | text_processor | INFO | Input: "Aku mau book flight ke Jeddah minggu depan, bisa bantu schedule?"
2026-05-28 16:27:48,584 | text_processor | INFO | dominant=ID detected=['ID', 'EN', 'AR'] segments=6
2026-05-28 16:27:58,646 | text_processor | INFO | Input: "Aku butuh travel umrah simple tapi include Madinah visit"
2026-05-28 16:27:58,647 | text_processor | INFO | dominant=EN detected=['ID', 'EN', 'AR'] segments=8
2026-05-28 16:30:27,435 | text_processor | INFO | Input: "Aku mau book flight ke Jeddah minggu depan, bisa bantu schedule?"
2026-05-28 16:30:27,436 | text_processor | INFO | dominant=ID detected=['ID', 'EN', 'AR'] segments=6
2026-05-28 16:30:58,447 | text_processor | INFO | Input: "Aku mau book flight ke Jeddah minggu depan, bisa bantu schedule?"
2026-05-28 16:30:58,448 | text_processor | INFO | dominant=ID detected=['ID', 'EN', 'AR'] segments=6
2026-05-28 16:31:25,565 | text_processor | INFO | Input: "Aku butuh travel umrah simple tapi include Madinah visit"
2026-05-28 16:31:25,566 | text_processor | INFO | dominant=EN detected=['ID', 'EN', 'AR'] segments=8
2026-05-28 16:33:04,623 | text_processor | INFO | Input: "Aku mau book flight ke Jeddah minggu depan, bisa bantu schedule?"
2026-05-28 16:33:04,624 | text_processor | INFO | dominant=ID detected=['ID', 'EN', 'AR'] segments=6
2026-05-28 16:33:23,228 | text_processor | INFO | Input: "Aku butuh travel umrah simple tapi include Madinah visit"
2026-05-28 16:33:23,228 | text_processor | INFO | dominant=EN detected=['ID', 'EN', 'AR'] segments=8
2026-05-28 16:33:48,087 | text_processor | INFO | Input: "Aku mau book flight ke Jeddah minggu depan, bisa bantu schedule?"
2026-05-28 16:33:48,088 | text_processor | INFO | dominant=ID detected=['ID', 'EN', 'AR'] segments=6
2026-05-28 16:34:01,452 | text_processor | INFO | Input: "Aku butuh travel umrah simple tapi include Madinah visit"
2026-05-28 16:34:01,452 | text_processor | INFO | dominant=EN detected=['ID', 'EN', 'AR'] segments=8
2026-05-28 16:58:11,046 | text_processor | INFO | Input: "Aku mau book flight ke Jedah minggu depan, bisa bantu schedule?"
2026-05-28 16:58:11,047 | text_processor | INFO | dominant=ID detected=['ID', 'EN'] segments=4
2026-05-28 16:59:38,092 | text_processor | INFO | Input: "Aku mau book flight ke Jedah minggu depan, bisa bantu schedule?"
2026-05-28 16:59:38,093 | text_processor | INFO | dominant=ID detected=['ID', 'EN'] segments=4
2026-05-28 18:05:33,031 | text_processor | INFO | Input: "Aku mau book flight ke Jedah minggu depan, bisa bantu schedule?"
2026-05-28 18:05:33,032 | text_processor | INFO | dominant=ID detected=['ID', 'EN'] segments=4
2026-05-28 20:40:32,599 | text_processor | INFO | Input: "Aku mau book flight ke Jedah minggu depan, bisa bantu schedule?"
2026-05-28 20:40:32,599 | text_processor | INFO | dominant=ID detected=['ID', 'EN'] segments=4
2026-05-28 20:46:36,337 | text_processor | INFO | Input: "Aku mau book flight ke Jedah minggu depan, bisa bantu schedule?"
2026-05-28 20:46:36,337 | text_processor | INFO | dominant=ID detected=['ID', 'EN'] segments=4
2026-05-28 22:55:29,901 | text_processor | INFO | Input: "Aku mau book flight ke Jedah minggu depan, bisa bantu schedule?"
2026-05-28 22:55:29,901 | text_processor | INFO | dominant=ID detected=['ID', 'EN'] segments=4
2026-05-28 22:59:01,454 | text_processor | INFO | Input: "Aku mau book flight ke Jedah minggu depan, bisa bantu schedule?"
2026-05-28 22:59:01,454 | text_processor | INFO | dominant=ID detected=['ID', 'EN'] segments=4
2026-05-28 23:58:26,221 | text_processor | INFO | Input: "Aku mau book flight ke Jedah minggu depan, bisa bantu schedule?"
2026-05-28 23:58:26,221 | text_processor | INFO | dominant=ID detected=['ID', 'EN'] segments=4
2026-05-29 14:10:55,179 | text_processor | INFO | Input: "Aku mau book flight ke Jedah minggu depan, bisa bantu schedule?"
2026-05-29 14:10:55,179 | text_processor | INFO | dominant=ID detected=['ID', 'EN'] segments=4
2026-05-29 14:14:11,507 | text_processor | INFO | Input: "Aku mau book flight ke Jedah minggu depan, bisa bantu schedule?"
2026-05-29 14:14:11,508 | text_processor | INFO | dominant=ID detected=['ID', 'EN'] segments=4
2026-05-29 14:17:09,222 | text_processor | INFO | Input: "Aku mau book flight ke Jedah minggu depan, bisa bantu schedule?"
2026-05-29 14:17:09,222 | text_processor | INFO | dominant=ID detected=['ID', 'EN'] segments=4
2026-05-29 14:19:05,005 | text_processor | INFO | Input: "Aku mau book flight ke Jedah minggu depan, bisa bantu schedule?"
2026-05-29 14:19:05,006 | text_processor | INFO | dominant=ID detected=['ID', 'EN'] segments=4
2026-05-29 16:43:03,162 | text_processor | INFO | Input: "Aku mau book flight ke Jedah minggu depan, bisa bantu schedule?"
2026-05-29 16:43:03,163 | text_processor | INFO | dominant=ID detected=['ID', 'EN'] segments=4
2026-05-29 16:44:22,745 | text_processor | INFO | Input: "Aku mau book flight ke Jedah minggu depan, bisa bantu schedule?"
2026-05-29 16:44:22,745 | text_processor | INFO | dominant=ID detected=['ID', 'EN'] segments=4
2026-05-29 17:09:58,264 | text_processor | INFO | Input: "Aku butuh travel umrah simple tapi include marina visit."
2026-05-29 17:09:58,265 | text_processor | INFO | dominant=EN detected=['ID', 'EN', 'AR'] segments=6
2026-05-29 21:02:36,915 | text_processor | INFO | Input: "Aku mau book flight ke Jedah minggu depan, bisa bantu schedule?"
2026-05-29 21:02:36,916 | text_processor | INFO | Manifest disimpan: 2222_audio1.json
2026-05-29 21:02:36,916 | text_processor | INFO | dominant=ID detected=['ID', 'EN'] segments=4
2026-05-29 21:04:10,065 | text_processor | INFO | Input: "Apa perbedaan umrah dan hajj secara detail dalam Islam?"
2026-05-29 21:04:10,066 | text_processor | INFO | Manifest disimpan: 2222_audio10.json
2026-05-29 21:04:10,066 | text_processor | INFO | dominant=ID detected=['ID', 'AR'] segments=5
2026-05-29 21:16:02,927 | text_processor | INFO | Input: "Aku mau book flight ke Jedah minggu depan, bisa bantu schedule?"
2026-05-29 21:16:02,928 | text_processor | INFO | Manifest disimpan: 2222_audio1.json
2026-05-29 21:16:02,928 | text_processor | INFO | dominant=ID detected=['ID', 'EN'] segments=4
2026-05-29 21:16:56,395 | text_processor | INFO | Input: "Aku butuh travel umrah simple tapi include marina visit."
2026-05-29 21:16:56,396 | text_processor | INFO | Manifest disimpan: 2222_audio2.json
2026-05-29 21:16:56,396 | text_processor | INFO | dominant=EN detected=['ID', 'EN', 'AR'] segments=6
2026-05-29 21:18:41,855 | text_processor | INFO | Input: "Can you help aku arrange transport dari Judah ke Madinah tomorrow?"
2026-05-29 21:18:41,856 | text_processor | INFO | Manifest disimpan: 2222_audio3.json
2026-05-29 21:18:41,856 | text_processor | INFO | dominant=EN detected=['EN', 'ID', 'AR'] segments=6
2026-05-29 21:19:44,679 | text_processor | INFO | Input: "Explain step by step cara apply visas OD dengan benar."
2026-05-29 21:19:44,680 | text_processor | INFO | Manifest disimpan: 2222_audio4.json
2026-05-29 21:19:44,680 | text_processor | INFO | dominant=EN detected=['EN', 'ID'] segments=4
2026-05-29 21:21:11,563 | text_processor | INFO | Input: "Ya akhi, uridu bookflag ilah Jeddah al-Rasbun al-Qadim, hal bisa bantu Ajidah Af"
2026-05-29 21:21:11,564 | text_processor | INFO | Manifest disimpan: 2222_audio5.json
2026-05-29 21:21:11,564 | text_processor | INFO | dominant=AR detected=['AR', 'ID', 'EN'] segments=3
2026-05-29 21:23:39,614 | text_processor | INFO | Input: "Uri dulu range transport menjedah ilah Madinah Waddan."
2026-05-29 21:23:39,614 | text_processor | INFO | Manifest disimpan: 2222_audio6.json
2026-05-29 21:23:39,614 | text_processor | INFO | dominant=EN detected=['EN', 'AR'] segments=2
2026-05-29 21:25:11,810 | text_processor | INFO | Input: "Book flight ke Jeddah lalu lanjut ke Madinah, schedule terbaik kapan?"
2026-05-29 21:25:11,810 | text_processor | INFO | Manifest disimpan: 2222_audio7.json
2026-05-29 21:25:11,811 | text_processor | INFO | dominant=ID detected=['EN', 'ID', 'AR'] segments=7
2026-05-29 21:26:09,611 | text_processor | INFO | Input: "Apa perbedaan umrah dan hajj secara detail dalam Islam?"
2026-05-29 21:26:09,612 | text_processor | INFO | Manifest disimpan: 2222_audio10.json
2026-05-29 21:26:09,612 | text_processor | INFO | dominant=ID detected=['ID', 'AR'] segments=5
2026-05-29 21:27:00,926 | text_processor | INFO | Input: "Bagaimana proses visa Saudi untuk umrah dari Indonesia sekarang?"
2026-05-29 21:27:00,931 | text_processor | INFO | Manifest disimpan: 2222_audio12.json
2026-05-29 21:27:00,932 | text_processor | INFO | dominant=ID detected=['ID', 'EN', 'AR'] segments=6
2026-05-29 21:27:47,375 | text_processor | INFO | Input: "How to prepare dagumen umrah dari Indonesia dengan benar?"
2026-05-29 21:27:47,375 | text_processor | INFO | Manifest disimpan: 2222_audio14.json
2026-05-29 21:27:47,375 | text_processor | INFO | dominant=EN detected=['EN', 'AR', 'ID'] segments=3
2026-05-29 21:29:03,482 | text_processor | INFO | Input: "Aku mau book fly ke Jedah minggu depan, bisa bantu schedule"
2026-05-29 21:29:03,483 | text_processor | INFO | Manifest disimpan: 2301_audio1.json
2026-05-29 21:29:03,483 | text_processor | INFO | dominant=ID detected=['ID', 'EN'] segments=4
2026-05-29 21:29:47,033 | text_processor | INFO | Input: "Aku butuh travel umrah simpel tapi include Madinah Visit."
2026-05-29 21:29:47,039 | text_processor | INFO | Manifest disimpan: 2301_audio2.json
2026-05-29 21:29:47,039 | text_processor | INFO | dominant=ID detected=['ID', 'EN', 'AR'] segments=7
2026-05-29 21:30:33,146 | text_processor | INFO | Input: "Can you help aku arrange transport dari Jedah ke Madinah tomorrow?"
2026-05-29 21:30:33,146 | text_processor | INFO | Manifest disimpan: 2301_audio3.json
2026-05-29 21:30:33,146 | text_processor | INFO | dominant=EN detected=['EN', 'ID', 'AR'] segments=6
2026-05-29 21:31:49,191 | text_processor | INFO | Input: "Explain step by step cara apply visa Saudi dengan benar."
2026-05-29 21:31:49,192 | text_processor | INFO | Manifest disimpan: 2301_audio4.json
2026-05-29 21:31:49,192 | text_processor | INFO | dominant=EN detected=['EN', 'ID', 'AR'] segments=5
2026-05-29 21:33:18,744 | text_processor | INFO | Input: "Ya akhiri, uridu book flight ilajidah ul usbu an kadim. Hal bisa bantu ajidah af"
2026-05-29 21:33:18,744 | text_processor | INFO | Manifest disimpan: 2301_audio5.json
2026-05-29 21:33:18,745 | text_processor | INFO | dominant=EN detected=['AR', 'EN', 'ID'] segments=3
2026-05-29 21:34:36,816 | text_processor | INFO | Input: "Uridu Range Transport Menjeda ilai Madinah Rodan"
2026-05-29 21:34:36,816 | text_processor | INFO | Manifest disimpan: 2301_audio6.json
2026-05-29 21:34:36,816 | text_processor | INFO | dominant=AR detected=['AR', 'EN'] segments=3
2026-05-29 21:43:06,054 | text_processor | INFO | Input: "Uridu Range Transport Menjeda ilai Madinah Rodan"
2026-05-29 21:43:06,054 | text_processor | INFO | Manifest disimpan: 2301_audio6.json
2026-05-29 21:43:06,054 | text_processor | INFO | dominant=EN detected=['AR', 'EN'] segments=2
2026-05-29 21:45:30,301 | text_processor | INFO | Input: "Kenapa fasting di Ramadan itu wajib bagi Muslim?"
2026-05-29 21:45:30,302 | text_processor | INFO | Manifest disimpan: 2301_audio11.json
2026-05-29 21:45:30,302 | text_processor | INFO | dominant=ID detected=['ID'] segments=1
2026-05-29 21:46:13,031 | text_processor | INFO | Input: "Bagaimana proses visa Saudi untuk omroh dari Indonesia sekarang?"
2026-05-29 21:46:13,031 | text_processor | INFO | Manifest disimpan: 2301_audio12.json
2026-05-29 21:46:13,031 | text_processor | INFO | dominant=ID detected=['ID', 'EN'] segments=3
2026-05-29 21:50:31,146 | text_processor | INFO | Input: "Aku mau book flight ke Jedah minggu depan, bisa bantu schedule?"
2026-05-29 21:50:31,146 | text_processor | INFO | Manifest disimpan: 2222_audio1.json
2026-05-29 21:50:31,146 | text_processor | INFO | dominant=ID detected=['ID', 'EN'] segments=4
2026-05-29 21:51:17,400 | text_processor | INFO | Input: "Aku butuh travel umrah simple tapi include marina visit."
2026-05-29 21:51:17,400 | text_processor | INFO | Manifest disimpan: 2222_audio2.json
2026-05-29 21:51:17,400 | text_processor | INFO | dominant=EN detected=['ID', 'EN'] segments=4
2026-05-29 21:52:38,567 | text_processor | INFO | Input: "Can you help aku arrange transport dari Judah ke Madinah tomorrow?"
2026-05-29 21:52:38,568 | text_processor | INFO | Manifest disimpan: 2222_audio3.json
2026-05-29 21:52:38,568 | text_processor | INFO | dominant=EN detected=['EN', 'ID'] segments=5
2026-05-29 21:53:47,421 | text_processor | INFO | Input: "Explain step by step cara apply visas OD dengan benar."
2026-05-29 21:53:47,422 | text_processor | INFO | Manifest disimpan: 2222_audio4.json
2026-05-29 21:53:47,422 | text_processor | INFO | dominant=EN detected=['EN', 'ID'] segments=4
2026-05-29 21:55:43,734 | text_processor | INFO | Input: "Ya akhi, uridu bookflag ilah Jeddah al-Rasbun al-Qadim, hal bisa bantu Ajidah Af"
2026-05-29 21:55:43,735 | text_processor | INFO | Manifest disimpan: 2222_audio5.json
2026-05-29 21:55:43,735 | text_processor | INFO | dominant=AR detected=['AR', 'ID', 'EN'] segments=4
2026-05-29 21:57:40,314 | text_processor | INFO | Input: "Uri dulu range transport menjedah ilah Madinah Waddan."
2026-05-29 21:57:40,314 | text_processor | INFO | Manifest disimpan: 2222_audio6.json
2026-05-29 21:57:40,314 | text_processor | INFO | dominant=EN detected=['EN'] segments=1
2026-05-29 21:58:50,294 | text_processor | INFO | Input: "Book flight ke Jeddah lalu lanjut ke Madinah, schedule terbaik kapan?"
2026-05-29 21:58:50,296 | text_processor | INFO | Manifest disimpan: 2222_audio7.json
2026-05-29 21:58:50,296 | text_processor | INFO | dominant=ID detected=['EN', 'ID'] segments=4
2026-05-29 21:59:49,360 | text_processor | INFO | Input: "Apa perbedaan umrah dan hajj secara detail dalam Islam?"
2026-05-29 21:59:49,366 | text_processor | INFO | Manifest disimpan: 2222_audio10.json
2026-05-29 21:59:49,366 | text_processor | INFO | dominant=ID detected=['ID'] segments=1
2026-05-29 22:00:36,585 | text_processor | INFO | Input: "Bagaimana proses visa Saudi untuk umrah dari Indonesia sekarang?"
2026-05-29 22:00:36,586 | text_processor | INFO | Manifest disimpan: 2222_audio12.json
2026-05-29 22:00:36,586 | text_processor | INFO | dominant=ID detected=['ID', 'EN'] segments=3
2026-05-29 22:01:25,065 | text_processor | INFO | Input: "How to prepare dagumen umrah dari Indonesia dengan benar?"
2026-05-29 22:01:25,065 | text_processor | INFO | Manifest disimpan: 2222_audio14.json
2026-05-29 22:01:25,065 | text_processor | INFO | dominant=EN detected=['EN', 'ID'] segments=2
2026-05-29 22:02:30,602 | text_processor | INFO | Input: "Aku mau book fly ke Jedah minggu depan, bisa bantu schedule"
2026-05-29 22:02:30,603 | text_processor | INFO | Manifest disimpan: 2301_audio1.json
2026-05-29 22:02:30,603 | text_processor | INFO | dominant=ID detected=['ID', 'EN'] segments=4
2026-05-29 22:03:12,251 | text_processor | INFO | Input: "Aku butuh travel umrah simpel tapi include Madinah Visit."
2026-05-29 22:03:12,252 | text_processor | INFO | Manifest disimpan: 2301_audio2.json
2026-05-29 22:03:12,252 | text_processor | INFO | dominant=EN detected=['ID', 'EN'] segments=4
2026-05-29 22:04:29,964 | text_processor | INFO | Input: "Can you help aku arrange transport dari Jedah ke Madinah tomorrow?"
2026-05-29 22:04:29,965 | text_processor | INFO | Manifest disimpan: 2301_audio3.json
2026-05-29 22:04:29,965 | text_processor | INFO | dominant=EN detected=['EN', 'ID'] segments=5
2026-05-29 22:05:40,402 | text_processor | INFO | Input: "Explain step by step cara apply visa Saudi dengan benar."
2026-05-29 22:05:40,402 | text_processor | INFO | Manifest disimpan: 2301_audio4.json
2026-05-29 22:05:40,402 | text_processor | INFO | dominant=EN detected=['EN', 'ID'] segments=4
2026-05-29 22:06:48,777 | text_processor | INFO | Input: "Ya akhiri, uridu book flight ilajidah ul usbu an kadim. Hal bisa bantu ajidah af"
2026-05-29 22:06:48,783 | text_processor | INFO | Manifest disimpan: 2301_audio5.json
2026-05-29 22:06:48,783 | text_processor | INFO | dominant=ID detected=['AR', 'EN', 'ID'] segments=4
2026-05-29 22:07:34,882 | text_processor | INFO | Input: "Uridu Range Transport Menjeda ilai Madinah Rodan"
2026-05-29 22:07:34,883 | text_processor | INFO | Manifest disimpan: 2301_audio6.json
2026-05-29 22:07:34,883 | text_processor | INFO | dominant=EN detected=['AR', 'EN'] segments=2
2026-05-29 22:08:40,134 | text_processor | INFO | Input: "Kenapa fasting di Ramadan itu wajib bagi Muslim?"
2026-05-29 22:08:40,135 | text_processor | INFO | Manifest disimpan: 2301_audio11.json
2026-05-29 22:08:40,135 | text_processor | INFO | dominant=ID detected=['ID'] segments=1
2026-05-29 22:09:26,255 | text_processor | INFO | Input: "Bagaimana proses visa Saudi untuk omroh dari Indonesia sekarang?"
2026-05-29 22:09:26,260 | text_processor | INFO | Manifest disimpan: 2301_audio12.json
2026-05-29 22:09:26,261 | text_processor | INFO | dominant=ID detected=['ID', 'EN'] segments=3
2026-05-29 22:10:23,349 | text_processor | INFO | Input: "How to prepare dokumen umrah dari Indonesia dengan benar"
2026-05-29 22:10:23,350 | text_processor | INFO | Manifest disimpan: 2301_audio14.json
2026-05-29 22:10:23,350 | text_processor | INFO | dominant=EN detected=['EN', 'ID'] segments=2
2026-05-29 22:11:28,714 | text_processor | INFO | Input: "Tolong buat checklist persiapan umrah termasuk barang wajib di bawah."
2026-05-29 22:11:28,715 | text_processor | INFO | Manifest disimpan: 2301_audio15.json
2026-05-29 22:11:28,715 | text_processor | INFO | dominant=ID detected=['ID', 'EN'] segments=3
2026-05-29 22:12:29,880 | text_processor | INFO | Input: "Aku mau book flight ke Jedah minggu depan, bisa bantu schedule."
2026-05-29 22:12:29,881 | text_processor | INFO | Manifest disimpan: 2302_audio01.json
2026-05-29 22:12:29,881 | text_processor | INFO | dominant=ID detected=['ID', 'EN'] segments=4
2026-05-29 22:13:22,648 | text_processor | INFO | Input: "Aku butuh Transval Umrah Simpal tapi include Madinah Visit."
2026-05-29 22:13:22,649 | text_processor | INFO | Manifest disimpan: 2302_audio02.json
2026-05-29 22:13:22,649 | text_processor | INFO | dominant=ID detected=['ID', 'EN'] segments=2
2026-05-29 22:14:14,106 | text_processor | INFO | Input: "Can you help aku arrange transport dari Jeddah ke Madinah tomorrow?"
2026-05-29 22:14:14,107 | text_processor | INFO | Manifest disimpan: 2302_audio03.json
2026-05-29 22:14:14,107 | text_processor | INFO | dominant=EN detected=['EN', 'ID'] segments=5
2026-05-29 22:15:36,931 | text_processor | INFO | Input: "Expand step by step cara apply visa Saudi dengan benar."
2026-05-29 22:15:36,932 | text_processor | INFO | Manifest disimpan: 2302_audio04.json
2026-05-29 22:15:36,932 | text_processor | INFO | dominant=EN detected=['EN', 'ID'] segments=4
2026-05-29 22:16:55,929 | text_processor | INFO | Input: "Ya Akhi, uridubuk flight ilajidah Al-Usbu Al-Khadim, hal bisa bantu aji daaf dal"
2026-05-29 22:16:55,929 | text_processor | INFO | Manifest disimpan: 2302_audio05.json
2026-05-29 22:16:55,929 | text_processor | INFO | dominant=AR detected=['AR', 'EN', 'ID'] segments=5
2026-05-29 22:18:51,538 | text_processor | INFO | Input: "Udhido Range Transport Menjida ilam Madinahada"
2026-05-29 22:18:51,538 | text_processor | INFO | Manifest disimpan: 2302_audio06.json
2026-05-29 22:18:51,538 | text_processor | INFO | dominant=EN detected=['EN'] segments=1
2026-05-29 22:20:01,668 | text_processor | INFO | Input: "Kenapa fasting di ramadan itu wajib bagi muslim?"
2026-05-29 22:20:01,669 | text_processor | INFO | Manifest disimpan: 2302_audio11.json
2026-05-29 22:20:01,669 | text_processor | INFO | dominant=ID detected=['ID'] segments=1
2026-05-29 22:20:47,104 | text_processor | INFO | Input: "How to prepare dokumen umrah dari Indonesia dengan benar?"
2026-05-29 22:20:47,105 | text_processor | INFO | Manifest disimpan: 2302_audio14.json
2026-05-29 22:20:47,105 | text_processor | INFO | dominant=EN detected=['EN', 'ID'] segments=2
2026-05-29 22:21:48,123 | text_processor | INFO | Input: "Tolong buat checklist persiapan umrah termasuk barang wajib di bawah."
2026-05-29 22:21:48,123 | text_processor | INFO | Manifest disimpan: 2302_audio15.json
2026-05-29 22:21:48,123 | text_processor | INFO | dominant=ID detected=['ID', 'EN'] segments=3
2026-05-29 22:22:30,674 | text_processor | INFO | Input: "Menurut kamu, belajar bahasa Arab itu susah nggak untuk pemula."
2026-05-29 22:22:30,674 | text_processor | INFO | Manifest disimpan: 2302_audio17.json
2026-05-29 22:22:30,674 | text_processor | INFO | dominant=ID detected=['ID'] segments=1
2026-05-29 22:23:06,438 | text_processor | INFO | Input: "Aku membuka flight ke Jeddah minggu depan. Bisa bantu schedule."
2026-05-29 22:23:06,439 | text_processor | INFO | Manifest disimpan: 2303_audio01.json
2026-05-29 22:23:06,439 | text_processor | INFO | dominant=ID detected=['ID', 'EN'] segments=4
2026-05-29 22:23:47,650 | text_processor | INFO | Input: "Aku butuh travel umrah simpel, tapi include Madinah Visit."
2026-05-29 22:23:47,651 | text_processor | INFO | Manifest disimpan: 2303_audio02.json
2026-05-29 22:23:47,651 | text_processor | INFO | dominant=EN detected=['ID', 'EN'] segments=4
2026-05-29 22:24:54,587 | text_processor | INFO | Input: "Can you help me arrange transport dari Jeddah ke Madinah tomorrow?"
2026-05-29 22:24:54,587 | text_processor | INFO | Manifest disimpan: 2303_audio03.json
2026-05-29 22:24:54,587 | text_processor | INFO | dominant=EN detected=['EN', 'ID'] segments=3
2026-05-29 22:25:58,930 | text_processor | INFO | Input: "Explain step by step cara apply visa Saudi dengan benar."
2026-05-29 22:25:58,930 | text_processor | INFO | Manifest disimpan: 2303_audio04.json
2026-05-29 22:25:58,930 | text_processor | INFO | dominant=EN detected=['EN', 'ID'] segments=4
2026-05-29 22:27:07,486 | text_processor | INFO | Input: "Ya ahri, uridu buk frak ila jadah al-usbu al-qadim, hal bisa bantu ajidah afdol "
2026-05-29 22:27:07,486 | text_processor | INFO | Manifest disimpan: 2303_audio05.json
2026-05-29 22:27:07,486 | text_processor | INFO | dominant=AR detected=['AR', 'ID'] segments=3
2026-05-29 22:28:48,020 | text_processor | INFO | Input: "Uridu Orange transport Min Jeddah Ila Madinah Radhan"
2026-05-29 22:28:48,021 | text_processor | INFO | Manifest disimpan: 2303_audio06.json
2026-05-29 22:28:48,021 | text_processor | INFO | dominant=AR detected=['AR', 'EN'] segments=3
2026-05-29 22:30:32,450 | text_processor | INFO | Input: "Buk flight ke Jeddah lalu lanjut ke Madinah. Skedul terbaik kapan?"
2026-05-29 22:30:32,450 | text_processor | INFO | Manifest disimpan: 2303_audio07.json
2026-05-29 22:30:32,450 | text_processor | INFO | dominant=ID detected=['EN', 'ID'] segments=2
2026-05-29 22:31:20,354 | text_processor | INFO | Input: "Jelaskan step by step cara booking flight ke Jeddah secara online."
2026-05-29 22:31:20,354 | text_processor | INFO | Manifest disimpan: 2303_audio13.json
2026-05-29 22:31:20,354 | text_processor | INFO | dominant=ID detected=['ID', 'EN'] segments=6
2026-05-29 22:32:01,383 | text_processor | INFO | Input: "Tolong buat checklist persiapan umrah termasuk barang wajib di bawah."
2026-05-29 22:32:01,384 | text_processor | INFO | Manifest disimpan: 2303_audio15.json
2026-05-29 22:32:01,384 | text_processor | INFO | dominant=ID detected=['ID', 'EN'] segments=3
2026-05-29 22:32:48,962 | text_processor | INFO | Input: "Ahianan saya bingung mulai dari mana untuk umrah."
2026-05-29 22:32:48,963 | text_processor | INFO | Manifest disimpan: 2303_audio19.json
2026-05-29 22:32:48,963 | text_processor | INFO | dominant=ID detected=['ID'] segments=1
2026-05-29 22:33:26,114 | text_processor | INFO | Input: "Aku mau book flight ke Jedah minggu depan. Bisa bantu schedule?"
2026-05-29 22:33:26,114 | text_processor | INFO | Manifest disimpan: 2304_audio01.json
2026-05-29 22:33:26,114 | text_processor | INFO | dominant=ID detected=['ID', 'EN'] segments=4
2026-05-29 22:34:04,684 | text_processor | INFO | Input: "Aku butuh travel umrah simpel tapi include Madinah Visit."
2026-05-29 22:34:04,685 | text_processor | INFO | Manifest disimpan: 2304_audio02.json
2026-05-29 22:34:04,685 | text_processor | INFO | dominant=EN detected=['ID', 'EN'] segments=4
2026-05-29 22:35:03,633 | text_processor | INFO | Input: "Can you help me arrange transport from Jeddah to Madinah tomorrow?"
2026-05-29 22:35:03,634 | text_processor | INFO | Manifest disimpan: 2304_audio03.json
2026-05-29 22:35:03,634 | text_processor | INFO | dominant=EN detected=['EN'] segments=1
2026-05-29 22:36:08,335 | text_processor | INFO | Input: "Explain step by step cara apply visa Saudi dengan benar."
2026-05-29 22:36:08,335 | text_processor | INFO | Manifest disimpan: 2304_audio04.json
2026-05-29 22:36:08,335 | text_processor | INFO | dominant=EN detected=['EN', 'ID'] segments=4
2026-05-29 22:37:15,168 | text_processor | INFO | Input: "Ya Achi, Uri Dubuk Flight Ila Jeddah Al-Usbu Al-Qadim, Hal Bisa Bantu Ajeeda Afd"
2026-05-29 22:37:15,169 | text_processor | INFO | Manifest disimpan: 2304_audio05.json
2026-05-29 22:37:15,169 | text_processor | INFO | dominant=AR detected=['AR', 'EN', 'ID'] segments=5
2026-05-29 22:39:07,533 | text_processor | INFO | Input: "Uru do Range Transport, Minjid dah ila Madinah Koden"
2026-05-29 22:39:07,534 | text_processor | INFO | Manifest disimpan: 2304_audio06.json
2026-05-29 22:39:07,534 | text_processor | INFO | dominant=EN detected=['EN', 'AR'] segments=2
2026-05-29 22:40:10,783 | text_processor | INFO | Input: "Book flight ke Jedah lanjut ke Madinah, schedule terbaik kapan?"
2026-05-29 22:40:10,783 | text_processor | INFO | Manifest disimpan: 2304_audio07.json
2026-05-29 22:40:10,783 | text_processor | INFO | dominant=ID detected=['EN', 'ID'] segments=4
2026-05-29 22:40:53,977 | text_processor | INFO | Input: "Kenapa fasting di Ramadan itu wajib bagi muslim?"
2026-05-29 22:40:53,977 | text_processor | INFO | Manifest disimpan: 2304_audio11.json
2026-05-29 22:40:53,978 | text_processor | INFO | dominant=ID detected=['ID'] segments=1
2026-05-29 22:41:31,546 | text_processor | INFO | Input: "Tolong buat checklist persiapan umrah termasuk barang wajib di bawah."
2026-05-29 22:41:31,546 | text_processor | INFO | Manifest disimpan: 2304_audio15.json
2026-05-29 22:41:31,546 | text_processor | INFO | dominant=ID detected=['ID', 'EN'] segments=3
2026-05-29 22:42:20,598 | text_processor | INFO | Input: "I feel overwhelmed dengan persiapan umrah. Ada tips sederhana?"
2026-05-29 22:42:20,598 | text_processor | INFO | Manifest disimpan: 2304_audio18.json
2026-05-29 22:42:20,598 | text_processor | INFO | dominant=EN detected=['EN', 'ID'] segments=3
2026-05-29 22:43:23,449 | text_processor | INFO | Input: "Aku mau book flight ke Judaya minggu depan. Bisa bantu schedule?"
2026-05-29 22:43:23,450 | text_processor | INFO | Manifest disimpan: 2306_Audio01.json
2026-05-29 22:43:23,450 | text_processor | INFO | dominant=ID detected=['ID', 'EN'] segments=4
2026-05-29 22:44:06,598 | text_processor | INFO | Input: "Aku butuh travel umrah simpel tapi include Madinah Visit."
2026-05-29 22:44:06,599 | text_processor | INFO | Manifest disimpan: 2306_Audio02.json
2026-05-29 22:44:06,599 | text_processor | INFO | dominant=EN detected=['ID', 'EN'] segments=4
2026-05-29 22:45:08,582 | text_processor | INFO | Input: "Can you help aku orange transport dari Jeddah ke Madinah tomorrow?"
2026-05-29 22:45:08,582 | text_processor | INFO | Manifest disimpan: 2306_Audio03.json
2026-05-29 22:45:08,582 | text_processor | INFO | dominant=ID detected=['EN', 'ID'] segments=5
2026-05-29 22:45:55,430 | text_processor | INFO | Input: "Explain step by step cara apply visa Saudi dengan benar."
2026-05-29 22:45:55,430 | text_processor | INFO | Manifest disimpan: 2306_Audio04.json
2026-05-29 22:45:55,430 | text_processor | INFO | dominant=EN detected=['EN', 'ID'] segments=4
2026-05-29 22:47:15,302 | text_processor | INFO | Input: "Ya ok, uridu book flight ilajit dah al usbu al kadem, hal bisa bantu ajida afdal"
2026-05-29 22:47:15,302 | text_processor | INFO | Manifest disimpan: 2306_Audio05.json
2026-05-29 22:47:15,302 | text_processor | INFO | dominant=EN detected=['AR', 'EN', 'ID'] segments=6
2026-05-29 22:48:18,546 | text_processor | INFO | Input: "uridu restoran sport minjit dah ilam adina leaden"
2026-05-29 22:48:18,547 | text_processor | INFO | Manifest disimpan: 2306_Audio06.json
2026-05-29 22:48:18,547 | text_processor | INFO | dominant=AR detected=['AR'] segments=1
2026-05-29 22:49:59,692 | text_processor | INFO | Input: "Kenapa fasting di Ramadan itu wajib bagi muslim?"
2026-05-29 22:49:59,692 | text_processor | INFO | Manifest disimpan: 2306_Audio11.json
2026-05-29 22:49:59,693 | text_processor | INFO | dominant=ID detected=['ID'] segments=1
2026-05-29 22:50:38,812 | text_processor | INFO | Input: "Bagaimana proses visa Saudi untuk umrah dari Indonesia sekarang?"
2026-05-29 22:50:38,812 | text_processor | INFO | Manifest disimpan: 2306_Audio12.json
2026-05-29 22:50:38,812 | text_processor | INFO | dominant=ID detected=['ID', 'EN'] segments=3
2026-05-29 22:51:19,613 | text_processor | INFO | Input: "Jelaskan step by step cara bukin flight ke jendah secara online."
2026-05-29 22:51:19,619 | text_processor | INFO | Manifest disimpan: 2306_Audio13.json
2026-05-29 22:51:19,619 | text_processor | INFO | dominant=ID detected=['ID', 'EN'] segments=6
2026-05-29 22:52:02,271 | text_processor | INFO | Input: "How to prepare dokumen umrah dari Indonesia dengan benar?"
2026-05-29 22:52:02,271 | text_processor | INFO | Manifest disimpan: 2306_Audio14.json
2026-05-29 22:52:02,271 | text_processor | INFO | dominant=EN detected=['EN', 'ID'] segments=2
2026-05-29 22:53:15,920 | text_processor | INFO | Input: "Tolong buat checklist persiapan umrah termasuk barang wajib di bawah"
2026-05-29 22:53:15,920 | text_processor | INFO | Manifest disimpan: 2306_Audio15.json
2026-05-29 22:53:15,920 | text_processor | INFO | dominant=ID detected=['ID', 'EN'] segments=3
2026-05-29 22:54:05,926 | text_processor | INFO | Input: "Aku mau book flight ke Jeddah minggu depan. Bisa bantu schedule?"
2026-05-29 22:54:05,926 | text_processor | INFO | Manifest disimpan: 2307_audio01.json
2026-05-29 22:54:05,926 | text_processor | INFO | dominant=ID detected=['ID', 'EN'] segments=4
2026-05-29 22:54:43,167 | text_processor | INFO | Input: "Aku butuh travel omrah, simpel, tapi include Madinah Visit."
2026-05-29 22:54:43,167 | text_processor | INFO | Manifest disimpan: 2307_audio02.json
2026-05-29 22:54:43,167 | text_processor | INFO | dominant=EN detected=['ID', 'EN'] segments=4
2026-05-29 22:55:48,807 | text_processor | INFO | Input: "Bolehkah kamu bantu aku menyiapkan transport dari Jeddah ke Madinah esok?"
2026-05-29 22:55:48,808 | text_processor | INFO | Manifest disimpan: 2307_audio03.json
2026-05-29 22:55:48,808 | text_processor | INFO | dominant=ID detected=['ID', 'EN'] segments=3
2026-05-29 22:56:29,251 | text_processor | INFO | Input: "Explain step by step cara apply visa Saudi dengan benar."
2026-05-29 22:56:29,252 | text_processor | INFO | Manifest disimpan: 2307_audio04.json
2026-05-29 22:56:29,252 | text_processor | INFO | dominant=EN detected=['EN', 'ID'] segments=4
2026-05-29 22:57:55,023 | text_processor | INFO | Input: "Ya Aki, urnidu buk flight ilajedah al-usbu al-qadim. Hal bisa bantu ajid afdal s"
2026-05-29 22:57:55,024 | text_processor | INFO | Manifest disimpan: 2307_audio05.json
2026-05-29 22:57:55,024 | text_processor | INFO | dominant=AR detected=['AR', 'EN', 'ID'] segments=4
2026-05-29 22:59:27,240 | text_processor | INFO | Input: "Uridu arranges transports from Jeddah to Madinah, Jordan."
2026-05-29 22:59:27,240 | text_processor | INFO | Manifest disimpan: 2307_audio06.json
2026-05-29 22:59:27,240 | text_processor | INFO | dominant=EN detected=['AR', 'EN'] segments=2
2026-05-29 23:00:35,281 | text_processor | INFO | Input: "Buk flight ke Jeddah, lalu lanjut ke Madinah. Skejul terbaik, kapan?"
2026-05-29 23:00:35,282 | text_processor | INFO | Manifest disimpan: 2307_audio07.json
2026-05-29 23:00:35,282 | text_processor | INFO | dominant=ID detected=['EN', 'ID'] segments=2
2026-05-29 23:01:21,335 | text_processor | INFO | Input: "Apa perbedaan umrah dan haji secara detail dalam Islam?"
2026-05-29 23:01:21,336 | text_processor | INFO | Manifest disimpan: 2307_audio10.json
2026-05-29 23:01:21,336 | text_processor | INFO | dominant=ID detected=['ID'] segments=1
2026-05-29 23:02:05,919 | text_processor | INFO | Input: "Tolong buat checklist persiapan umurah termasuk barang wajib di bawah."
2026-05-29 23:02:05,920 | text_processor | INFO | Manifest disimpan: 2307_audio15.json
2026-05-29 23:02:05,920 | text_processor | INFO | dominant=ID detected=['ID', 'EN'] segments=3
2026-05-29 23:02:52,817 | text_processor | INFO | Input: "Menurut kamu, belajar bahasa Arab itu susah enggak untuk pemula."
2026-05-29 23:02:52,817 | text_processor | INFO | Manifest disimpan: 2307_audio17.json
2026-05-29 23:02:52,817 | text_processor | INFO | dominant=ID detected=['ID'] segments=1
2026-05-29 23:03:34,783 | text_processor | INFO | Input: "Aku mau book flight ke Jedah minggu depan. Bisa bantu schedule?"
2026-05-29 23:03:34,783 | text_processor | INFO | Manifest disimpan: 2308_audio01.json
2026-05-29 23:03:34,783 | text_processor | INFO | dominant=ID detected=['ID', 'EN'] segments=4
2026-05-29 23:04:14,436 | text_processor | INFO | Input: "Aku butuh travel umrah simpel tapi include Madinah Visit."
2026-05-29 23:04:14,436 | text_processor | INFO | Manifest disimpan: 2308_audio02.json
2026-05-29 23:04:14,436 | text_processor | INFO | dominant=EN detected=['ID', 'EN'] segments=4
2026-05-29 23:05:23,821 | text_processor | INFO | Input: "Can you help aku arrange transport dari Jedah ke Madinah tomorrow?"
2026-05-29 23:05:23,822 | text_processor | INFO | Manifest disimpan: 2308_audio03.json
2026-05-29 23:05:23,822 | text_processor | INFO | dominant=EN detected=['EN', 'ID'] segments=5
2026-05-29 23:06:24,890 | text_processor | INFO | Input: "Explain step by step cara apply visa Saudi dengan benar."
2026-05-29 23:06:24,890 | text_processor | INFO | Manifest disimpan: 2308_audio04.json
2026-05-29 23:06:24,891 | text_processor | INFO | dominant=EN detected=['EN', 'ID'] segments=4
2026-05-29 23:07:46,917 | text_processor | INFO | Input: "Ya Akhi, uridu book flight ila Jeddah al-usbu' al-qodim, hal bisa bantu Ajidah a"
2026-05-29 23:07:46,918 | text_processor | INFO | Manifest disimpan: 2308_audio05.json
2026-05-29 23:07:46,918 | text_processor | INFO | dominant=AR detected=['AR', 'EN', 'ID'] segments=4
2026-05-29 23:08:59,135 | text_processor | INFO | Input: "Uri du arrange transport min jedah ila madinah waddan."
2026-05-29 23:08:59,136 | text_processor | INFO | Manifest disimpan: 2308_audio06.json
2026-05-29 23:08:59,136 | text_processor | INFO | dominant=AR detected=['EN', 'AR'] segments=2
2026-05-29 23:10:57,974 | text_processor | INFO | Input: "Bagaimana proses visa Saudi untuk umroh dari Indonesia sekarang?"
2026-05-29 23:10:57,975 | text_processor | INFO | Manifest disimpan: 2308_audio12.json
2026-05-29 23:10:57,975 | text_processor | INFO | dominant=ID detected=['ID', 'EN'] segments=3
2026-05-29 23:11:38,819 | text_processor | INFO | Input: "Jelaskan step by step cara booking flight ke Jedah secara online."
2026-05-29 23:11:38,820 | text_processor | INFO | Manifest disimpan: 2308_audio13.json
2026-05-29 23:11:38,820 | text_processor | INFO | dominant=ID detected=['ID', 'EN'] segments=6
2026-05-29 23:12:16,869 | text_processor | INFO | Input: "Tolong buat checklist persiapan umroh termasuk barang wajib di bawah."
2026-05-29 23:12:16,875 | text_processor | INFO | Manifest disimpan: 2308_audio15.json
2026-05-29 23:12:16,875 | text_processor | INFO | dominant=ID detected=['ID', 'EN'] segments=3
2026-05-29 23:12:57,592 | text_processor | INFO | Input: "Menurut kamu, belajar bahasa Arab itu susah nggak untuk pemula."
2026-05-29 23:12:57,598 | text_processor | INFO | Manifest disimpan: 2308_audio17.json
2026-05-29 23:12:57,598 | text_processor | INFO | dominant=ID detected=['ID'] segments=1
2026-05-29 23:13:38,071 | text_processor | INFO | Input: "Aku mau book fly ke Jeddah minggu depan. Bisa bantu schedule."
2026-05-29 23:13:38,076 | text_processor | INFO | Manifest disimpan: 2309_audio01.json
2026-05-29 23:13:38,077 | text_processor | INFO | dominant=ID detected=['ID', 'EN'] segments=4
2026-05-29 23:14:17,494 | text_processor | INFO | Input: "Aku butuh travel umrah simpel tapi include Madinah Visit."
2026-05-29 23:14:17,530 | text_processor | INFO | Manifest disimpan: 2309_audio02.json
2026-05-29 23:14:17,531 | text_processor | INFO | dominant=EN detected=['ID', 'EN'] segments=4
2026-05-29 23:15:22,182 | text_processor | INFO | Input: ""Can you help aku arrange transport dari Jeddah ke Madinah tomorrow?""
2026-05-29 23:15:22,188 | text_processor | INFO | Manifest disimpan: 2309_audio03.json
2026-05-29 23:15:22,188 | text_processor | INFO | dominant=EN detected=['EN', 'ID'] segments=5
2026-05-29 23:16:24,065 | text_processor | INFO | Input: "Explain step by step cara apply visa Saudi dengan benar."
2026-05-29 23:16:24,065 | text_processor | INFO | Manifest disimpan: 2309_audio04.json
2026-05-29 23:16:24,066 | text_processor | INFO | dominant=EN detected=['EN', 'ID'] segments=4
2026-05-29 23:17:26,231 | text_processor | INFO | Input: "يا أخي وريد بوك فلاك إلى جده الأسبوع القديم هل بيسابنت أجد أفضل سكيجل ورحلة مباش"
2026-05-29 23:17:26,239 | text_processor | INFO | Manifest disimpan: 2309_audio05.json
2026-05-29 23:17:26,240 | text_processor | INFO | dominant=AR detected=['AR'] segments=1
2026-05-29 23:19:17,127 | text_processor | INFO | Input: "Uridu Range Transport Mincedah ila Madinah Hoddan"
2026-05-29 23:19:17,127 | text_processor | INFO | Manifest disimpan: 2309_audio06.json
2026-05-29 23:19:17,127 | text_processor | INFO | dominant=AR detected=['AR', 'EN'] segments=3
2026-05-29 23:20:32,869 | text_processor | INFO | Input: "Uridu schedule trip dari Jeddah ke Mekah besok pagi."
2026-05-29 23:20:32,874 | text_processor | INFO | Manifest disimpan: 2309_audio08.json
2026-05-29 23:20:32,874 | text_processor | INFO | dominant=ID detected=['AR', 'EN', 'ID'] segments=3
2026-05-29 23:21:20,891 | text_processor | INFO | Input: "Bagaimana proses visa Saudi untuk umrah dari Indonesia sekarang?"
2026-05-29 23:21:20,891 | text_processor | INFO | Manifest disimpan: 2309_audio12.json
2026-05-29 23:21:20,892 | text_processor | INFO | dominant=ID detected=['ID', 'EN'] segments=3
2026-05-29 23:22:11,325 | text_processor | INFO | Input: "Tolong buat checklist persiapan umrah termasuk barang wajib di bawah."
2026-05-29 23:22:11,326 | text_processor | INFO | Manifest disimpan: 2309_audio15.json
2026-05-29 23:22:11,326 | text_processor | INFO | dominant=ID detected=['ID', 'EN'] segments=3
2026-05-29 23:22:59,647 | text_processor | INFO | Input: "Menurut kamu, belajar bahasa Arab itu susah nggak untuk pemula."
2026-05-29 23:22:59,647 | text_processor | INFO | Manifest disimpan: 2309_audio17.json
2026-05-29 23:22:59,647 | text_processor | INFO | dominant=ID detected=['ID'] segments=1
2026-05-29 23:23:38,566 | text_processor | INFO | Input: "Aku mau book flight ke jalan minggu depan. Bisa bantu schedule?"
2026-05-29 23:23:38,567 | text_processor | INFO | Manifest disimpan: 2310_Audio01.json
2026-05-29 23:23:38,567 | text_processor | INFO | dominant=ID detected=['ID', 'EN'] segments=4
2026-05-29 23:24:15,245 | text_processor | INFO | Input: "Aku butuh travel umrah simpel tapi include Madinah Visit"
2026-05-29 23:24:15,245 | text_processor | INFO | Manifest disimpan: 2310_Audio02.json
2026-05-29 23:24:15,246 | text_processor | INFO | dominant=EN detected=['ID', 'EN'] segments=4
2026-05-29 23:25:18,575 | text_processor | INFO | Input: "Bolehkah anda tolong saya menanam transport dari Jeddah Kemadinat esok?"
2026-05-29 23:25:18,576 | text_processor | INFO | Manifest disimpan: 2310_Audio03.json
2026-05-29 23:25:18,576 | text_processor | INFO | dominant=ID detected=['ID', 'EN'] segments=3
2026-05-29 23:25:58,871 | text_processor | INFO | Input: "Explain step by step cara apply visa Saudi dengan benar."
2026-05-29 23:25:58,872 | text_processor | INFO | Manifest disimpan: 2310_Audio04.json
2026-05-29 23:25:58,872 | text_processor | INFO | dominant=EN detected=['EN', 'ID'] segments=4
2026-05-29 23:27:15,357 | text_processor | INFO | Input: "Ya Akhi, uridu book flag ilajadah Al-Usbu Al-Qadim. Hal bisa bantu Ajidah Afdal "
2026-05-29 23:27:15,358 | text_processor | INFO | Manifest disimpan: 2310_Audio05.json
2026-05-29 23:27:15,358 | text_processor | INFO | dominant=EN detected=['AR', 'EN', 'ID'] segments=5
2026-05-29 23:28:24,133 | text_processor | INFO | Input: "Uridu Orange Transport menjadilah Madinah Warden."
2026-05-29 23:28:24,133 | text_processor | INFO | Manifest disimpan: 2310_Audio06.json
2026-05-29 23:28:24,133 | text_processor | INFO | dominant=EN detected=['AR', 'EN'] segments=2
2026-05-29 23:30:15,229 | text_processor | INFO | Input: "Book flight ke Jeddah lalu lanjut ke Madinah. Skejul terbaik kapan?"
2026-05-29 23:30:15,229 | text_processor | INFO | Manifest disimpan: 2310_Audio07.json
2026-05-29 23:30:15,229 | text_processor | INFO | dominant=ID detected=['EN', 'ID'] segments=2
2026-05-29 23:31:07,284 | text_processor | INFO | Input: "Kenapa fasting di Ramadan itu wajib bagi Muslim?"
2026-05-29 23:31:07,284 | text_processor | INFO | Manifest disimpan: 2310_Audio11.json
2026-05-29 23:31:07,284 | text_processor | INFO | dominant=ID detected=['ID'] segments=1
2026-05-29 23:31:48,718 | text_processor | INFO | Input: "How to prepare dokumen umrah dari Indonesia dengan benar?"
2026-05-29 23:31:48,718 | text_processor | INFO | Manifest disimpan: 2310_Audio14.json
2026-05-29 23:31:48,718 | text_processor | INFO | dominant=EN detected=['EN', 'ID'] segments=2
2026-05-29 23:33:22,949 | text_processor | INFO | Input: "Ayo, mwaka nga mwaka."
2026-05-29 23:33:22,950 | text_processor | INFO | Manifest disimpan: 2310_Audio20.json
2026-05-29 23:33:22,950 | text_processor | INFO | dominant=ID detected=['ID'] segments=1
2026-05-29 23:34:02,848 | text_processor | INFO | Input: "Aku mau book flight ke Jeddah minggu depan, bisa bantu schedule?"
2026-05-29 23:34:02,848 | text_processor | INFO | Manifest disimpan: 2311_audio01.json
2026-05-29 23:34:02,848 | text_processor | INFO | dominant=ID detected=['ID', 'EN'] segments=4
2026-05-29 23:34:37,203 | text_processor | INFO | Input: "Aku butuh travel umrah simpel tapi include Madinah Visit"
2026-05-29 23:34:37,203 | text_processor | INFO | Manifest disimpan: 2311_audio02.json
2026-05-29 23:34:37,203 | text_processor | INFO | dominant=EN detected=['ID', 'EN'] segments=4
2026-05-29 23:35:48,854 | text_processor | INFO | Input: ""Can you help aku arrange transport dari Jeddah ke Madinah Tomoro?""
2026-05-29 23:35:48,855 | text_processor | INFO | Manifest disimpan: 2311_audio03.json
2026-05-29 23:35:48,855 | text_processor | INFO | dominant=ID detected=['EN', 'ID'] segments=4
2026-05-29 23:36:26,107 | text_processor | INFO | Input: "Explain step by step cara apply visa Saudi dengan benar."
2026-05-29 23:36:26,108 | text_processor | INFO | Manifest disimpan: 2311_audio04.json
2026-05-29 23:36:26,108 | text_processor | INFO | dominant=EN detected=['EN', 'ID'] segments=4
2026-05-29 23:37:36,368 | text_processor | INFO | Input: "Ya ahi, uridu book flight ilajet dah al usmu al qadim, hal bisa bantu adida afda"
2026-05-29 23:37:36,368 | text_processor | INFO | Manifest disimpan: 2311_audio05.json
2026-05-29 23:37:36,368 | text_processor | INFO | dominant=EN detected=['AR', 'EN', 'ID'] segments=5
2026-05-29 23:38:33,788 | text_processor | INFO | Input: "Turidu arens transport Minjidda ila Madinah Radhan."
2026-05-29 23:38:33,789 | text_processor | INFO | Manifest disimpan: 2311_audio06.json
2026-05-29 23:38:33,789 | text_processor | INFO | dominant=EN detected=['EN', 'AR'] segments=2
2026-05-29 23:39:40,241 | text_processor | INFO | Input: "Mungkin buk transport Minmaka ilamadina untuk besok."
2026-05-29 23:39:40,242 | text_processor | INFO | Manifest disimpan: 2311_audio09.json
2026-05-29 23:39:40,242 | text_processor | INFO | dominant=EN detected=['EN', 'ID'] segments=2
2026-05-29 23:40:43,685 | text_processor | INFO | Input: "Bagaimana proses visa Saudi untuk umrah dari Indonesia sekarang?"
2026-05-29 23:40:43,686 | text_processor | INFO | Manifest disimpan: 2311_audio12.json
2026-05-29 23:40:43,686 | text_processor | INFO | dominant=ID detected=['ID', 'EN'] segments=3
2026-05-29 23:41:29,839 | text_processor | INFO | Input: "How to prepare dokumen umrah dari Indonesia dengan benar?"
2026-05-29 23:41:29,840 | text_processor | INFO | Manifest disimpan: 2311_audio14.json
2026-05-29 23:41:29,840 | text_processor | INFO | dominant=EN detected=['EN', 'ID'] segments=2
2026-05-29 23:42:34,619 | text_processor | INFO | Input: "Menurut kamu, belajar bahasa Arab itu susah enggak untuk pemula."
2026-05-29 23:42:34,619 | text_processor | INFO | Manifest disimpan: 2311_audio17.json
2026-05-29 23:42:34,619 | text_processor | INFO | dominant=ID detected=['ID'] segments=1
2026-05-29 23:43:19,049 | text_processor | INFO | Input: "Aku mau book flight ke Jeddah minggu depan. Bisa bantu schedule?"
2026-05-29 23:43:19,050 | text_processor | INFO | Manifest disimpan: 2312_audio1.json
2026-05-29 23:43:19,050 | text_processor | INFO | dominant=ID detected=['ID', 'EN'] segments=4
2026-05-29 23:43:55,615 | text_processor | INFO | Input: "Aku butuh travel umrah simpel tapi ingkut Madinah Visit."
2026-05-29 23:43:55,616 | text_processor | INFO | Manifest disimpan: 2312_audio2.json
2026-05-29 23:43:55,616 | text_processor | INFO | dominant=ID detected=['ID', 'EN'] segments=4
2026-05-29 23:44:42,394 | text_processor | INFO | Input: "Bolehkah anda tolong saya aturkan transport dari Jeddah ke Madinah esok?"
2026-05-29 23:44:42,395 | text_processor | INFO | Manifest disimpan: 2312_audio3.json
2026-05-29 23:44:42,395 | text_processor | INFO | dominant=ID detected=['ID', 'EN'] segments=3
2026-05-29 23:45:23,983 | text_processor | INFO | Input: "Explain step by step cara apply visa Saudi dengan benar."
2026-05-29 23:45:23,983 | text_processor | INFO | Manifest disimpan: 2312_audio4.json
2026-05-29 23:45:23,983 | text_processor | INFO | dominant=EN detected=['EN', 'ID'] segments=4
2026-05-29 23:46:34,718 | text_processor | INFO | Input: "Ya akhi, uridu buk flyk ilajad dah al usbu ul kadim, hal bisa bantu Ajidah Afdal"
2026-05-29 23:46:34,718 | text_processor | INFO | Manifest disimpan: 2312_audio5.json
2026-05-29 23:46:34,718 | text_processor | INFO | dominant=AR detected=['AR', 'ID'] segments=3
2026-05-29 23:48:24,900 | text_processor | INFO | Input: ""Uridu Range Transport Minjid Dah Ila Madinah Gadan""
2026-05-29 23:48:24,900 | text_processor | INFO | Manifest disimpan: 2312_audio6.json
2026-05-29 23:48:24,900 | text_processor | INFO | dominant=AR detected=['AR', 'EN'] segments=3
2026-05-29 23:49:34,631 | text_processor | INFO | Input: "Book flight ke Jeddah lalu lanjut ke Madinah. Schedule terbaik kapan?"
2026-05-29 23:49:34,631 | text_processor | INFO | Manifest disimpan: 2312_audio7.json
2026-05-29 23:49:34,631 | text_processor | INFO | dominant=ID detected=['EN', 'ID'] segments=4
2026-05-29 23:50:24,661 | text_processor | INFO | Input: "Kenapa fasting di Ramadan itu wajib bagi muslim?"
2026-05-29 23:50:24,661 | text_processor | INFO | Manifest disimpan: 2312_audio11.json
2026-05-29 23:50:24,661 | text_processor | INFO | dominant=ID detected=['ID'] segments=1
2026-05-29 23:51:09,120 | text_processor | INFO | Input: "Tolong buat checklist persiapan umrah termasuk barang wajib di bawah."
2026-05-29 23:51:09,121 | text_processor | INFO | Manifest disimpan: 2312_audio15.json
2026-05-29 23:51:09,121 | text_processor | INFO | dominant=ID detected=['ID', 'EN'] segments=3
2026-05-29 23:51:57,147 | text_processor | INFO | Input: "Ah Yanan, saya bingung mulai dari mana untuk umrah."
2026-05-29 23:51:57,147 | text_processor | INFO | Manifest disimpan: 2312_audio19.json
2026-05-29 23:51:57,147 | text_processor | INFO | dominant=ID detected=['ID'] segments=1
2026-05-29 23:52:36,111 | text_processor | INFO | Input: "Translate ke English Aku mau pergi ke Makkah minggu depan."
2026-05-29 23:52:36,112 | text_processor | INFO | Manifest disimpan: 2312_audio20.json
2026-05-29 23:52:36,112 | text_processor | INFO | dominant=ID detected=['EN', 'ID'] segments=2
2026-05-29 23:53:13,881 | text_processor | INFO | Input: "Aku mau buk fly ke Jedah, minggu depan bisa bantu schedule"
2026-05-29 23:53:13,882 | text_processor | INFO | Manifest disimpan: 2318_audio01.json
2026-05-29 23:53:13,882 | text_processor | INFO | dominant=ID detected=['ID', 'EN'] segments=2
2026-05-29 23:53:55,166 | text_processor | INFO | Input: "Aku butuh travel umrah simpel, tapi include madinah piscine."
2026-05-29 23:53:55,167 | text_processor | INFO | Manifest disimpan: 2318_audio02.json
2026-05-29 23:53:55,167 | text_processor | INFO | dominant=EN detected=['ID', 'EN'] segments=4
2026-05-29 23:55:53,641 | text_processor | INFO | Input: "Ken Yuhab, aku arrange transport dari Jedah ke Madinah, Tumuru."
2026-05-29 23:55:53,642 | text_processor | INFO | Manifest disimpan: 2318_audio03.json
2026-05-29 23:55:53,642 | text_processor | INFO | dominant=ID detected=['ID', 'EN'] segments=3
2026-05-29 23:56:35,127 | text_processor | INFO | Input: "I explain step by step cara apply PISA Saudi dengan benar."
2026-05-29 23:56:35,128 | text_processor | INFO | Manifest disimpan: 2318_audio04.json
2026-05-29 23:56:35,128 | text_processor | INFO | dominant=EN detected=['EN', 'ID'] segments=4
2026-05-29 23:58:41,104 | text_processor | INFO | Input: "Yaahihi uridu buflaik ila jeddah al-usbu al-khalim hal bisa bantu ajidah afdal s"
2026-05-29 23:58:41,104 | text_processor | INFO | Manifest disimpan: 2318_audio05.json
2026-05-29 23:58:41,104 | text_processor | INFO | dominant=AR detected=['AR', 'ID'] segments=2
2026-05-30 00:00:37,440 | text_processor | INFO | Input: "Uridu arens transport, min jeddah ila madinah gadan."
2026-05-30 00:00:37,440 | text_processor | INFO | Manifest disimpan: 2318_audio06.json
2026-05-30 00:00:37,440 | text_processor | INFO | dominant=AR detected=['AR', 'EN'] segments=3
2026-05-30 00:01:45,300 | text_processor | INFO | Input: "Mungkin buk transport Min Makkah ila Madinah untuk besok."
2026-05-30 00:01:45,300 | text_processor | INFO | Manifest disimpan: 2318_audio09.json
2026-05-30 00:01:45,301 | text_processor | INFO | dominant=AR detected=['EN', 'AR', 'ID'] segments=3
2026-05-30 00:03:48,589 | text_processor | INFO | Input: "Apa perbedaan umrah dan haji secara detail dalam Islam?"
2026-05-30 00:03:48,590 | text_processor | INFO | Manifest disimpan: 2318_audio10.json
2026-05-30 00:03:48,590 | text_processor | INFO | dominant=ID detected=['ID'] segments=1
2026-05-30 00:04:35,014 | text_processor | INFO | Input: "Jelaskan step by step cara booking flight ke Jedah secara online."
2026-05-30 00:04:35,014 | text_processor | INFO | Manifest disimpan: 2318_audio13.json
2026-05-30 00:04:35,015 | text_processor | INFO | dominant=ID detected=['ID', 'EN'] segments=6
2026-05-30 00:05:14,187 | text_processor | INFO | Input: "Akianan saya bingung mulai dari mana untuk umrah."
2026-05-30 00:05:14,188 | text_processor | INFO | Manifest disimpan: 2318_audio19.json
2026-05-30 00:05:14,188 | text_processor | INFO | dominant=ID detected=['ID'] segments=1
2026-05-30 00:05:52,796 | text_processor | INFO | Input: "Aku mau book fly ke Jedah minggu depan, bisa bantu schedule?"
2026-05-30 00:05:52,797 | text_processor | INFO | Manifest disimpan: 2319_Audio1.json
2026-05-30 00:05:52,797 | text_processor | INFO | dominant=ID detected=['ID', 'EN'] segments=4
2026-05-30 00:06:32,244 | text_processor | INFO | Input: "Aku butuh travel umrah simpel tapi include Madina Visit."
2026-05-30 00:06:32,245 | text_processor | INFO | Manifest disimpan: 2319_Audio2.json
2026-05-30 00:06:32,245 | text_processor | INFO | dominant=EN detected=['ID', 'EN'] segments=4
2026-05-30 00:07:36,479 | text_processor | INFO | Input: "Can you help aku arrange rampat dari Dedah ke Bandidah tomorrow?"
2026-05-30 00:07:36,480 | text_processor | INFO | Manifest disimpan: 2319_Audio3.json
2026-05-30 00:07:36,480 | text_processor | INFO | dominant=EN detected=['EN', 'ID'] segments=5
2026-05-30 00:09:38,480 | text_processor | INFO | Input: "Explain step by step cara apply visa Saudi dengan benar."
2026-05-30 00:09:38,481 | text_processor | INFO | Manifest disimpan: 2319_Audio4.json
2026-05-30 00:09:38,481 | text_processor | INFO | dominant=EN detected=['EN', 'ID'] segments=4
2026-05-30 00:10:54,161 | text_processor | INFO | Input: "Ya ahli uridubu fly ilajenda lesebuan kadim. Hal bisa bantu adida Afdalski dhulw"
2026-05-30 00:10:54,162 | text_processor | INFO | Manifest disimpan: 2319_Audio5.json
2026-05-30 00:10:54,162 | text_processor | INFO | dominant=AR detected=['AR', 'ID'] segments=2
2026-05-30 00:12:54,974 | text_processor | INFO | Input: "Uridu arrangements transport Min Jeddah ila Madinah Wardan."
2026-05-30 00:12:54,974 | text_processor | INFO | Manifest disimpan: 2319_Audio6.json
2026-05-30 00:12:54,974 | text_processor | INFO | dominant=AR detected=['AR', 'EN'] segments=3
2026-05-30 00:14:10,235 | text_processor | INFO | Input: "Apa perbedaan umrah dan hajj secara detail dalam Islam?"
2026-05-30 00:14:10,236 | text_processor | INFO | Manifest disimpan: 2319_Audio10.json
2026-05-30 00:14:10,236 | text_processor | INFO | dominant=ID detected=['ID'] segments=1
2026-05-30 00:15:03,556 | text_processor | INFO | Input: "Jelaskan step by step cara booking flight ke Jeddah secara online."
2026-05-30 00:15:03,557 | text_processor | INFO | Manifest disimpan: 2319_Audio13.json
2026-05-30 00:15:03,557 | text_processor | INFO | dominant=ID detected=['ID', 'EN'] segments=6
2026-05-30 00:15:53,335 | text_processor | INFO | Input: "Guide aku cara pilih hotel di Megah dekat Ahram dengan budget terbatas."
2026-05-30 00:15:53,335 | text_processor | INFO | Manifest disimpan: 2319_Audio16.json
2026-05-30 00:15:53,335 | text_processor | INFO | dominant=ID detected=['EN', 'ID'] segments=6
2026-05-30 00:16:39,120 | text_processor | INFO | Input: "Ah yanan saya bingung mulai dari mana untuk umrah."
2026-05-30 00:16:39,121 | text_processor | INFO | Manifest disimpan: 2319_Audio19.json
2026-05-30 00:16:39,121 | text_processor | INFO | dominant=ID detected=['ID'] segments=1
2026-05-30 00:17:18,922 | text_processor | INFO | Input: "Aku mau book flight ke jadah minggu depan. Bisa bantu schedule?"
2026-05-30 00:17:18,928 | text_processor | INFO | Manifest disimpan: 2323_audio01.json
2026-05-30 00:17:18,928 | text_processor | INFO | dominant=ID detected=['ID', 'EN'] segments=4
2026-05-30 00:17:56,734 | text_processor | INFO | Input: "Aku butuh travel umrah simple tapi include madinah fisik."
2026-05-30 00:17:56,735 | text_processor | INFO | Manifest disimpan: 2323_audio02.json
2026-05-30 00:17:56,735 | text_processor | INFO | dominant=EN detected=['ID', 'EN'] segments=4
2026-05-30 00:18:54,104 | text_processor | INFO | Input: ""Can you help aku arrange transport dari Jedah ke Madinah tomorrow?""
2026-05-30 00:18:54,105 | text_processor | INFO | Manifest disimpan: 2323_audio03.json
2026-05-30 00:18:54,105 | text_processor | INFO | dominant=EN detected=['EN', 'ID'] segments=5
2026-05-30 00:19:50,430 | text_processor | INFO | Input: "Explain step by step cara apply visa Saudi dengan benar."
2026-05-30 00:19:50,436 | text_processor | INFO | Manifest disimpan: 2323_audio04.json
2026-05-30 00:19:50,436 | text_processor | INFO | dominant=EN detected=['EN', 'ID'] segments=4
2026-05-30 00:20:56,848 | text_processor | INFO | Input: "Ya ahli, uridu buk flyk ila jaddah al-usbu al-qadim, hal bisa bantu ajidah afdal"
2026-05-30 00:20:56,849 | text_processor | INFO | Manifest disimpan: 2323_audio05.json
2026-05-30 00:20:56,849 | text_processor | INFO | dominant=AR detected=['AR', 'ID'] segments=3
2026-05-30 00:22:43,068 | text_processor | INFO | Input: "Orido arranged transport from Jeddah to Madinah Khoddan."
2026-05-30 00:22:43,068 | text_processor | INFO | Manifest disimpan: 2323_audio06.json
2026-05-30 00:22:43,068 | text_processor | INFO | dominant=EN detected=['EN'] segments=1
2026-05-30 00:23:39,189 | text_processor | INFO | Input: "Jelaskan step by step cara booking flight ke Jedah secara online."
2026-05-30 00:23:39,189 | text_processor | INFO | Manifest disimpan: 2323_audio13.json
2026-05-30 00:23:39,189 | text_processor | INFO | dominant=ID detected=['ID', 'EN'] segments=6
2026-05-30 00:24:25,943 | text_processor | INFO | Input: "How to prepare Dokumen Umrah dari Indonesia dengan benar."
2026-05-30 00:24:25,949 | text_processor | INFO | Manifest disimpan: 2323_audio14.json
2026-05-30 00:24:25,949 | text_processor | INFO | dominant=EN detected=['EN', 'ID'] segments=2
2026-05-30 00:25:30,647 | text_processor | INFO | Input: "Tolong buat checklist persiapan umrah termasuk barang wajib di bawah"
2026-05-30 00:25:30,648 | text_processor | INFO | Manifest disimpan: 2323_audio15.json
2026-05-30 00:25:30,648 | text_processor | INFO | dominant=ID detected=['ID', 'EN'] segments=3
2026-05-30 00:26:19,829 | text_processor | INFO | Input: "Guide aku cara pilih hotel di Makkah dekat haram dengan budget terbatas."
2026-05-30 00:26:19,830 | text_processor | INFO | Manifest disimpan: 2323_audio16.json
2026-05-30 00:26:19,830 | text_processor | INFO | dominant=ID detected=['EN', 'ID'] segments=6
2026-05-30 00:27:02,557 | text_processor | INFO | Input: "I feel overwhelmed dengan persiapan umrah Ada tips sederhana"
2026-05-30 00:27:02,557 | text_processor | INFO | Manifest disimpan: 2323_audio18.json
2026-05-30 00:27:02,558 | text_processor | INFO | dominant=EN detected=['EN', 'ID'] segments=3
2026-05-30 00:28:04,112 | text_processor | INFO | Input: "Aku mau book flight ke Jedah, minggu depan bisa bantu schedule"
2026-05-30 00:28:04,112 | text_processor | INFO | Manifest disimpan: 2325_audio1.json
2026-05-30 00:28:04,112 | text_processor | INFO | dominant=ID detected=['ID', 'EN'] segments=4
2026-05-30 00:28:40,798 | text_processor | INFO | Input: "Aku butuh travel umrah simpel tapi inkluar madinah fizit."
2026-05-30 00:28:40,799 | text_processor | INFO | Manifest disimpan: 2325_audio2.json
2026-05-30 00:28:40,799 | text_processor | INFO | dominant=ID detected=['ID', 'EN'] segments=3
2026-05-30 00:29:27,896 | text_processor | INFO | Input: "Can you help aku arrange transport dari Jeddah ke Marina Tomorrow?"
2026-05-30 00:29:27,896 | text_processor | INFO | Manifest disimpan: 2325_audio3.json
2026-05-30 00:29:27,897 | text_processor | INFO | dominant=EN detected=['EN', 'ID'] segments=5
2026-05-30 00:30:31,999 | text_processor | INFO | Input: "Explain step by step cara apply visa Saudi dengan benar."
2026-05-30 00:30:31,999 | text_processor | INFO | Manifest disimpan: 2325_audio4.json
2026-05-30 00:30:31,999 | text_processor | INFO | dominant=EN detected=['EN', 'ID'] segments=4
2026-05-30 00:31:43,632 | text_processor | INFO | Input: "يا أخي، أريد بوك فلاك إلى جده الأسبوع القديم هل بس بنت أجد أفضل سكجول ورخلتا مبش"
2026-05-30 00:31:43,640 | text_processor | INFO | Manifest disimpan: 2325_audio5.json
2026-05-30 00:31:43,640 | text_processor | INFO | dominant=AR detected=['AR'] segments=1
2026-05-30 00:32:52,677 | text_processor | INFO | Input: "Uridu orange transport menjedah ilang adina keadaan"
2026-05-30 00:32:52,677 | text_processor | INFO | Manifest disimpan: 2325_audio6.json
2026-05-30 00:32:52,677 | text_processor | INFO | dominant=EN detected=['AR', 'EN'] segments=2
2026-05-30 00:33:59,400 | text_processor | INFO | Input: "Book flight ke Jedah lalu lanjut ke Madinah, schedule terbaik kapan."
2026-05-30 00:33:59,401 | text_processor | INFO | Manifest disimpan: 2325_audio7.json
2026-05-30 00:33:59,401 | text_processor | INFO | dominant=ID detected=['EN', 'ID'] segments=4
2026-05-30 00:34:49,153 | text_processor | INFO | Input: "Apa perbedaan umrah dan hajj secara detail dalam Islam?"
2026-05-30 00:34:49,154 | text_processor | INFO | Manifest disimpan: 2325_audio8.json
2026-05-30 00:34:49,154 | text_processor | INFO | dominant=ID detected=['ID'] segments=1
2026-05-30 00:35:37,612 | text_processor | INFO | Input: "How to prepare dokumen umrah dari Indonesia dengan benar"
2026-05-30 00:35:37,612 | text_processor | INFO | Manifest disimpan: 2325_audio9.json
2026-05-30 00:35:37,612 | text_processor | INFO | dominant=EN detected=['EN', 'ID'] segments=2
2026-05-30 00:36:55,833 | text_processor | INFO | Input: "I feel overwhelmed dengan persiapan umrah. Ada tips sederhana."
2026-05-30 00:36:55,833 | text_processor | INFO | Manifest disimpan: 2325_audio10.json
2026-05-30 00:36:55,833 | text_processor | INFO | dominant=EN detected=['EN', 'ID'] segments=3
2026-05-30 00:37:50,782 | text_processor | INFO | Input: "Aku mau book flight ke Jedah minggu depan, bisa bantu schedule?"
2026-05-30 00:37:50,783 | text_processor | INFO | Manifest disimpan: 2326_audio01.json
2026-05-30 00:37:50,783 | text_processor | INFO | dominant=ID detected=['ID', 'EN'] segments=4
2026-05-30 00:38:30,249 | text_processor | INFO | Input: "Aku butuh travel umrah simpel tapi include Madina Visit"
2026-05-30 00:38:30,249 | text_processor | INFO | Manifest disimpan: 2326_audio02.json
2026-05-30 00:38:30,249 | text_processor | INFO | dominant=EN detected=['ID', 'EN'] segments=4
2026-05-30 00:39:36,843 | text_processor | INFO | Input: "Can you help aku arrange transport dari Jeddah ke Madinah tomorrow?"
2026-05-30 00:39:36,843 | text_processor | INFO | Manifest disimpan: 2326_audio03.json
2026-05-30 00:39:36,843 | text_processor | INFO | dominant=EN detected=['EN', 'ID'] segments=5
2026-05-30 00:40:47,299 | text_processor | INFO | Input: "Explain step by step cara apply visa Saudi dengan benar"
2026-05-30 00:40:47,305 | text_processor | INFO | Manifest disimpan: 2326_audio04.json
2026-05-30 00:40:47,305 | text_processor | INFO | dominant=EN detected=['EN', 'ID'] segments=4
2026-05-30 00:41:52,237 | text_processor | INFO | Input: "Ya Akhi, uridu book flight ila Jeddah, Al-Usbu Al-Qadim. Hal bisa bantu Ajidah a"
2026-05-30 00:41:52,238 | text_processor | INFO | Manifest disimpan: 2326_audio05.json
2026-05-30 00:41:52,238 | text_processor | INFO | dominant=AR detected=['AR', 'EN', 'ID'] segments=4
2026-05-30 00:43:51,032 | text_processor | INFO | Input: "uridu range transport menjedah ila madinah kodan"
2026-05-30 00:43:51,033 | text_processor | INFO | Manifest disimpan: 2326_audio06.json
2026-05-30 00:43:51,033 | text_processor | INFO | dominant=AR detected=['AR', 'EN'] segments=3
2026-05-30 00:45:49,352 | text_processor | INFO | Input: "Book flight ke Jeddah lalu lanjut ke Madinah. Schedule terbaik kapan?"
2026-05-30 00:45:49,353 | text_processor | INFO | Manifest disimpan: 2326_audio07.json
2026-05-30 00:45:49,353 | text_processor | INFO | dominant=ID detected=['EN', 'ID'] segments=4
2026-05-30 00:46:29,000 | text_processor | INFO | Input: "Kenapa fasting di Ramadan itu wajib bagi muslim?"
2026-05-30 00:46:29,000 | text_processor | INFO | Manifest disimpan: 2326_audio11.json
2026-05-30 00:46:29,000 | text_processor | INFO | dominant=ID detected=['ID'] segments=1
2026-05-30 00:47:12,089 | text_processor | INFO | Input: "Jelaskan step by step cara booking flight ke Jedah secara online."
2026-05-30 00:47:12,095 | text_processor | INFO | Manifest disimpan: 2326_audio13.json
2026-05-30 00:47:12,095 | text_processor | INFO | dominant=ID detected=['ID', 'EN'] segments=6
2026-05-30 00:48:01,880 | text_processor | INFO | Input: "Menurut kamu, belajar bahasa Arab itu susah nggak untuk pemula?"
2026-05-30 00:48:01,880 | text_processor | INFO | Manifest disimpan: 2326_audio17.json
2026-05-30 00:48:01,880 | text_processor | INFO | dominant=ID detected=['ID'] segments=1
2026-05-30 00:48:41,531 | text_processor | INFO | Input: "Aku mau book flight ke Jedah minggu depan. Bisa bantu schedule?"
2026-05-30 00:48:41,531 | text_processor | INFO | Manifest disimpan: 2330_audio01.json
2026-05-30 00:48:41,532 | text_processor | INFO | dominant=ID detected=['ID', 'EN'] segments=4
2026-05-30 00:49:16,501 | text_processor | INFO | Input: "Aku butuh travel umrah simple tapi include Madinah Visit."
2026-05-30 00:49:16,501 | text_processor | INFO | Manifest disimpan: 2330_audio02.json
2026-05-30 00:49:16,502 | text_processor | INFO | dominant=EN detected=['ID', 'EN'] segments=4
2026-05-30 00:50:23,846 | text_processor | INFO | Input: "Can you help aku arrange transport dari Jedah ke Madinah tomorrow?"
2026-05-30 00:50:23,847 | text_processor | INFO | Manifest disimpan: 2330_audio03.json
2026-05-30 00:50:23,847 | text_processor | INFO | dominant=EN detected=['EN', 'ID'] segments=5
2026-05-30 00:51:19,230 | text_processor | INFO | Input: "Explain step by step cara apply visa Saudi dengan benar."
2026-05-30 00:51:19,230 | text_processor | INFO | Manifest disimpan: 2330_audio04.json
2026-05-30 00:51:19,230 | text_processor | INFO | dominant=EN detected=['EN', 'ID'] segments=4
2026-05-30 00:52:23,260 | text_processor | INFO | Input: "Ya ahih uridu bukflik ilah jeddah al-usbu al-kodim. Hal bisa bantu ajidah afdal "
2026-05-30 00:52:23,260 | text_processor | INFO | Manifest disimpan: 2330_audio05.json
2026-05-30 00:52:23,260 | text_processor | INFO | dominant=AR detected=['AR', 'ID'] segments=2
2026-05-30 00:54:18,211 | text_processor | INFO | Input: "Uridu arrange transport Min Jeddah ila Madinah Gadan."
2026-05-30 00:54:18,212 | text_processor | INFO | Manifest disimpan: 2330_audio06.json
2026-05-30 00:54:18,212 | text_processor | INFO | dominant=AR detected=['AR', 'EN'] segments=3
2026-05-30 00:55:24,652 | text_processor | INFO | Input: "Book flight ke Jeddah lalu lanjut ke Madinah. Skejul terbaik kapan?"
2026-05-30 00:55:24,652 | text_processor | INFO | Manifest disimpan: 2330_audio07.json
2026-05-30 00:55:24,652 | text_processor | INFO | dominant=ID detected=['EN', 'ID'] segments=2
2026-05-30 00:56:15,998 | text_processor | INFO | Input: "Bagaimana proses visa Saudi untuk umrah dari Indonesia sekarang?"
2026-05-30 00:56:15,998 | text_processor | INFO | Manifest disimpan: 2330_audio12.json
2026-05-30 00:56:15,998 | text_processor | INFO | dominant=ID detected=['ID', 'EN'] segments=3
2026-05-30 00:56:54,986 | text_processor | INFO | Input: "How to prepare dokumen umrah dari Indonesia dengan benar"
2026-05-30 00:56:54,986 | text_processor | INFO | Manifest disimpan: 2330_audio14.json
2026-05-30 00:56:54,986 | text_processor | INFO | dominant=EN detected=['EN', 'ID'] segments=2
2026-05-30 00:57:59,126 | text_processor | INFO | Input: "Tolong buat checklist persiapan umroh termasuk barang wajib di bawah."
2026-05-30 00:57:59,127 | text_processor | INFO | Manifest disimpan: 2330_audio15.json
2026-05-30 00:57:59,127 | text_processor | INFO | dominant=ID detected=['ID', 'EN'] segments=3
2026-05-30 00:58:50,679 | text_processor | INFO | Input: "Menurut kamu, belajar Bahasa Arab itu susah enggak untuk pemula?"
2026-05-30 00:58:50,679 | text_processor | INFO | Manifest disimpan: 2330_audio17.json
2026-05-30 00:58:50,679 | text_processor | INFO | dominant=ID detected=['ID'] segments=1
2026-05-30 00:59:29,415 | text_processor | INFO | Input: "Aku mau book flight ke Jedah minggu depan. Bisa bantu schedule?"
2026-05-30 00:59:29,416 | text_processor | INFO | Manifest disimpan: 2331_audio01.json
2026-05-30 00:59:29,416 | text_processor | INFO | dominant=ID detected=['ID', 'EN'] segments=4
2026-05-30 01:00:11,916 | text_processor | INFO | Input: "Aku butuh travel umrah simple, tapi include Madinah Visit."
2026-05-30 01:00:11,916 | text_processor | INFO | Manifest disimpan: 2331_audio02.json
2026-05-30 01:00:11,917 | text_processor | INFO | dominant=EN detected=['ID', 'EN'] segments=4
2026-05-30 01:01:15,252 | text_processor | INFO | Input: "Can you help aku arrange transport dari Jedah ke Madinah tomorrow?"
2026-05-30 01:01:15,253 | text_processor | INFO | Manifest disimpan: 2331_audio03.json
2026-05-30 01:01:15,253 | text_processor | INFO | dominant=EN detected=['EN', 'ID'] segments=5
2026-05-30 01:02:16,442 | text_processor | INFO | Input: "Explain step by step cara apply visa Saudi dengan benar."
2026-05-30 01:02:16,443 | text_processor | INFO | Manifest disimpan: 2331_audio04.json
2026-05-30 01:02:16,443 | text_processor | INFO | dominant=EN detected=['EN', 'ID'] segments=4
2026-05-30 01:03:20,039 | text_processor | INFO | Input: "Ya ahi, uridu buk flight ilajedah alus bual kadim. Hal bisa bantu ajida afdal sc"
2026-05-30 01:03:20,040 | text_processor | INFO | Manifest disimpan: 2331_audio05.json
2026-05-30 01:03:20,040 | text_processor | INFO | dominant=EN detected=['AR', 'EN', 'ID'] segments=6
2026-05-30 01:04:17,205 | text_processor | INFO | Input: "Uridu Range Transport Menjedah ila Madinah Gadan"
2026-05-30 01:04:17,206 | text_processor | INFO | Manifest disimpan: 2331_audio06.json
2026-05-30 01:04:17,206 | text_processor | INFO | dominant=AR detected=['AR', 'EN'] segments=3
2026-05-30 01:06:12,657 | text_processor | INFO | Input: "Apa perbedaan umrah dan haji secara detail dalam Islam?"
2026-05-30 01:06:12,658 | text_processor | INFO | Manifest disimpan: 2331_audio10.json
2026-05-30 01:06:12,658 | text_processor | INFO | dominant=ID detected=['ID'] segments=1
2026-05-30 01:06:59,913 | text_processor | INFO | Input: "Bagaimana proses visa Saudi untuk umrah dari Indonesia sekarang?"
2026-05-30 01:06:59,913 | text_processor | INFO | Manifest disimpan: 2331_audio12.json
2026-05-30 01:06:59,913 | text_processor | INFO | dominant=ID detected=['ID', 'EN'] segments=3
2026-05-30 01:07:46,114 | text_processor | INFO | Input: "Tolong buat checklist persiapan umrah termasuk barang wajib di bawah."
2026-05-30 01:07:46,115 | text_processor | INFO | Manifest disimpan: 2331_audio15.json
2026-05-30 01:07:46,115 | text_processor | INFO | dominant=ID detected=['ID', 'EN'] segments=3
2026-05-30 01:08:40,611 | text_processor | INFO | Input: "Menurut kamu, belajar bahasa Arab itu susah enggak untuk pemula."
2026-05-30 01:08:40,611 | text_processor | INFO | Manifest disimpan: 2331_audio17.json
2026-05-30 01:08:40,611 | text_processor | INFO | dominant=ID detected=['ID'] segments=1
2026-05-30 01:09:27,055 | text_processor | INFO | Input: "Aku mau book flight ke Jeddah minggu depan. Bisa bantu schedule?"
2026-05-30 01:09:27,056 | text_processor | INFO | Manifest disimpan: 2334_audio01.json
2026-05-30 01:09:27,056 | text_processor | INFO | dominant=ID detected=['ID', 'EN'] segments=4
2026-05-30 01:10:01,916 | text_processor | INFO | Input: "Aku butuh travel umrah simple tapi include Madinah Visit."
2026-05-30 01:10:01,916 | text_processor | INFO | Manifest disimpan: 2334_audio02.json
2026-05-30 01:10:01,916 | text_processor | INFO | dominant=EN detected=['ID', 'EN'] segments=4
2026-05-30 01:11:10,115 | text_processor | INFO | Input: "Can you help aku arrange transport dari Jeddah ke Madinah tomorrow?"
2026-05-30 01:11:10,115 | text_processor | INFO | Manifest disimpan: 2334_audio03.json
2026-05-30 01:11:10,115 | text_processor | INFO | dominant=EN detected=['EN', 'ID'] segments=5
2026-05-30 01:12:13,151 | text_processor | INFO | Input: "Explain step by step cara apply visa Saudi dengan benar."
2026-05-30 01:12:13,151 | text_processor | INFO | Manifest disimpan: 2334_audio04.json
2026-05-30 01:12:13,152 | text_processor | INFO | dominant=EN detected=['EN', 'ID'] segments=4
2026-05-30 01:14:05,421 | text_processor | INFO | Input: "Ya Akhi, uridu bukflike ilajeddah al-usbu al-qadim, hal bisa bantu ajidah afpal "
2026-05-30 01:14:05,421 | text_processor | INFO | Manifest disimpan: 2334_audio05.json
2026-05-30 01:14:05,421 | text_processor | INFO | dominant=AR detected=['AR', 'ID', 'EN'] segments=3
2026-05-30 01:15:32,966 | text_processor | INFO | Input: "Uridu Range Transport Min Jeddah ila Madinah Rodan"
2026-05-30 01:15:32,967 | text_processor | INFO | Manifest disimpan: 2334_audio06.json
2026-05-30 01:15:32,967 | text_processor | INFO | dominant=AR detected=['AR', 'EN'] segments=3
2026-05-30 01:16:31,386 | text_processor | INFO | Input: "Book flight ke Jeddah lalu lanjut ke Madinah. Skejul terbaik kapan?"
2026-05-30 01:16:31,387 | text_processor | INFO | Manifest disimpan: 2334_audio07.json
2026-05-30 01:16:31,387 | text_processor | INFO | dominant=ID detected=['EN', 'ID'] segments=2
2026-05-30 01:17:22,361 | text_processor | INFO | Input: "Bagaimana proses visa Saudi untuk umrah dari Indonesia sekarang?"
2026-05-30 01:17:22,361 | text_processor | INFO | Manifest disimpan: 2334_audio08.json
2026-05-30 01:17:22,361 | text_processor | INFO | dominant=ID detected=['ID', 'EN'] segments=3
2026-05-30 01:18:02,964 | text_processor | INFO | Input: "How to prepare dokumen umrah dari Indonesia dengan benar."
2026-05-30 01:18:02,965 | text_processor | INFO | Manifest disimpan: 2334_audio09.json
2026-05-30 01:18:02,965 | text_processor | INFO | dominant=EN detected=['EN', 'ID'] segments=2
2026-05-30 01:19:08,642 | text_processor | INFO | Input: "Menurut kamu, belajar bahasa Arab itu susah nggak untuk pemula?"
2026-05-30 01:19:08,643 | text_processor | INFO | Manifest disimpan: 2334_audio10.json
2026-05-30 01:19:08,643 | text_processor | INFO | dominant=ID detected=['ID'] segments=1
2026-05-30 01:19:49,842 | text_processor | INFO | Input: "Aku mau book flight ke Jeddah minggu depan. Bisa bantu schedule."
2026-05-30 01:19:49,842 | text_processor | INFO | Manifest disimpan: 2337_audio01.json
2026-05-30 01:19:49,842 | text_processor | INFO | dominant=ID detected=['ID', 'EN'] segments=4
2026-05-30 01:20:25,750 | text_processor | INFO | Input: "Aku butuh travel umroh simpel tapi include Madinah Visit."
2026-05-30 01:20:25,750 | text_processor | INFO | Manifest disimpan: 2337_audio02.json
2026-05-30 01:20:25,750 | text_processor | INFO | dominant=EN detected=['ID', 'EN'] segments=4
2026-05-30 01:21:30,990 | text_processor | INFO | Input: ""Can you help aku arrange transport dari Jeddah ke Madinah tomorrow?""
2026-05-30 01:21:30,991 | text_processor | INFO | Manifest disimpan: 2337_audio03.json
2026-05-30 01:21:30,991 | text_processor | INFO | dominant=EN detected=['EN', 'ID'] segments=5
2026-05-30 01:22:34,225 | text_processor | INFO | Input: "Explain step by step cara apply visa Saudi dengan benar."
2026-05-30 01:22:34,226 | text_processor | INFO | Manifest disimpan: 2337_audio04.json
2026-05-30 01:22:34,226 | text_processor | INFO | dominant=EN detected=['EN', 'ID'] segments=4
2026-05-30 01:23:45,984 | text_processor | INFO | Input: "Ya Achi, uridu bukflike ilah Jeddah Al-Usbu Al-Qadim hal bisa bantu Ajidah Afdal"
2026-05-30 01:23:45,985 | text_processor | INFO | Manifest disimpan: 2337_audio05.json
2026-05-30 01:23:45,985 | text_processor | INFO | dominant=AR detected=['AR', 'ID'] segments=3
2026-05-30 01:25:28,630 | text_processor | INFO | Input: "Uridu Arrange Transport Min Jeddah Ila Madinahoddan"
2026-05-30 01:25:28,630 | text_processor | INFO | Manifest disimpan: 2337_audio06.json
2026-05-30 01:25:28,631 | text_processor | INFO | dominant=AR detected=['AR', 'EN'] segments=3
2026-05-30 01:26:40,800 | text_processor | INFO | Input: "Book flight ke Jedah lalu lanjut ke Madinah, schedule terbaik kapan."
2026-05-30 01:26:40,801 | text_processor | INFO | Manifest disimpan: 2337_audio07.json
2026-05-30 01:26:40,801 | text_processor | INFO | dominant=ID detected=['EN', 'ID'] segments=4
2026-05-30 01:27:22,148 | text_processor | INFO | Input: "Jelaskan step by step cara booking flight ke Jeddah secara online."
2026-05-30 01:27:22,149 | text_processor | INFO | Manifest disimpan: 2337_audio13.json
2026-05-30 01:27:22,149 | text_processor | INFO | dominant=ID detected=['ID', 'EN'] segments=6
2026-05-30 01:28:01,943 | text_processor | INFO | Input: "How to prepare dokumen umrah dari Indonesia dengan benar"
2026-05-30 01:28:01,943 | text_processor | INFO | Manifest disimpan: 2337_audio14.json
2026-05-30 01:28:01,943 | text_processor | INFO | dominant=EN detected=['EN', 'ID'] segments=2
2026-05-30 01:29:17,356 | text_processor | INFO | Input: "I feel overwhelmed dengan persiapan umroh. Ada tips sederhana."
2026-05-30 01:29:17,357 | text_processor | INFO | Manifest disimpan: 2337_audio18.json
2026-05-30 01:29:17,357 | text_processor | INFO | dominant=EN detected=['EN', 'ID'] segments=3
2026-05-30 01:30:22,945 | text_processor | INFO | Input: "Aku mau book flight ke Jeddah minggu depan. Bisa bantu schedule."
2026-05-30 01:30:22,945 | text_processor | INFO | Manifest disimpan: 2338_audio01.json
2026-05-30 01:30:22,945 | text_processor | INFO | dominant=ID detected=['ID', 'EN'] segments=4
2026-05-30 01:31:01,764 | text_processor | INFO | Input: "Aku butuh travel umrah simple, tapi include mandina visit."
2026-05-30 01:31:01,765 | text_processor | INFO | Manifest disimpan: 2338_audio02.json
2026-05-30 01:31:01,765 | text_processor | INFO | dominant=EN detected=['ID', 'EN'] segments=4
2026-05-30 01:32:14,960 | text_processor | INFO | Input: ""Can you help aku arrange transport dari Jeddah ke Madinah tomorrow?""
2026-05-30 01:32:14,961 | text_processor | INFO | Manifest disimpan: 2338_audio03.json
2026-05-30 01:32:14,961 | text_processor | INFO | dominant=EN detected=['EN', 'ID'] segments=5
2026-05-30 01:33:13,802 | text_processor | INFO | Input: "Explain step by step cara apply visa Saudi dengan benar."
2026-05-30 01:33:13,803 | text_processor | INFO | Manifest disimpan: 2338_audio04.json
2026-05-30 01:33:13,803 | text_processor | INFO | dominant=EN detected=['EN', 'ID'] segments=4
2026-05-30 01:34:25,141 | text_processor | INFO | Input: "Ya ahli, uridu buk flight ilajerdah al-usbu al-qadim, hal bisa bantu ajidah afdo"
2026-05-30 01:34:25,142 | text_processor | INFO | Manifest disimpan: 2338_audio05.json
2026-05-30 01:34:25,142 | text_processor | INFO | dominant=ID detected=['AR', 'EN', 'ID'] segments=4
2026-05-30 01:35:06,282 | text_processor | INFO | Input: "Uri 2 Range Transport Minjit dah ilang Madinah, Rodan."
2026-05-30 01:35:06,282 | text_processor | INFO | Manifest disimpan: 2338_audio06.json
2026-05-30 01:35:06,282 | text_processor | INFO | dominant=EN detected=['EN'] segments=1
2026-05-30 01:36:47,059 | text_processor | INFO | Input: "Bagaimana proses visa Saudi untuk umrah dari Indonesia sekarang?"
2026-05-30 01:36:47,060 | text_processor | INFO | Manifest disimpan: 2338_audio12.json
2026-05-30 01:36:47,060 | text_processor | INFO | dominant=ID detected=['ID', 'EN'] segments=3
2026-05-30 01:37:26,793 | text_processor | INFO | Input: "Jelaskan step by step cara booking flight ke Jeddah secara online."
2026-05-30 01:37:26,793 | text_processor | INFO | Manifest disimpan: 2338_audio13.json
2026-05-30 01:37:26,794 | text_processor | INFO | dominant=ID detected=['ID', 'EN'] segments=6
2026-05-30 01:38:16,929 | text_processor | INFO | Input: "Tolong buat checklist persiapan umrah termasuk barang wajib di bawah."
2026-05-30 01:38:16,935 | text_processor | INFO | Manifest disimpan: 2338_audio15.json
2026-05-30 01:38:16,935 | text_processor | INFO | dominant=ID detected=['ID', 'EN'] segments=3
2026-05-30 01:39:08,845 | text_processor | INFO | Input: "Menurut kamu, belajar bahasa Arab itu susah nggak untuk pemula?"
2026-05-30 01:39:08,845 | text_processor | INFO | Manifest disimpan: 2338_audio17.json
2026-05-30 01:39:08,845 | text_processor | INFO | dominant=ID detected=['ID'] segments=1
2026-05-30 01:39:50,557 | text_processor | INFO | Input: "Aku mau buk flight ke Jedah minggu depan. Bisa bantu schedule?"
2026-05-30 01:39:50,557 | text_processor | INFO | Manifest disimpan: 2341_audio01.json
2026-05-30 01:39:50,558 | text_processor | INFO | dominant=ID detected=['ID', 'EN'] segments=4
2026-05-30 01:40:26,696 | text_processor | INFO | Input: "Aku mau buk flight ke Jedah minggu depan. Bisa bantu schedule?"
2026-05-30 01:40:26,696 | text_processor | INFO | Manifest disimpan: 2341_audio01(1).json
2026-05-30 01:40:26,697 | text_processor | INFO | dominant=ID detected=['ID', 'EN'] segments=4
2026-05-30 01:41:02,568 | text_processor | INFO | Input: "Aku butuh travel umrah simpel, tapi include Madinafisip."
2026-05-30 01:41:02,568 | text_processor | INFO | Manifest disimpan: 2341_audio02.json
2026-05-30 01:41:02,568 | text_processor | INFO | dominant=EN detected=['ID', 'EN'] segments=4
2026-05-30 01:42:20,005 | text_processor | INFO | Input: "Aku butuh travel umrah simpel, tapi include Madinafisip."
2026-05-30 01:42:20,006 | text_processor | INFO | Manifest disimpan: 2341_audio02(1).json
2026-05-30 01:42:20,006 | text_processor | INFO | dominant=EN detected=['ID', 'EN'] segments=4
2026-05-30 01:43:29,338 | text_processor | INFO | Input: "Bolehkah kamu tolong saya mengurangkan transport dari Jeddah ke Madinah esok?"
2026-05-30 01:43:29,339 | text_processor | INFO | Manifest disimpan: 2341_audio03.json
2026-05-30 01:43:29,339 | text_processor | INFO | dominant=ID detected=['ID', 'EN'] segments=3
2026-05-30 01:44:21,940 | text_processor | INFO | Input: "Bolehkah kamu tolong saya mengurangkan transport dari Jeddah ke Madinah esok?"
2026-05-30 01:44:21,941 | text_processor | INFO | Manifest disimpan: 2341_audio03(1).json
2026-05-30 01:44:21,941 | text_processor | INFO | dominant=ID detected=['ID', 'EN'] segments=3
2026-05-30 01:45:10,990 | text_processor | INFO | Input: "Explain step by step cara apply visa Saudi dengan benar."
2026-05-30 01:45:10,990 | text_processor | INFO | Manifest disimpan: 2341_audio04.json
2026-05-30 01:45:10,990 | text_processor | INFO | dominant=EN detected=['EN', 'ID'] segments=4
2026-05-30 01:46:23,742 | text_processor | INFO | Input: "Explain step by step cara apply visa Saudi dengan benar."
2026-05-30 01:46:23,743 | text_processor | INFO | Manifest disimpan: 2341_audio04(1).json
2026-05-30 01:46:23,743 | text_processor | INFO | dominant=EN detected=['EN', 'ID'] segments=4
2026-05-30 01:47:27,264 | text_processor | INFO | Input: "Ya akri, uridu book flight ilajadah Al-Usbu Al-Qadim, hal bisa bantu Ajadah Afda"
2026-05-30 01:47:27,265 | text_processor | INFO | Manifest disimpan: 2341_audio05.json
2026-05-30 01:47:27,265 | text_processor | INFO | dominant=EN detected=['AR', 'EN', 'ID'] segments=5
2026-05-30 01:48:41,521 | text_processor | INFO | Input: "Ya akri, uridu book flight ilajadah Al-Usbu Al-Qadim, hal bisa bantu Ajadah Afda"
2026-05-30 01:48:41,522 | text_processor | INFO | Manifest disimpan: 2341_audio05(1).json
2026-05-30 01:48:41,522 | text_processor | INFO | dominant=EN detected=['AR', 'EN', 'ID'] segments=5
2026-05-30 01:49:37,940 | text_processor | INFO | Input: "Uridu Orange Transpars Menjedah Ila Madinah dan"
2026-05-30 01:49:37,940 | text_processor | INFO | Manifest disimpan: 2341_audio06.json
2026-05-30 01:49:37,940 | text_processor | INFO | dominant=AR detected=['AR', 'ID'] segments=2
2026-05-30 01:51:29,431 | text_processor | INFO | Input: "Uridu Orange Transpars Menjedah Ila Madinah dan"
2026-05-30 01:51:29,431 | text_processor | INFO | Manifest disimpan: 2341_audio06(1).json
2026-05-30 01:51:29,431 | text_processor | INFO | dominant=AR detected=['AR', 'ID'] segments=2
2026-05-30 01:53:19,277 | text_processor | INFO | Input: "Book flight ke Jedah lalu lanjut ke Madinah, schedule terbaik kapan?"
2026-05-30 01:53:19,278 | text_processor | INFO | Manifest disimpan: 2341_audio07.json
2026-05-30 01:53:19,278 | text_processor | INFO | dominant=ID detected=['EN', 'ID'] segments=4
2026-05-30 01:54:17,773 | text_processor | INFO | Input: "Book flight ke Jedah lalu lanjut ke Madinah, schedule terbaik kapan?"
2026-05-30 01:54:17,773 | text_processor | INFO | Manifest disimpan: 2341_audio07(1).json
2026-05-30 01:54:17,773 | text_processor | INFO | dominant=ID detected=['EN', 'ID'] segments=4
2026-05-30 01:55:02,170 | text_processor | INFO | Input: "Bagaimana proses visa Saudi untuk umrah dari Indonesia sekarang?"
2026-05-30 01:55:02,171 | text_processor | INFO | Manifest disimpan: 2341_audio08.json
2026-05-30 01:55:02,171 | text_processor | INFO | dominant=ID detected=['ID', 'EN'] segments=3
2026-05-30 01:55:39,807 | text_processor | INFO | Input: "Bagaimana proses visa Saudi untuk umrah dari Indonesia sekarang?"
2026-05-30 01:55:39,807 | text_processor | INFO | Manifest disimpan: 2341_audio08(1).json
2026-05-30 01:55:39,807 | text_processor | INFO | dominant=ID detected=['ID', 'EN'] segments=3
2026-05-30 01:56:24,541 | text_processor | INFO | Input: "How to prepare dokumen umrah dari Indonesia dengan benar?"
2026-05-30 01:56:24,541 | text_processor | INFO | Manifest disimpan: 2341_audio09.json
2026-05-30 01:56:24,542 | text_processor | INFO | dominant=EN detected=['EN', 'ID'] segments=2
2026-05-30 01:57:36,844 | text_processor | INFO | Input: "How to prepare dokumen umrah dari Indonesia dengan benar?"
2026-05-30 01:57:36,845 | text_processor | INFO | Manifest disimpan: 2341_audio09(1).json
2026-05-30 01:57:36,845 | text_processor | INFO | dominant=EN detected=['EN', 'ID'] segments=2
2026-05-30 01:58:42,697 | text_processor | INFO | Input: "Menurut kamu, belajar bahasa Arab itu susah nggak untuk pemula?"
2026-05-30 01:58:42,697 | text_processor | INFO | Manifest disimpan: 2341_audio10.json
2026-05-30 01:58:42,697 | text_processor | INFO | dominant=ID detected=['ID'] segments=1
2026-05-30 01:59:31,826 | text_processor | INFO | Input: "Menurut kamu, belajar bahasa Arab itu susah nggak untuk pemula?"
2026-05-30 01:59:31,826 | text_processor | INFO | Manifest disimpan: 2341_audio10(1).json
2026-05-30 01:59:31,826 | text_processor | INFO | dominant=ID detected=['ID'] segments=1
2026-05-30 02:00:18,437 | text_processor | INFO | Input: "Aku mau book flight ke Jedah minggu depan, bisa bantu schedule?"
2026-05-30 02:00:18,438 | text_processor | INFO | Manifest disimpan: 2342_audio01.json
2026-05-30 02:00:18,438 | text_processor | INFO | dominant=ID detected=['ID', 'EN'] segments=4
2026-05-30 02:00:57,851 | text_processor | INFO | Input: "Aku butuh travel umrah simpel tapi include Madinah Visit."
2026-05-30 02:00:57,851 | text_processor | INFO | Manifest disimpan: 2342_audio02.json
2026-05-30 02:00:57,851 | text_processor | INFO | dominant=EN detected=['ID', 'EN'] segments=4
2026-05-30 02:02:00,173 | text_processor | INFO | Input: "Can you help aku arrange transport dari Jeddah ke Madinah tomorrow?"
2026-05-30 02:02:00,173 | text_processor | INFO | Manifest disimpan: 2342_audio03.json
2026-05-30 02:02:00,173 | text_processor | INFO | dominant=EN detected=['EN', 'ID'] segments=5
2026-05-30 02:03:01,364 | text_processor | INFO | Input: "Explain step by step cara apply visa Saudi dengan benar."
2026-05-30 02:03:01,364 | text_processor | INFO | Manifest disimpan: 2342_audio04.json
2026-05-30 02:03:01,364 | text_processor | INFO | dominant=EN detected=['EN', 'ID'] segments=4
2026-05-30 02:04:21,626 | text_processor | INFO | Input: "Ya, aku uridu buku klik, ilah jaddah al-usbu'an al-qodim, hal bisa bantu ajidah "
2026-05-30 02:04:21,626 | text_processor | INFO | Manifest disimpan: 2342_audio05.json
2026-05-30 02:04:21,626 | text_processor | INFO | dominant=AR detected=['AR', 'ID'] segments=5
2026-05-30 02:06:07,210 | text_processor | INFO | Input: "Uridu Range Transport Menjaddah Ila Madinah Waden"
2026-05-30 02:06:07,210 | text_processor | INFO | Manifest disimpan: 2342_audio06.json
2026-05-30 02:06:07,211 | text_processor | INFO | dominant=AR detected=['AR', 'EN'] segments=3
2026-05-30 02:07:23,138 | text_processor | INFO | Input: "Apa perbedaan umrah dan hajj secara detail dalam Islam?"
2026-05-30 02:07:23,138 | text_processor | INFO | Manifest disimpan: 2342_audio10.json
2026-05-30 02:07:23,138 | text_processor | INFO | dominant=ID detected=['ID'] segments=1
2026-05-30 02:08:10,739 | text_processor | INFO | Input: "Kenapa fasting di Ramadan itu wajib bagi Muslim?"
2026-05-30 02:08:10,739 | text_processor | INFO | Manifest disimpan: 2342_audio11.json
2026-05-30 02:08:10,740 | text_processor | INFO | dominant=ID detected=['ID'] segments=1
2026-05-30 02:08:49,792 | text_processor | INFO | Input: "How to prepare Dokumen Om Roh dari Indonesia dengan benar"
2026-05-30 02:08:49,793 | text_processor | INFO | Manifest disimpan: 2342_audio14.json
2026-05-30 02:08:49,793 | text_processor | INFO | dominant=EN detected=['EN', 'ID'] segments=2
2026-05-30 02:09:52,139 | text_processor | INFO | Input: "Ah, yanan saya bingung mulai dari mana untuk umrah."
2026-05-30 02:09:52,140 | text_processor | INFO | Manifest disimpan: 2342_audio19.json
2026-05-30 02:09:52,140 | text_processor | INFO | dominant=ID detected=['ID'] segments=1
2026-05-30 02:10:31,824 | text_processor | INFO | Input: "Aku mau book flight ke Jedah minggu depan, bisa bantu schedule?"
2026-05-30 02:10:31,824 | text_processor | INFO | Manifest disimpan: 2343_audio1.json
2026-05-30 02:10:31,825 | text_processor | INFO | dominant=ID detected=['ID', 'EN'] segments=4
2026-05-30 02:11:21,170 | text_processor | INFO | Input: "Aku butuh travel umrah simpel tapi include Madinah Visit."
2026-05-30 02:11:21,170 | text_processor | INFO | Manifest disimpan: 2343_audio2.json
2026-05-30 02:11:21,170 | text_processor | INFO | dominant=EN detected=['ID', 'EN'] segments=4
2026-05-30 02:12:31,670 | text_processor | INFO | Input: "Can you help aku arise transport dari Jeddah ke Bandina tomorrow?"
2026-05-30 02:12:31,670 | text_processor | INFO | Manifest disimpan: 2343_audio3.json
2026-05-30 02:12:31,670 | text_processor | INFO | dominant=ID detected=['EN', 'ID'] segments=5
2026-05-30 02:13:16,720 | text_processor | INFO | Input: "Explain step by step cara apply visa Saudi dengan benar."
2026-05-30 02:13:16,721 | text_processor | INFO | Manifest disimpan: 2343_audio4.json
2026-05-30 02:13:16,721 | text_processor | INFO | dominant=EN detected=['EN', 'ID'] segments=4
2026-05-30 02:14:36,861 | text_processor | INFO | Input: "Ya aki, uri dubuk flyk ila jeddah usbun al-qadim, hal bisa bantu ajidah afdal sk"
2026-05-30 02:14:36,861 | text_processor | INFO | Manifest disimpan: 2343_audio5.json
2026-05-30 02:14:36,861 | text_processor | INFO | dominant=AR detected=['AR', 'ID'] segments=2
2026-05-30 02:16:30,814 | text_processor | INFO | Input: "Uridu aretsan spot minjedah ilamadi nahgodon"
2026-05-30 02:16:30,814 | text_processor | INFO | Manifest disimpan: 2343_audio6.json
2026-05-30 02:16:30,814 | text_processor | INFO | dominant=AR detected=['AR'] segments=1
2026-05-30 02:18:29,698 | text_processor | INFO | Input: "Bagaimana proses visa Saudi untuk umrah dari Indonesia sekarang?"
2026-05-30 02:18:29,698 | text_processor | INFO | Manifest disimpan: 2343_audio12.json
2026-05-30 02:18:29,698 | text_processor | INFO | dominant=ID detected=['ID', 'EN'] segments=3
2026-05-30 02:19:20,897 | text_processor | INFO | Input: "How to prepare dokumen umrah dari Indonesia dengan benar?"
2026-05-30 02:19:20,897 | text_processor | INFO | Manifest disimpan: 2343_audio14.json
2026-05-30 02:19:20,897 | text_processor | INFO | dominant=EN detected=['EN', 'ID'] segments=2
2026-05-30 02:20:46,425 | text_processor | INFO | Input: "Guide aku cara pilih hotel di Merkah dekat haram dengan budget terbatas."
2026-05-30 02:20:46,426 | text_processor | INFO | Manifest disimpan: 2343_audio16.json
2026-05-30 02:20:46,426 | text_processor | INFO | dominant=ID detected=['EN', 'ID'] segments=6
2026-05-30 02:21:40,236 | text_processor | INFO | Input: "I will upper hand dengan persiapan umrah. Ada tips sederhana."
2026-05-30 02:21:40,236 | text_processor | INFO | Manifest disimpan: 2343_audio18.json
2026-05-30 02:21:40,236 | text_processor | INFO | dominant=ID detected=['ID', 'EN'] segments=2
2026-05-30 02:22:23,866 | text_processor | INFO | Input: "Aku mau book flight ke Jedah minggu depan. Bisa bantu schedule?"
2026-05-30 02:22:23,867 | text_processor | INFO | Manifest disimpan: 2344_audio1.m4a.json
2026-05-30 02:22:23,867 | text_processor | INFO | dominant=ID detected=['ID', 'EN'] segments=4
2026-05-30 02:23:09,836 | text_processor | INFO | Input: "Aku butuh travel umrah simple, tapi include Madinah Visit."
2026-05-30 02:23:09,836 | text_processor | INFO | Manifest disimpan: 2344_audio2.m4a.json
2026-05-30 02:23:09,836 | text_processor | INFO | dominant=EN detected=['ID', 'EN'] segments=4
2026-05-30 02:24:32,951 | text_processor | INFO | Input: "Bolehkah anda tolong saya aturkan transport dari Jedah ke Madinah, Tomorow?"
2026-05-30 02:24:32,952 | text_processor | INFO | Manifest disimpan: 2344_audio3.m4a.json
2026-05-30 02:24:32,952 | text_processor | INFO | dominant=ID detected=['ID', 'EN'] segments=3
2026-05-30 02:25:22,011 | text_processor | INFO | Input: "Explain step by step cara apply visa Saudi dengan benar."
2026-05-30 02:25:22,012 | text_processor | INFO | Manifest disimpan: 2344_audio4.json
2026-05-30 02:25:22,012 | text_processor | INFO | dominant=EN detected=['EN', 'ID'] segments=4
2026-05-30 02:26:44,909 | text_processor | INFO | Input: "Ya Aki, uridu buk flyk ilaj dah el usbu an kadim, hal bisa bantu ajida afdal ske"
2026-05-30 02:26:44,910 | text_processor | INFO | Manifest disimpan: 2344_audio5.m4a.json
2026-05-30 02:26:44,910 | text_processor | INFO | dominant=AR detected=['AR', 'ID'] segments=3
2026-05-30 02:28:36,160 | text_processor | INFO | Input: "Unidu Range Transport Minjidah Ila Madinah Gwadan"
2026-05-30 02:28:36,160 | text_processor | INFO | Manifest disimpan: 2344_audio6.m4a.json
2026-05-30 02:28:36,160 | text_processor | INFO | dominant=EN detected=['EN', 'AR'] segments=2
2026-05-30 02:30:17,383 | text_processor | INFO | Input: "Apa perbedaan umrah dan haji secara detail dalam Islam?"
2026-05-30 02:30:17,384 | text_processor | INFO | Manifest disimpan: 2344_audio10.m4a.json
2026-05-30 02:30:17,384 | text_processor | INFO | dominant=ID detected=['ID'] segments=1
2026-05-30 02:31:01,714 | text_processor | INFO | Input: "Jelaskan step by step cara booking flight ke judah secara online."
2026-05-30 02:31:01,715 | text_processor | INFO | Manifest disimpan: 2344_audio13.json
2026-05-30 02:31:01,715 | text_processor | INFO | dominant=ID detected=['ID', 'EN'] segments=6
2026-05-30 02:31:40,399 | text_processor | INFO | Input: "Menurut kamu, belajar bahasa Arab itu susah gak untuk pemula?"
2026-05-30 02:31:40,399 | text_processor | INFO | Manifest disimpan: 2344_audio17.json
2026-05-30 02:31:40,399 | text_processor | INFO | dominant=ID detected=['ID'] segments=1
2026-05-30 02:32:18,647 | text_processor | INFO | Input: "Translate ke English Aku mau pergi ke Mekah minggu depan"
2026-05-30 02:32:18,648 | text_processor | INFO | Manifest disimpan: 2344_audio20.m4a.json
2026-05-30 02:32:18,648 | text_processor | INFO | dominant=ID detected=['EN', 'ID'] segments=2
2026-05-30 02:33:14,845 | text_processor | INFO | Input: "Aku mau book flight ke Jeddah minggu depan. Bisa bantu schedule?"
2026-05-30 02:33:14,846 | text_processor | INFO | Manifest disimpan: 2345_audio01.json
2026-05-30 02:33:14,846 | text_processor | INFO | dominant=ID detected=['ID', 'EN'] segments=4
2026-05-30 02:34:04,094 | text_processor | INFO | Input: "Aku butuh travel umrah simpel tapi untuk Madinah Visit."
2026-05-30 02:34:04,095 | text_processor | INFO | Manifest disimpan: 2345_audio02.json
2026-05-30 02:34:04,095 | text_processor | INFO | dominant=ID detected=['ID', 'EN'] segments=4
2026-05-30 02:34:53,793 | text_processor | INFO | Input: ""Can you help aku arrange transport dari Jedah ke Madinah to Muro?""
2026-05-30 02:34:53,794 | text_processor | INFO | Manifest disimpan: 2345_audio03.json
2026-05-30 02:34:53,794 | text_processor | INFO | dominant=EN detected=['EN', 'ID'] segments=5
2026-05-30 02:35:56,880 | text_processor | INFO | Input: "Explain step by step cara apply visa Saudi dengan benar."
2026-05-30 02:35:56,881 | text_processor | INFO | Manifest disimpan: 2345_audio04.json
2026-05-30 02:35:56,881 | text_processor | INFO | dominant=EN detected=['EN', 'ID'] segments=4
2026-05-30 02:37:05,141 | text_processor | INFO | Input: "Ya akhi, uridu bukti ila jeddah al-usbu 'al-qadim. Hal bisa bantu ajidah afdol s"
2026-05-30 02:37:05,141 | text_processor | INFO | Manifest disimpan: 2345_audio05.json
2026-05-30 02:37:05,141 | text_processor | INFO | dominant=AR detected=['AR', 'ID'] segments=2
2026-05-30 02:38:58,183 | text_processor | INFO | Input: "Uri du arrange transport minjeqdah ila madinah wadhan."
2026-05-30 02:38:58,183 | text_processor | INFO | Manifest disimpan: 2345_audio06.json
2026-05-30 02:38:58,183 | text_processor | INFO | dominant=EN detected=['EN', 'AR'] segments=2
2026-05-30 02:39:59,837 | text_processor | INFO | Input: "Book flight ke Jeddah, lalu lanjut ke Madinah. Skejul terbaik kapan?"
2026-05-30 02:39:59,837 | text_processor | INFO | Manifest disimpan: 2345_audio07.json
2026-05-30 02:39:59,837 | text_processor | INFO | dominant=ID detected=['EN', 'ID'] segments=2
2026-05-30 02:40:53,181 | text_processor | INFO | Input: "Apa perbedaan umrah dan haji secara detail dalam Islam?"
2026-05-30 02:40:53,181 | text_processor | INFO | Manifest disimpan: 2345_audio08.json
2026-05-30 02:40:53,181 | text_processor | INFO | dominant=ID detected=['ID'] segments=1
2026-05-30 02:41:39,738 | text_processor | INFO | Input: "Kenapa fasting di Ramadhan itu wajib bagi muslim?"
2026-05-30 02:41:39,739 | text_processor | INFO | Manifest disimpan: 2345_audio09.json
2026-05-30 02:41:39,739 | text_processor | INFO | dominant=ID detected=['ID'] segments=1
2026-05-30 02:42:28,039 | text_processor | INFO | Input: "Bagaimana proses visa Saudi untuk umrah dari Indonesia sekarang?"
2026-05-30 02:42:28,039 | text_processor | INFO | Manifest disimpan: 2345_audio10.json
2026-05-30 02:42:28,040 | text_processor | INFO | dominant=ID detected=['ID', 'EN'] segments=3
2026-05-30 02:43:08,683 | text_processor | INFO | Input: "Jelaskan step by step cara booking flight ke Jeddah secara online."
2026-05-30 02:43:08,683 | text_processor | INFO | Manifest disimpan: 2345_audio11.json
2026-05-30 02:43:08,683 | text_processor | INFO | dominant=ID detected=['ID', 'EN'] segments=6
2026-05-30 02:43:54,734 | text_processor | INFO | Input: "How to prepare dokumen umrah dari Indonesia dengan benar?"
2026-05-30 02:43:54,734 | text_processor | INFO | Manifest disimpan: 2345_audio12.json
2026-05-30 02:43:54,734 | text_processor | INFO | dominant=EN detected=['EN', 'ID'] segments=2
2026-05-30 02:45:09,928 | text_processor | INFO | Input: "Tolong buat checklist persiapan umroh termasuk barang wajib dibawa."
2026-05-30 02:45:09,928 | text_processor | INFO | Manifest disimpan: 2345_audio13.json
2026-05-30 02:45:09,929 | text_processor | INFO | dominant=ID detected=['ID', 'EN'] segments=3
2026-05-30 02:45:53,112 | text_processor | INFO | Input: "Menurut kamu, belajar bahasa Arab itu susah gak untuk pemula?"
2026-05-30 02:45:53,113 | text_processor | INFO | Manifest disimpan: 2345_audio14.json
2026-05-30 02:45:53,113 | text_processor | INFO | dominant=ID detected=['ID'] segments=1
2026-05-30 02:46:33,841 | text_processor | INFO | Input: "Ah ya Anan, saya bingung mulai dari mana untuk umrah."
2026-05-30 02:46:33,841 | text_processor | INFO | Manifest disimpan: 2345_audio15.json
2026-05-30 02:46:33,842 | text_processor | INFO | dominant=ID detected=['AR', 'ID'] segments=2
2026-05-30 02:47:12,681 | text_processor | INFO | Input: "Aku mau book fly ke Jedah minggu depan. Bisa bantu schedule."
2026-05-30 02:47:12,682 | text_processor | INFO | Manifest disimpan: 2347_audio1.json
2026-05-30 02:47:12,682 | text_processor | INFO | dominant=ID detected=['ID', 'EN'] segments=4
2026-05-30 02:47:48,751 | text_processor | INFO | Input: "Aku butuh travel umrah simpel tapi include Madinah Visit."
2026-05-30 02:47:48,751 | text_processor | INFO | Manifest disimpan: 2347_audio2.json
2026-05-30 02:47:48,751 | text_processor | INFO | dominant=EN detected=['ID', 'EN'] segments=4
2026-05-30 02:48:53,043 | text_processor | INFO | Input: "Can you help aku arrange transport dari Jedah ke Madinah tomorrow?"
2026-05-30 02:48:53,043 | text_processor | INFO | Manifest disimpan: 2347_audio3.json
2026-05-30 02:48:53,043 | text_processor | INFO | dominant=EN detected=['EN', 'ID'] segments=5
2026-05-30 02:49:55,742 | text_processor | INFO | Input: "Explain step by step cara apply visa Saudi dengan benar."
2026-05-30 02:49:55,742 | text_processor | INFO | Manifest disimpan: 2347_audio4.json
2026-05-30 02:49:55,742 | text_processor | INFO | dominant=EN detected=['EN', 'ID'] segments=4
2026-05-30 02:51:15,392 | text_processor | INFO | Input: "Ya ahi uridu bukflik ilajedah al-usbu al-kadhim. Hal bisa bantu ajidah afdal ske"
2026-05-30 02:51:15,393 | text_processor | INFO | Manifest disimpan: 2347_audio5.json
2026-05-30 02:51:15,393 | text_processor | INFO | dominant=AR detected=['AR', 'ID'] segments=2
2026-05-30 02:53:08,707 | text_processor | INFO | Input: "Uridu Range Transport Min Jeddah Ila Madinah Godan"
2026-05-30 02:53:08,707 | text_processor | INFO | Manifest disimpan: 2347_audio6.json
2026-05-30 02:53:08,707 | text_processor | INFO | dominant=AR detected=['AR', 'EN'] segments=3
2026-05-30 02:54:28,207 | text_processor | INFO | Input: "Book flight ke Jedah, lalu lanjut ke Madinah, schedule terbaik kapan."
2026-05-30 02:54:28,208 | text_processor | INFO | Manifest disimpan: 2347_audio7.json
2026-05-30 02:54:28,208 | text_processor | INFO | dominant=ID detected=['EN', 'ID'] segments=4
2026-05-30 02:55:24,261 | text_processor | INFO | Input: "Kenapa fasting di Ramadan itu wajib bagi muslim?"
2026-05-30 02:55:24,261 | text_processor | INFO | Manifest disimpan: 2347_audio11.json
2026-05-30 02:55:24,261 | text_processor | INFO | dominant=ID detected=['ID'] segments=1
2026-05-30 02:56:03,247 | text_processor | INFO | Input: "How to prepare dokumen umrah dari Indonesia dengan benar."
2026-05-30 02:56:03,248 | text_processor | INFO | Manifest disimpan: 2347_audio14.json
2026-05-30 02:56:03,248 | text_processor | INFO | dominant=EN detected=['EN', 'ID'] segments=2
2026-05-30 02:57:05,633 | text_processor | INFO | Input: "Menurut kamu, belajar bahasa Arab itu susah enggak untuk pemula."
2026-05-30 02:57:05,633 | text_processor | INFO | Manifest disimpan: 2347_audio17.json
2026-05-30 02:57:05,633 | text_processor | INFO | dominant=ID detected=['ID'] segments=1
2026-05-30 02:57:40,676 | text_processor | INFO | Input: "Aku mau buk flight ke Jeddah, minggu depan bisa bantu schedule."
2026-05-30 02:57:40,676 | text_processor | INFO | Manifest disimpan: 2348_audio01.json
2026-05-30 02:57:40,676 | text_processor | INFO | dominant=ID detected=['ID', 'EN'] segments=4
2026-05-30 02:58:20,938 | text_processor | INFO | Input: "Aku butuh travel umrah simple tapi include Madinah Visit."
2026-05-30 02:58:20,938 | text_processor | INFO | Manifest disimpan: 2348_audio02.json
2026-05-30 02:58:20,938 | text_processor | INFO | dominant=EN detected=['ID', 'EN'] segments=4
2026-05-30 02:59:29,508 | text_processor | INFO | Input: "Bolehkah anda tolong saya aturkan transport dari Jeddah ke Madinah esok?"
2026-05-30 02:59:29,509 | text_processor | INFO | Manifest disimpan: 2348_audio03.json
2026-05-30 02:59:29,509 | text_processor | INFO | dominant=ID detected=['ID', 'EN'] segments=3
2026-05-30 03:00:21,425 | text_processor | INFO | Input: "Explain step by step cara apply visa Saudi dengan benar."
2026-05-30 03:00:21,425 | text_processor | INFO | Manifest disimpan: 2348_audio04.json
2026-05-30 03:00:21,425 | text_processor | INFO | dominant=EN detected=['EN', 'ID'] segments=4
2026-05-30 03:01:32,026 | text_processor | INFO | Input: "Ya Aki, uridu buk flight ilajir dah el usbu al qadim, hal bisa bantu ajra afdal "
2026-05-30 03:01:32,027 | text_processor | INFO | Manifest disimpan: 2348_audio05.json
2026-05-30 03:01:32,027 | text_processor | INFO | dominant=EN detected=['AR', 'EN', 'ID'] segments=5
2026-05-30 03:02:34,014 | text_processor | INFO | Input: "Uridu Range Transport menjeda ilamadina rodan."
2026-05-30 03:02:34,015 | text_processor | INFO | Manifest disimpan: 2348_audio06.json
2026-05-30 03:02:34,015 | text_processor | INFO | dominant=EN detected=['AR', 'EN'] segments=2
2026-05-30 03:03:41,497 | text_processor | INFO | Input: "Book flight ke Jeddah lalu lanjut ke Madinah. Skejul terbaik kapan?"
2026-05-30 03:03:41,498 | text_processor | INFO | Manifest disimpan: 2348_audio07.json
2026-05-30 03:03:41,498 | text_processor | INFO | dominant=ID detected=['EN', 'ID'] segments=2
2026-05-30 03:04:27,223 | text_processor | INFO | Input: "Bagaimana proses visa Saudi untuk umrah dari Indonesia sekarang?"
2026-05-30 03:04:27,224 | text_processor | INFO | Manifest disimpan: 2348_audio12.json
2026-05-30 03:04:27,224 | text_processor | INFO | dominant=ID detected=['ID', 'EN'] segments=3
2026-05-30 03:05:14,824 | text_processor | INFO | Input: "Jelaskan step by step cara booking flight ke Jeddah secara online."
2026-05-30 03:05:14,824 | text_processor | INFO | Manifest disimpan: 2348_audio13.json
2026-05-30 03:05:14,824 | text_processor | INFO | dominant=ID detected=['ID', 'EN'] segments=6
2026-05-30 03:05:51,520 | text_processor | INFO | Input: "How to prepare umrah documents from Indonesia correctly."
2026-05-30 03:05:51,520 | text_processor | INFO | Manifest disimpan: 2348_audio14.json
2026-05-30 03:05:51,520 | text_processor | INFO | dominant=EN detected=['EN'] segments=1
2026-05-30 03:07:05,455 | text_processor | INFO | Input: "Aku mau book fly ke Jedah minggu depan. Bisa bantu schedule."
2026-05-30 03:07:05,455 | text_processor | INFO | Manifest disimpan: 2355_audio01.json
2026-05-30 03:07:05,456 | text_processor | INFO | dominant=ID detected=['ID', 'EN'] segments=4
2026-05-30 03:08:01,685 | text_processor | INFO | Input: "Aku butuh travel umrah simpel tapi include Madinah Visit."
2026-05-30 03:08:01,686 | text_processor | INFO | Manifest disimpan: 2355_audio02.json
2026-05-30 03:08:01,686 | text_processor | INFO | dominant=EN detected=['ID', 'EN'] segments=4
2026-05-30 03:08:57,589 | text_processor | INFO | Input: "Can you help aku arrange transport dari Jedah ke Madinah tomorrow?"
2026-05-30 03:08:57,590 | text_processor | INFO | Manifest disimpan: 2355_audio03.json
2026-05-30 03:08:57,590 | text_processor | INFO | dominant=EN detected=['EN', 'ID'] segments=5
2026-05-30 03:10:03,430 | text_processor | INFO | Input: "Explain step by step cara apply visa Saudi dengan benar."
2026-05-30 03:10:03,430 | text_processor | INFO | Manifest disimpan: 2355_audio04.json
2026-05-30 03:10:03,430 | text_processor | INFO | dominant=EN detected=['EN', 'ID'] segments=4
2026-05-30 03:11:52,219 | text_processor | INFO | Input: "Ya akhi, uridu book flight ilajadah al-usbu al-qadim hal bisa bantu Ajidah Afdal"
2026-05-30 03:11:52,219 | text_processor | INFO | Manifest disimpan: 2355_audio05.json
2026-05-30 03:11:52,219 | text_processor | INFO | dominant=EN detected=['AR', 'EN', 'ID'] segments=5
2026-05-30 03:12:53,050 | text_processor | INFO | Input: "Uridu Rains Transport Menjadah Ila Madinah, Gadan"
2026-05-30 03:12:53,051 | text_processor | INFO | Manifest disimpan: 2355_audio06.json
2026-05-30 03:12:53,051 | text_processor | INFO | dominant=AR detected=['AR', 'EN'] segments=3
2026-05-30 03:14:34,245 | text_processor | INFO | Input: "Book flight ke Jeddah lalu lanjut ke Madinah, skedul terbaik kapan?"
2026-05-30 03:14:34,245 | text_processor | INFO | Manifest disimpan: 2355_audio07.json
2026-05-30 03:14:34,245 | text_processor | INFO | dominant=ID detected=['EN', 'ID'] segments=2
2026-05-30 03:15:21,284 | text_processor | INFO | Input: "Apa perbedaan umrah dan haji secara detail dalam Islam?"
2026-05-30 03:15:21,284 | text_processor | INFO | Manifest disimpan: 2355_audio10.json
2026-05-30 03:15:21,284 | text_processor | INFO | dominant=ID detected=['ID'] segments=1
2026-05-30 03:16:09,910 | text_processor | INFO | Input: "Jelaskan step by step cara booking flight ke Jedah secara online."
2026-05-30 03:16:09,910 | text_processor | INFO | Manifest disimpan: 2355_audio13.json
2026-05-30 03:16:09,911 | text_processor | INFO | dominant=ID detected=['ID', 'EN'] segments=6
2026-05-30 03:16:49,210 | text_processor | INFO | Input: "Menurut kamu, belajar bahasa Arab itu susah gak untuk pemula?"
2026-05-30 03:16:49,211 | text_processor | INFO | Manifest disimpan: 2355_audio17.json
2026-05-30 03:16:49,211 | text_processor | INFO | dominant=ID detected=['ID'] segments=1
2026-05-30 03:17:28,064 | text_processor | INFO | Input: "Aku mau book fly ke Jedah minggu depan. Bisa bantu skejul?"
2026-05-30 03:17:28,064 | text_processor | INFO | Manifest disimpan: 2357_audio01.json
2026-05-30 03:17:28,064 | text_processor | INFO | dominant=ID detected=['ID', 'EN'] segments=3
2026-05-30 03:18:08,576 | text_processor | INFO | Input: "Aku butuh travel umrah simple tapi include Madinah Visit."
2026-05-30 03:18:08,577 | text_processor | INFO | Manifest disimpan: 2357_audio02.json
2026-05-30 03:18:08,577 | text_processor | INFO | dominant=EN detected=['ID', 'EN'] segments=4
2026-05-30 03:19:15,627 | text_processor | INFO | Input: "Can you help aku arrange transport dari Jedah ke Madinah tomorrow?"
2026-05-30 03:19:15,627 | text_processor | INFO | Manifest disimpan: 2357_audio03.json
2026-05-30 03:19:15,627 | text_processor | INFO | dominant=EN detected=['EN', 'ID'] segments=5
2026-05-30 03:20:16,698 | text_processor | INFO | Input: "Explain step by step cara apply visa Saudi dengan benar."
2026-05-30 03:20:16,698 | text_processor | INFO | Manifest disimpan: 2357_audio04.json
2026-05-30 03:20:16,699 | text_processor | INFO | dominant=EN detected=['EN', 'ID'] segments=4
2026-05-30 03:21:34,830 | text_processor | INFO | Input: "Yaa Aki, uridu book flight ilajet dah al-usbu al-adim, hal bisa bantu ajidah afd"
2026-05-30 03:21:34,830 | text_processor | INFO | Manifest disimpan: 2357_audio05.json
2026-05-30 03:21:34,830 | text_processor | INFO | dominant=AR detected=['AR', 'EN', 'ID'] segments=5
2026-05-30 03:23:24,309 | text_processor | INFO | Input: "Uridu Range Transport Min Jeddah Ila Madinah Rodan"
2026-05-30 03:23:24,310 | text_processor | INFO | Manifest disimpan: 2357_audio06.json
2026-05-30 03:23:24,310 | text_processor | INFO | dominant=AR detected=['AR', 'EN'] segments=3
2026-05-30 03:25:13,815 | text_processor | INFO | Input: "Book flight ke Jeddah lalu lanjut ke Madinah. Skejul terbaik kapan?"
2026-05-30 03:25:13,815 | text_processor | INFO | Manifest disimpan: 2357_audio07.json
2026-05-30 03:25:13,816 | text_processor | INFO | dominant=ID detected=['EN', 'ID'] segments=2
2026-05-30 03:25:59,348 | text_processor | INFO | Input: "Bagaimana proses visa Saudi untuk Umrah dari Indonesia sekarang?"
2026-05-30 03:25:59,349 | text_processor | INFO | Manifest disimpan: 2357_audio12.json
2026-05-30 03:25:59,349 | text_processor | INFO | dominant=ID detected=['ID', 'EN'] segments=3
2026-05-30 03:26:45,111 | text_processor | INFO | Input: "Tolong buat checklist persiapan umroh termasuk barang wajib di bawah."
2026-05-30 03:26:45,111 | text_processor | INFO | Manifest disimpan: 2357_audio15.json
2026-05-30 03:26:45,111 | text_processor | INFO | dominant=ID detected=['ID', 'EN'] segments=3
2026-05-30 03:27:32,336 | text_processor | INFO | Input: "Menurut kamu, belajar bahasa Arab itu susah gak untuk pemula?"
2026-05-30 03:27:32,336 | text_processor | INFO | Manifest disimpan: 2357_audio17.json
2026-05-30 03:27:32,336 | text_processor | INFO | dominant=ID detected=['ID'] segments=1
2026-05-30 03:28:15,588 | text_processor | INFO | Input: "Aku mau book flight ke Jeddah minggu depan. Bisa bantu schedule?"
2026-05-30 03:28:15,588 | text_processor | INFO | Manifest disimpan: 2359_audio1.json
2026-05-30 03:28:15,588 | text_processor | INFO | dominant=ID detected=['ID', 'EN'] segments=4
2026-05-30 03:28:58,807 | text_processor | INFO | Input: "Aku butuh travel umrah simpel tapi include Madinah Visit."
2026-05-30 03:28:58,807 | text_processor | INFO | Manifest disimpan: 2359_audio2.json
2026-05-30 03:28:58,807 | text_processor | INFO | dominant=EN detected=['ID', 'EN'] segments=4
2026-05-30 03:30:00,567 | text_processor | INFO | Input: "Can you help aku arrange transport dari Jeddah ke Madinah tomorrow?"
2026-05-30 03:30:00,568 | text_processor | INFO | Manifest disimpan: 2359_audio3.json
2026-05-30 03:30:00,568 | text_processor | INFO | dominant=EN detected=['EN', 'ID'] segments=5
2026-05-30 03:31:00,005 | text_processor | INFO | Input: "Explain step by step cara apply visa Saudi dengan benar."
2026-05-30 03:31:00,006 | text_processor | INFO | Manifest disimpan: 2359_audio4.json
2026-05-30 03:31:00,006 | text_processor | INFO | dominant=EN detected=['EN', 'ID'] segments=4
2026-05-30 03:32:10,241 | text_processor | INFO | Input: "Ya Aki, uridu bukflik ilajad dah al-usbu al-qadim. Hal bisa bantu ajidah afdal s"
2026-05-30 03:32:10,241 | text_processor | INFO | Manifest disimpan: 2359_audio5.json
2026-05-30 03:32:10,241 | text_processor | INFO | dominant=AR detected=['AR', 'ID'] segments=2
2026-05-30 03:33:35,146 | text_processor | INFO | Input: "Uridu Range Transport Minjad Dahilah Madinah Rodan"
2026-05-30 03:33:35,147 | text_processor | INFO | Manifest disimpan: 2359_audio6.json
2026-05-30 03:33:35,147 | text_processor | INFO | dominant=EN detected=['AR', 'EN'] segments=2
2026-05-30 03:34:57,361 | text_processor | INFO | Input: "Book flight ke Jeddah lalu lanjut ke Madinah. Skejul terbaik kapan?"
2026-05-30 03:34:57,361 | text_processor | INFO | Manifest disimpan: 2359_audio7.json
2026-05-30 03:34:57,361 | text_processor | INFO | dominant=ID detected=['EN', 'ID'] segments=2
2026-05-30 03:35:54,189 | text_processor | INFO | Input: "Bagaimana proses pisah Saudi untuk umrah dari Indonesia sekarang?"
2026-05-30 03:35:54,189 | text_processor | INFO | Manifest disimpan: 2359_audio12.json
2026-05-30 03:35:54,189 | text_processor | INFO | dominant=ID detected=['ID'] segments=1
2026-05-30 03:36:35,574 | text_processor | INFO | Input: "How to prepare dokumen umrah dari Indonesia dengan benar"
2026-05-30 03:36:35,575 | text_processor | INFO | Manifest disimpan: 2359_audio14.json
2026-05-30 03:36:35,575 | text_processor | INFO | dominant=EN detected=['EN', 'ID'] segments=2
2026-05-30 03:37:37,678 | text_processor | INFO | Input: "Menurut kamu belajar bahasa Arab itu susah gak untuk pemula?"
2026-05-30 03:37:37,679 | text_processor | INFO | Manifest disimpan: 2359_audio17.json
2026-05-30 03:37:37,679 | text_processor | INFO | dominant=ID detected=['ID'] segments=1
2026-05-30 03:38:17,499 | text_processor | INFO | Input: "Aku mau book flight ke Jedah minggu depan. Bisa bantu schedule?"
2026-05-30 03:38:17,500 | text_processor | INFO | Manifest disimpan: 2360_audio01.json
2026-05-30 03:38:17,500 | text_processor | INFO | dominant=ID detected=['ID', 'EN'] segments=4
2026-05-30 03:38:52,000 | text_processor | INFO | Input: "Aku butuh travel umrah simpel tapi include Madinah Visit."
2026-05-30 03:38:52,001 | text_processor | INFO | Manifest disimpan: 2360_audio02.json
2026-05-30 03:38:52,001 | text_processor | INFO | dominant=EN detected=['ID', 'EN'] segments=4
2026-05-30 03:39:59,605 | text_processor | INFO | Input: "Can you help aku arrange transport dari Jedah ke Madinah tomorrow?"
2026-05-30 03:39:59,605 | text_processor | INFO | Manifest disimpan: 2360_audio03.json
2026-05-30 03:39:59,605 | text_processor | INFO | dominant=EN detected=['EN', 'ID'] segments=5
2026-05-30 03:40:56,650 | text_processor | INFO | Input: "Explain step by step cara apply visa Saudi dengan benar."
2026-05-30 03:40:56,651 | text_processor | INFO | Manifest disimpan: 2360_audio04.json
2026-05-30 03:40:56,651 | text_processor | INFO | dominant=EN detected=['EN', 'ID'] segments=4
2026-05-30 03:41:56,593 | text_processor | INFO | Input: "Ya akhi, uriduh book flight ila Jeddah l'usbuwan l'qadim. Hal bisa bantu ajidah "
2026-05-30 03:41:56,594 | text_processor | INFO | Manifest disimpan: 2360_audio05.json
2026-05-30 03:41:56,594 | text_processor | INFO | dominant=AR detected=['AR', 'EN', 'ID'] segments=5
2026-05-30 03:43:51,127 | text_processor | INFO | Input: "Uridu range transport menjeda ilang Madinah Gowdan."
2026-05-30 03:43:51,128 | text_processor | INFO | Manifest disimpan: 2360_audio06.json
2026-05-30 03:43:51,128 | text_processor | INFO | dominant=EN detected=['AR', 'EN'] segments=2
2026-05-30 03:45:29,748 | text_processor | INFO | Input: "Book flight ke Jedah lalu lanjut ke Madinah, schedule terbaik kapan?"
2026-05-30 03:45:29,748 | text_processor | INFO | Manifest disimpan: 2360_audio07.json
2026-05-30 03:45:29,749 | text_processor | INFO | dominant=ID detected=['EN', 'ID'] segments=4
2026-05-30 03:46:25,710 | text_processor | INFO | Input: "Apa perbedaan umrah dan hajj secara detail dalam Islam?"
2026-05-30 03:46:25,711 | text_processor | INFO | Manifest disimpan: 2360_audio10.json
2026-05-30 03:46:25,711 | text_processor | INFO | dominant=ID detected=['ID'] segments=1
2026-05-30 03:47:12,185 | text_processor | INFO | Input: "Kenapa fasting di Ramadan itu wajib bagi muslim?"
2026-05-30 03:47:12,186 | text_processor | INFO | Manifest disimpan: 2360_audio11.json
2026-05-30 03:47:12,186 | text_processor | INFO | dominant=ID detected=['ID'] segments=1
2026-05-30 03:47:51,065 | text_processor | INFO | Input: "How to prepare dokumen umrah dari Indonesia dengan benar"
2026-05-30 03:47:51,066 | text_processor | INFO | Manifest disimpan: 2360_audio14.json
2026-05-30 03:47:51,066 | text_processor | INFO | dominant=EN detected=['EN', 'ID'] segments=2
2026-05-30 03:48:55,310 | text_processor | INFO | Input: "aku mau book flight ke Jedah minggu depan, bisa bantu schedule?"
2026-05-30 03:48:55,310 | text_processor | INFO | Manifest disimpan: 2362_audio01.json
2026-05-30 03:48:55,311 | text_processor | INFO | dominant=ID detected=['ID', 'EN'] segments=4
2026-05-30 03:49:32,010 | text_processor | INFO | Input: "Aku butuh travel umrah simpel tapi include Madinah Visit."
2026-05-30 03:49:32,010 | text_processor | INFO | Manifest disimpan: 2362_audio02.json
2026-05-30 03:49:32,011 | text_processor | INFO | dominant=EN detected=['ID', 'EN'] segments=4
2026-05-30 03:50:32,550 | text_processor | INFO | Input: "bisa bantu aku arrange transport dari Jeddah ke Madinah tomorrow?"
2026-05-30 03:50:32,551 | text_processor | INFO | Manifest disimpan: 2362_audio03.json
2026-05-30 03:50:32,551 | text_processor | INFO | dominant=ID detected=['ID', 'EN'] segments=4
2026-05-30 03:51:19,599 | text_processor | INFO | Input: "explain step by step cara apply visa Saudi dengan benar"
2026-05-30 03:51:19,600 | text_processor | INFO | Manifest disimpan: 2362_audio04.json
2026-05-30 03:51:19,600 | text_processor | INFO | dominant=EN detected=['EN', 'ID'] segments=4
2026-05-30 03:52:25,875 | text_processor | INFO | Input: "Ya Aki, uridu book flight ila Jeddah al-Usbu al-Qadim. Hal bisa bantu Ajidah afd"
2026-05-30 03:52:25,875 | text_processor | INFO | Manifest disimpan: 2362_audio05.json
2026-05-30 03:52:25,875 | text_processor | INFO | dominant=AR detected=['AR', 'EN', 'ID'] segments=6
2026-05-30 03:54:20,339 | text_processor | INFO | Input: "uridu range transport Minjedah ila Madinah Gadan"
2026-05-30 03:54:20,339 | text_processor | INFO | Manifest disimpan: 2362_audio06.json
2026-05-30 03:54:20,340 | text_processor | INFO | dominant=AR detected=['AR', 'EN'] segments=3
2026-05-30 03:55:27,804 | text_processor | INFO | Input: "Book flight ke Jedah lalu lanjut ke Maninah, schedule terbaik kapan?"
2026-05-30 03:55:27,804 | text_processor | INFO | Manifest disimpan: 2362_audio07.json
2026-05-30 03:55:27,804 | text_processor | INFO | dominant=ID detected=['EN', 'ID'] segments=4
2026-05-30 03:56:14,879 | text_processor | INFO | Input: "Kenapa fasting di ramadan itu wajib bagi muslim?"
2026-05-30 03:56:14,880 | text_processor | INFO | Manifest disimpan: 2362_audio11.json
2026-05-30 03:56:14,880 | text_processor | INFO | dominant=ID detected=['ID'] segments=1
2026-05-30 03:56:54,548 | text_processor | INFO | Input: "Tolong buat checklist persiapan umrah termasuk barang wajib di bawah."
2026-05-30 03:56:54,549 | text_processor | INFO | Manifest disimpan: 2362_audio15.json
2026-05-30 03:56:54,549 | text_processor | INFO | dominant=ID detected=['ID', 'EN'] segments=3
2026-05-30 03:57:36,230 | text_processor | INFO | Input: "Menurut kamu, belajar bahasa Arab itu susah enggak untuk umla."
2026-05-30 03:57:36,230 | text_processor | INFO | Manifest disimpan: 2362_audio17.json
2026-05-30 03:57:36,230 | text_processor | INFO | dominant=ID detected=['ID'] segments=1
2026-05-30 03:58:13,164 | text_processor | INFO | Input: "Translate ke English Aku mau pergi ke Mekah minggu depan"
2026-05-30 03:58:13,164 | text_processor | INFO | Manifest disimpan: 2362_audio20.json
2026-05-30 03:58:13,165 | text_processor | INFO | dominant=ID detected=['EN', 'ID'] segments=2
2026-05-30 03:58:54,497 | text_processor | INFO | Input: "Aku mau book flight ke Jedah Inggu depan. Bisa bantu schedule."
2026-05-30 03:58:54,497 | text_processor | INFO | Manifest disimpan: 2363_audio01.json
2026-05-30 03:58:54,497 | text_processor | INFO | dominant=ID detected=['ID', 'EN'] segments=4
2026-05-30 03:59:35,004 | text_processor | INFO | Input: "Aku butuh travel umrah simpel tapi include Madinah Visit."
2026-05-30 03:59:35,004 | text_processor | INFO | Manifest disimpan: 2363_audio02.json
2026-05-30 03:59:35,004 | text_processor | INFO | dominant=EN detected=['ID', 'EN'] segments=4
2026-05-30 04:00:37,869 | text_processor | INFO | Input: "Can you help aku arrange transport dari Jedah ke Madinah tomorrow?"
2026-05-30 04:00:37,869 | text_processor | INFO | Manifest disimpan: 2363_audio03.json
2026-05-30 04:00:37,869 | text_processor | INFO | dominant=EN detected=['EN', 'ID'] segments=5
2026-05-30 04:01:30,353 | text_processor | INFO | Input: "Explain step by step cara apply visa Saudi dengan benar."
2026-05-30 04:01:30,353 | text_processor | INFO | Manifest disimpan: 2363_audio04.json
2026-05-30 04:01:30,354 | text_processor | INFO | dominant=EN detected=['EN', 'ID'] segments=4
2026-05-30 04:03:18,111 | text_processor | INFO | Input: "Ya Akhi, uridu book flight ila jeddah al-usbu an-kidam? Al bisa bantu ajidah afd"
2026-05-30 04:03:18,112 | text_processor | INFO | Manifest disimpan: 2363_audio05.json
2026-05-30 04:03:18,112 | text_processor | INFO | dominant=AR detected=['AR', 'EN', 'ID'] segments=6
2026-05-30 04:04:52,501 | text_processor | INFO | Input: "uridu range transport Minjidah ila Madinah Radan."
2026-05-30 04:04:52,501 | text_processor | INFO | Manifest disimpan: 2363_audio06.json
2026-05-30 04:04:52,502 | text_processor | INFO | dominant=AR detected=['AR', 'EN'] segments=3
2026-05-30 04:06:48,054 | text_processor | INFO | Input: "Book flight ke Jedah lanjut ke Madinah, skedul terbaik kapan?"
2026-05-30 04:06:48,054 | text_processor | INFO | Manifest disimpan: 2363_audio07.json
2026-05-30 04:06:48,054 | text_processor | INFO | dominant=ID detected=['EN', 'ID'] segments=2
2026-05-30 04:07:39,104 | text_processor | INFO | Input: "Apa perbedaan umrah dan haji secara detail dalam Islam?"
2026-05-30 04:07:39,105 | text_processor | INFO | Manifest disimpan: 2363_audio10.json
2026-05-30 04:07:39,105 | text_processor | INFO | dominant=ID detected=['ID'] segments=1
2026-05-30 04:08:27,598 | text_processor | INFO | Input: "Rapan fasting di Ramadhan itu wajib bagi muslim."
2026-05-30 04:08:27,599 | text_processor | INFO | Manifest disimpan: 2363_audio11.json
2026-05-30 04:08:27,599 | text_processor | INFO | dominant=ID detected=['ID'] segments=1
2026-05-30 04:09:07,759 | text_processor | INFO | Input: "How to prepare dokumen umrah dari Indonesia dengan benar."
2026-05-30 04:09:07,760 | text_processor | INFO | Manifest disimpan: 2363_audio14.json
2026-05-30 04:09:07,760 | text_processor | INFO | dominant=EN detected=['EN', 'ID'] segments=2
2026-05-30 04:10:10,521 | text_processor | INFO | Input: "Aku mau book fly ke Jeddah minggu depan. Bisa bantu schedule?"
2026-05-30 04:10:10,522 | text_processor | INFO | Manifest disimpan: 2364_audio01.json
2026-05-30 04:10:10,522 | text_processor | INFO | dominant=ID detected=['ID', 'EN'] segments=4
2026-05-30 04:10:48,018 | text_processor | INFO | Input: "Aku butuh travel umrah simple tapi include madinah fisik."
2026-05-30 04:10:48,019 | text_processor | INFO | Manifest disimpan: 2364_audio02.json
2026-05-30 04:10:48,019 | text_processor | INFO | dominant=EN detected=['ID', 'EN'] segments=4
2026-05-30 04:12:02,829 | text_processor | INFO | Input: "Bolehkah Anda membantu saya menyiapkan transport dari Jeddah ke Madinah esok?"
2026-05-30 04:12:02,830 | text_processor | INFO | Manifest disimpan: 2364_audio03.json
2026-05-30 04:12:02,830 | text_processor | INFO | dominant=ID detected=['ID', 'EN'] segments=3
2026-05-30 04:12:41,230 | text_processor | INFO | Input: "Explain step by step cara apply visa Saudi dengan benar."
2026-05-30 04:12:41,230 | text_processor | INFO | Manifest disimpan: 2364_audio04.json
2026-05-30 04:12:41,230 | text_processor | INFO | dominant=EN detected=['EN', 'ID'] segments=4
2026-05-30 04:13:48,831 | text_processor | INFO | Input: "Ya Akhi, uridu book flight ila Jeddah Al-Usbu Al-Qadim. Hal bisa bantu Ajidah Af"
2026-05-30 04:13:48,831 | text_processor | INFO | Manifest disimpan: 2364_audio05.json
2026-05-30 04:13:48,831 | text_processor | INFO | dominant=AR detected=['AR', 'EN', 'ID'] segments=5
2026-05-30 04:15:46,520 | text_processor | INFO | Input: "Uridu Arrange Transport Min Jeddah Ila Madinahwadan"
2026-05-30 04:15:46,521 | text_processor | INFO | Manifest disimpan: 2364_audio06.json
2026-05-30 04:15:46,521 | text_processor | INFO | dominant=AR detected=['AR', 'EN'] segments=3
2026-05-30 04:16:37,916 | text_processor | INFO | Input: "Bagaimana proses visa Saudi untuk umrah dari Indonesia sekarang?"
2026-05-30 04:16:37,916 | text_processor | INFO | Manifest disimpan: 2364_audio12.json
2026-05-30 04:16:37,916 | text_processor | INFO | dominant=ID detected=['ID', 'EN'] segments=3
2026-05-30 04:17:13,765 | text_processor | INFO | Input: "Jelaskan step by step cara booking fly ke Jeddah secara online."
2026-05-30 04:17:13,765 | text_processor | INFO | Manifest disimpan: 2364_audio13.json
2026-05-30 04:17:13,765 | text_processor | INFO | dominant=ID detected=['ID', 'EN'] segments=4
2026-05-30 04:18:00,123 | text_processor | INFO | Input: "How to prepare Dokumen Umrah dari Indonesia dengan benar?"
2026-05-30 04:18:00,123 | text_processor | INFO | Manifest disimpan: 2364_audio14.json
2026-05-30 04:18:00,123 | text_processor | INFO | dominant=EN detected=['EN', 'ID'] segments=2
2026-05-30 04:19:20,875 | text_processor | INFO | Input: "Menurut kamu, belajar bahasa Arab itu susah nggak untuk pemula?"
2026-05-30 04:19:20,876 | text_processor | INFO | Manifest disimpan: 2364_audio17.json
2026-05-30 04:19:20,876 | text_processor | INFO | dominant=ID detected=['ID'] segments=1
2026-05-30 04:20:00,222 | text_processor | INFO | Input: "Aku mau book flight ke Jeddah minggu depan. Bisa bantu schedule?"
2026-05-30 04:20:00,223 | text_processor | INFO | Manifest disimpan: 2366_audio01.json
2026-05-30 04:20:00,223 | text_processor | INFO | dominant=ID detected=['ID', 'EN'] segments=4
2026-05-30 04:20:41,030 | text_processor | INFO | Input: "Aku butuh travel umrah simpel tapi include madinah visit."
2026-05-30 04:20:41,030 | text_processor | INFO | Manifest disimpan: 2366_audio02.json
2026-05-30 04:20:41,030 | text_processor | INFO | dominant=EN detected=['ID', 'EN'] segments=4
2026-05-30 04:21:48,067 | text_processor | INFO | Input: "Can you help aku arrange transport dari Jeddah ke Madinah tomorrow?"
2026-05-30 04:21:48,068 | text_processor | INFO | Manifest disimpan: 2366_audio03.json
2026-05-30 04:21:48,068 | text_processor | INFO | dominant=EN detected=['EN', 'ID'] segments=5
2026-05-30 04:22:56,016 | text_processor | INFO | Input: ""Explain step by step cara apply bisa Saudi dengan benar""
2026-05-30 04:22:56,016 | text_processor | INFO | Manifest disimpan: 2366_audio04.json
2026-05-30 04:22:56,016 | text_processor | INFO | dominant=EN detected=['EN', 'ID'] segments=4
2026-05-30 04:24:11,493 | text_processor | INFO | Input: "Ya ahli, uridu buk flight ilajadah al-usbu al-qadim, hal bisa bantu ajidah afda "
2026-05-30 04:24:11,493 | text_processor | INFO | Manifest disimpan: 2366_audio05.json
2026-05-30 04:24:11,493 | text_processor | INFO | dominant=AR detected=['AR', 'EN', 'ID'] segments=5
2026-05-30 04:26:01,472 | text_processor | INFO | Input: "uridu arrange transport mencet dah ila madinahkwadan"
2026-05-30 04:26:01,472 | text_processor | INFO | Manifest disimpan: 2366_audio06.json
2026-05-30 04:26:01,472 | text_processor | INFO | dominant=EN detected=['AR', 'EN'] segments=3
2026-05-30 04:27:10,954 | text_processor | INFO | Input: "Book flight ke Judah, lalu lanjut ke Madinah. Skejul terbaik kapan?"
2026-05-30 04:27:10,954 | text_processor | INFO | Manifest disimpan: 2366_audio07.json
2026-05-30 04:27:10,954 | text_processor | INFO | dominant=ID detected=['EN', 'ID'] segments=2
2026-05-30 04:28:03,019 | text_processor | INFO | Input: "Kenapa fasting di Ramadan itu wajib bagi muslim?"
2026-05-30 04:28:03,020 | text_processor | INFO | Manifest disimpan: 2366_audio11.json
2026-05-30 04:28:03,020 | text_processor | INFO | dominant=ID detected=['ID'] segments=1
2026-05-30 04:28:38,856 | text_processor | INFO | Input: "jelaskan step by step cara booking flight gadget dah secara online"
2026-05-30 04:28:38,857 | text_processor | INFO | Manifest disimpan: 2366_audio13.json
2026-05-30 04:28:38,857 | text_processor | INFO | dominant=EN detected=['ID', 'EN'] segments=6
2026-05-30 04:29:45,038 | text_processor | INFO | Input: "tolong bawa checklist persiapan umrah termasuk barang wajib di bawah"
2026-05-30 04:29:45,038 | text_processor | INFO | Manifest disimpan: 2366_audio15.json
2026-05-30 04:29:45,038 | text_processor | INFO | dominant=ID detected=['ID', 'EN'] segments=3
2026-05-30 04:30:24,880 | text_processor | INFO | Input: "Aku mau book flight ke Jeddah minggu depan. Bisa bantu schedule?"
2026-05-30 04:30:24,880 | text_processor | INFO | Manifest disimpan: 2367_audio1.json
2026-05-30 04:30:24,880 | text_processor | INFO | dominant=ID detected=['ID', 'EN'] segments=4
2026-05-30 04:31:08,721 | text_processor | INFO | Input: "Aku butuh travel omroah simpel tapi include Madinah Visit."
2026-05-30 04:31:08,722 | text_processor | INFO | Manifest disimpan: 2367_audio2.json
2026-05-30 04:31:08,722 | text_processor | INFO | dominant=EN detected=['ID', 'EN'] segments=4
2026-05-30 04:32:15,219 | text_processor | INFO | Input: ""Can you help aku arrange transport dari Jeddah ke Bandina tomorrow?""
2026-05-30 04:32:15,219 | text_processor | INFO | Manifest disimpan: 2367_audio3.json
2026-05-30 04:32:15,220 | text_processor | INFO | dominant=EN detected=['EN', 'ID'] segments=5
2026-05-30 04:33:18,022 | text_processor | INFO | Input: "Explain step by step cara apply visa Saudi dengan benar."
2026-05-30 04:33:18,022 | text_processor | INFO | Manifest disimpan: 2367_audio4.json
2026-05-30 04:33:18,023 | text_processor | INFO | dominant=EN detected=['EN', 'ID'] segments=4
2026-05-30 04:34:41,318 | text_processor | INFO | Input: "Ya, Akhi, kuri du bu flight ila jeddah al-usbu an al-qadim. Hal bisa bantu ajida"
2026-05-30 04:34:41,318 | text_processor | INFO | Manifest disimpan: 2367_audio5.json
2026-05-30 04:34:41,318 | text_processor | INFO | dominant=AR detected=['AR', 'EN', 'ID'] segments=5
2026-05-30 04:36:48,484 | text_processor | INFO | Input: "Uridu Range Transport, Minjitda ilamadhinah kodan."
2026-05-30 04:36:48,484 | text_processor | INFO | Manifest disimpan: 2367_audio6.json
2026-05-30 04:36:48,484 | text_processor | INFO | dominant=EN detected=['AR', 'EN'] segments=2
2026-05-30 04:37:51,292 | text_processor | INFO | Input: "Book flight ke Jeddah, lalu lanjut ke Madinah. Schedule terbaik kapan?"
2026-05-30 04:37:51,293 | text_processor | INFO | Manifest disimpan: 2367_audio7.json
2026-05-30 04:37:51,293 | text_processor | INFO | dominant=ID detected=['EN', 'ID'] segments=4
2026-05-30 04:38:39,653 | text_processor | INFO | Input: "Apa perbedaan umrah dan hajj secara detail dalam Islam?"
2026-05-30 04:38:39,654 | text_processor | INFO | Manifest disimpan: 2367_audio10.json
2026-05-30 04:38:39,654 | text_processor | INFO | dominant=ID detected=['ID'] segments=1
2026-05-30 04:39:24,810 | text_processor | INFO | Input: "Jelaskan step by step cara booking flight ke Jeddah secara online."
2026-05-30 04:39:24,810 | text_processor | INFO | Manifest disimpan: 2367_audio13.json
2026-05-30 04:39:24,810 | text_processor | INFO | dominant=ID detected=['ID', 'EN'] segments=6
2026-05-30 04:40:08,904 | text_processor | INFO | Input: "I feel overwhelmed dengan persiapan umrah. Ada tips sederhana?"
2026-05-30 04:40:08,904 | text_processor | INFO | Manifest disimpan: 2367_audio18.json
2026-05-30 04:40:08,904 | text_processor | INFO | dominant=EN detected=['EN', 'ID'] segments=3
2026-05-30 04:41:14,178 | text_processor | INFO | Input: "Kami ingin buka pesawat ke Jeddah minggu depan. Bisa membantu schedule."
2026-05-30 04:41:14,178 | text_processor | INFO | Manifest disimpan: 2369_audio1.json
2026-05-30 04:41:14,178 | text_processor | INFO | dominant=ID detected=['ID', 'EN'] segments=2
2026-05-30 04:41:53,293 | text_processor | INFO | Input: "Aku butuh travel umrah simple tapi include Madinah Visit."
2026-05-30 04:41:53,293 | text_processor | INFO | Manifest disimpan: 2369_audio2.json
2026-05-30 04:41:53,293 | text_processor | INFO | dominant=EN detected=['ID', 'EN'] segments=4
2026-05-30 04:42:58,741 | text_processor | INFO | Input: "Bolehkah anda membantu saya menyiapkan transport dari Jeddah ke Madinah esok?"
2026-05-30 04:42:58,742 | text_processor | INFO | Manifest disimpan: 2369_audio3.json
2026-05-30 04:42:58,742 | text_processor | INFO | dominant=ID detected=['ID', 'EN'] segments=3
2026-05-30 04:43:32,793 | text_processor | INFO | Input: "Explain step by step cara apply visa Saudi dengan benar."
2026-05-30 04:43:32,794 | text_processor | INFO | Manifest disimpan: 2369_audio4.json
2026-05-30 04:43:32,794 | text_processor | INFO | dominant=EN detected=['EN', 'ID'] segments=4
2026-05-30 04:44:42,783 | text_processor | INFO | Input: "Ya akhih, uridu book flight ila jeddah al-usbu al-qadim. Hal bisa bantu ajidah a"
2026-05-30 04:44:42,784 | text_processor | INFO | Manifest disimpan: 2369_audio5.json
2026-05-30 04:44:42,784 | text_processor | INFO | dominant=AR detected=['AR', 'EN', 'ID'] segments=4
2026-05-30 04:46:41,538 | text_processor | INFO | Input: "Uri du erens transport menjendah ilama dinah wadan."
2026-05-30 04:46:41,539 | text_processor | INFO | Manifest disimpan: 2369_audio6.json
2026-05-30 04:46:41,539 | text_processor | INFO | dominant=EN detected=['EN'] segments=1
2026-05-30 04:48:31,938 | text_processor | INFO | Input: "Book flight ke Jeddah, lalu lanjut ke Madinah. Skejul terbaik kapan?"
2026-05-30 04:48:31,938 | text_processor | INFO | Manifest disimpan: 2369_audio7.json
2026-05-30 04:48:31,938 | text_processor | INFO | dominant=ID detected=['EN', 'ID'] segments=2
2026-05-30 04:49:16,817 | text_processor | INFO | Input: ""Buridu" schedule trip "Min Jeddah" ilamakah "Bukrosabah""
2026-05-30 04:49:16,817 | text_processor | INFO | Manifest disimpan: 2369_audio8.json
2026-05-30 04:49:16,817 | text_processor | INFO | dominant=AR detected=['EN', 'AR'] segments=2
2026-05-30 04:50:52,879 | text_processor | INFO | Input: "Bagaimana proses via Saudi untuk umrah dari Indonesia sekarang?"
2026-05-30 04:50:52,879 | text_processor | INFO | Manifest disimpan: 2369_audio9.json
2026-05-30 04:50:52,879 | text_processor | INFO | dominant=ID detected=['ID'] segments=1
2026-05-30 04:51:37,890 | text_processor | INFO | Input: "Jelaskan step by step cara booking flight ke Jedah secara online."
2026-05-30 04:51:37,891 | text_processor | INFO | Manifest disimpan: 2369_audio10.json
2026-05-30 04:51:37,891 | text_processor | INFO | dominant=ID detected=['ID', 'EN'] segments=6
2026-05-30 04:52:19,257 | text_processor | INFO | Input: "Aku mau book flight ke Jedah minggu depan. Bisa bantu schedule?"
2026-05-30 04:52:19,258 | text_processor | INFO | Manifest disimpan: 2371_audio01.json
2026-05-30 04:52:19,258 | text_processor | INFO | dominant=ID detected=['ID', 'EN'] segments=4
2026-05-30 04:53:00,337 | text_processor | INFO | Input: "Aku butuh travel umrah simpel tapi include Madinah Visit."
2026-05-30 04:53:00,338 | text_processor | INFO | Manifest disimpan: 2371_audio02.json
2026-05-30 04:53:00,338 | text_processor | INFO | dominant=EN detected=['ID', 'EN'] segments=4
2026-05-30 04:54:04,649 | text_processor | INFO | Input: "Can you help aku arrange transport dari Jedah ke Madinah tomorrow?"
2026-05-30 04:54:04,650 | text_processor | INFO | Manifest disimpan: 2371_audio03.json
2026-05-30 04:54:04,650 | text_processor | INFO | dominant=EN detected=['EN', 'ID'] segments=5
2026-05-30 04:55:05,582 | text_processor | INFO | Input: "Explain step by step cara apply visa Saudi dengan benar."
2026-05-30 04:55:05,583 | text_processor | INFO | Manifest disimpan: 2371_audio04.json
2026-05-30 04:55:05,583 | text_processor | INFO | dominant=EN detected=['EN', 'ID'] segments=4
2026-05-30 04:56:13,752 | text_processor | INFO | Input: "Ya Aki, uridu book flight ila Jedah Al-Usbu Al-Qadim. Hal bisa bantu ajida afdal"
2026-05-30 04:56:13,752 | text_processor | INFO | Manifest disimpan: 2371_audio05.json
2026-05-30 04:56:13,752 | text_processor | INFO | dominant=AR detected=['AR', 'EN', 'ID'] segments=5
2026-05-30 04:58:17,038 | text_processor | INFO | Input: "Uridu Range Transport Menjedah Ila Madinah, Gadan"
2026-05-30 04:58:17,038 | text_processor | INFO | Manifest disimpan: 2371_audio06.json
2026-05-30 04:58:17,038 | text_processor | INFO | dominant=AR detected=['AR', 'EN'] segments=3
2026-05-30 05:00:03,523 | text_processor | INFO | Input: "Book flight ke Jeddah, lalu lanjut ke Madinah. Skejul terbaik kapan?"
2026-05-30 05:00:03,524 | text_processor | INFO | Manifest disimpan: 2371_audio07.json
2026-05-30 05:00:03,524 | text_processor | INFO | dominant=ID detected=['EN', 'ID'] segments=2
2026-05-30 05:00:59,785 | text_processor | INFO | Input: "Bagaimana proses visa Saudi untuk umrah dari Indonesia sekarang?"
2026-05-30 05:00:59,786 | text_processor | INFO | Manifest disimpan: 2371_audio12.json
2026-05-30 05:00:59,786 | text_processor | INFO | dominant=ID detected=['ID', 'EN'] segments=3
2026-05-30 05:01:37,766 | text_processor | INFO | Input: "Jelaskan step by step cara booking flight ke Jedah secara online."
2026-05-30 05:01:37,767 | text_processor | INFO | Manifest disimpan: 2371_audio13.json
2026-05-30 05:01:37,767 | text_processor | INFO | dominant=ID detected=['ID', 'EN'] segments=6
2026-05-30 05:02:15,340 | text_processor | INFO | Input: "Menurut kamu, belajar bahasa Arab itu susah gak untuk pemula."
2026-05-30 05:02:15,341 | text_processor | INFO | Manifest disimpan: 2371_audio17.json
2026-05-30 05:02:15,341 | text_processor | INFO | dominant=ID detected=['ID'] segments=1
2026-05-30 05:02:56,482 | text_processor | INFO | Input: "Aku mau book flight ke Jedah minggu depan, bisa bantu schedule."
2026-05-30 05:02:56,482 | text_processor | INFO | Manifest disimpan: 2372_audio01.json
2026-05-30 05:02:56,482 | text_processor | INFO | dominant=ID detected=['ID', 'EN'] segments=4
2026-05-30 05:03:30,139 | text_processor | INFO | Input: "Aku butuh travel umrah simpel tapi include Madina Visit."
2026-05-30 05:03:30,140 | text_processor | INFO | Manifest disimpan: 2372_audio02.json
2026-05-30 05:03:30,140 | text_processor | INFO | dominant=EN detected=['ID', 'EN'] segments=4
2026-05-30 05:04:42,643 | text_processor | INFO | Input: "Can you help aku arrange transport dari Jedah ke Madinah tomorrow?"
2026-05-30 05:04:42,644 | text_processor | INFO | Manifest disimpan: 2372_audio03.json
2026-05-30 05:04:42,644 | text_processor | INFO | dominant=EN detected=['EN', 'ID'] segments=5
2026-05-30 05:05:51,877 | text_processor | INFO | Input: "Explain step by step cara apply visa Saudi dengan benar."
2026-05-30 05:05:51,877 | text_processor | INFO | Manifest disimpan: 2372_audio04.json
2026-05-30 05:05:51,877 | text_processor | INFO | dominant=EN detected=['EN', 'ID'] segments=4
2026-05-30 05:07:00,379 | text_processor | INFO | Input: "Ya hihi, urido book fly ila jadah al-usbu al-qadim, hal bisa bantu ajidah afdal "
2026-05-30 05:07:00,379 | text_processor | INFO | Manifest disimpan: 2372_audio05.json
2026-05-30 05:07:00,379 | text_processor | INFO | dominant=AR detected=['AR', 'EN', 'ID'] segments=5
2026-05-30 05:08:15,538 | text_processor | INFO | Input: "URIDU ARANGE TRANSPORT MINJEDAH ILA MADINAH KODEN"
2026-05-30 05:08:15,539 | text_processor | INFO | Manifest disimpan: 2372_audio06.json
2026-05-30 05:08:15,539 | text_processor | INFO | dominant=AR detected=['AR', 'EN'] segments=3
2026-05-30 05:09:26,661 | text_processor | INFO | Input: "Apa perbedaan umrah dan haji secara detail dalam Islam?"
2026-05-30 05:09:26,662 | text_processor | INFO | Manifest disimpan: 2372_audio10.json
2026-05-30 05:09:26,662 | text_processor | INFO | dominant=ID detected=['ID'] segments=1
2026-05-30 05:10:09,178 | text_processor | INFO | Input: "Kenapa fasting di Ramadan itu wajib bagi muslim?"
2026-05-30 05:10:09,178 | text_processor | INFO | Manifest disimpan: 2372_audio11.json
2026-05-30 05:10:09,178 | text_processor | INFO | dominant=ID detected=['ID'] segments=1
2026-05-30 05:10:44,966 | text_processor | INFO | Input: "How to prepare dokumen umrah dari Indonesia dengan benar."
2026-05-30 05:10:44,966 | text_processor | INFO | Manifest disimpan: 2372_audio14.json
2026-05-30 05:10:44,966 | text_processor | INFO | dominant=EN detected=['EN', 'ID'] segments=2
2026-05-30 05:12:03,154 | text_processor | INFO | Input: "Tolong buat checklist persiapan omrah termasuk barang wajib di bawah."
2026-05-30 05:12:03,160 | text_processor | INFO | Manifest disimpan: 2372_audio15.json
2026-05-30 05:12:03,160 | text_processor | INFO | dominant=ID detected=['ID', 'EN'] segments=3
2026-05-30 05:12:47,200 | text_processor | INFO | Input: "Aku mau book flight ke Jeddah minggu depan. Bisa bantu schedule?"
2026-05-30 05:12:47,200 | text_processor | INFO | Manifest disimpan: 2374_audio01.json
2026-05-30 05:12:47,201 | text_processor | INFO | dominant=ID detected=['ID', 'EN'] segments=4
2026-05-30 05:13:24,231 | text_processor | INFO | Input: "Aku butuh travel umrah simpel tapi include Madinah Visit."
2026-05-30 05:13:24,232 | text_processor | INFO | Manifest disimpan: 2374_audio02.json
2026-05-30 05:13:24,232 | text_processor | INFO | dominant=EN detected=['ID', 'EN'] segments=4
2026-05-30 05:14:26,009 | text_processor | INFO | Input: "Can you help aku arrange transport dari Jeddah ke Madinah tomorrow?"
2026-05-30 05:14:26,010 | text_processor | INFO | Manifest disimpan: 2374_audio03.json
2026-05-30 05:14:26,010 | text_processor | INFO | dominant=EN detected=['EN', 'ID'] segments=5
2026-05-30 05:15:20,036 | text_processor | INFO | Input: "Explain step by step cara apply visa Saudi dengan benar."
2026-05-30 05:15:20,037 | text_processor | INFO | Manifest disimpan: 2374_audio04.json
2026-05-30 05:15:20,037 | text_processor | INFO | dominant=EN detected=['EN', 'ID'] segments=4
2026-05-30 05:16:38,945 | text_processor | INFO | Input: "Ya Akhi, kuridu buk flight ilajedah ul-usebu ul-qadim. Hal bisa bantu ajedah afd"
2026-05-30 05:16:38,951 | text_processor | INFO | Manifest disimpan: 2374_audio05.json
2026-05-30 05:16:38,951 | text_processor | INFO | dominant=ID detected=['AR', 'EN', 'ID'] segments=4
2026-05-30 05:17:39,476 | text_processor | INFO | Input: "Uridu urut transport menjadilah Madinah Wadan."
2026-05-30 05:17:39,476 | text_processor | INFO | Manifest disimpan: 2374_audio06.json
2026-05-30 05:17:39,476 | text_processor | INFO | dominant=EN detected=['AR', 'EN'] segments=2
2026-05-30 05:19:26,600 | text_processor | INFO | Input: "Kenapa fasting di Ramadan itu wajib bagi muslim?"
2026-05-30 05:19:26,601 | text_processor | INFO | Manifest disimpan: 2374_audio11.json
2026-05-30 05:19:26,601 | text_processor | INFO | dominant=ID detected=['ID'] segments=1
2026-05-30 05:20:07,165 | text_processor | INFO | Input: "Jelaskan step by step cara booking flight ke Jeddah secara online."
2026-05-30 05:20:07,166 | text_processor | INFO | Manifest disimpan: 2374_audio13.json
2026-05-30 05:20:07,166 | text_processor | INFO | dominant=ID detected=['ID', 'EN'] segments=6
2026-05-30 05:20:48,832 | text_processor | INFO | Input: "Tolong buat checklist persiapan umrah termasuk barang wajib di bawah."
2026-05-30 05:20:48,833 | text_processor | INFO | Manifest disimpan: 2374_audio15.json
2026-05-30 05:20:48,833 | text_processor | INFO | dominant=ID detected=['ID', 'EN'] segments=3
2026-05-30 05:21:34,109 | text_processor | INFO | Input: "Menurut kamu, belajar bahasa Arab itu susah enggak untuk pemula?"
2026-05-30 05:21:34,110 | text_processor | INFO | Manifest disimpan: 2374_audio17.json
2026-05-30 05:21:34,110 | text_processor | INFO | dominant=ID detected=['ID'] segments=1
2026-05-30 05:22:20,319 | text_processor | INFO | Input: "Aku mau book flight ke Jeddah. Minggu depan bisa bantu schedule."
2026-05-30 05:22:20,319 | text_processor | INFO | Manifest disimpan: 2375_audio01.json
2026-05-30 05:22:20,319 | text_processor | INFO | dominant=ID detected=['ID', 'EN'] segments=4
2026-05-30 05:22:55,873 | text_processor | INFO | Input: "Aku butuh travel umrah, simpel tapi include Madinah Visit."
2026-05-30 05:22:55,873 | text_processor | INFO | Manifest disimpan: 2375_audio02.json
2026-05-30 05:22:55,873 | text_processor | INFO | dominant=EN detected=['ID', 'EN'] segments=4
2026-05-30 05:24:01,039 | text_processor | INFO | Input: ""Can you help aku arrange transport dari Jedah ke Madinah tomorrow?""
2026-05-30 05:24:01,040 | text_processor | INFO | Manifest disimpan: 2375_audio03.json
2026-05-30 05:24:01,040 | text_processor | INFO | dominant=EN detected=['EN', 'ID'] segments=5
2026-05-30 05:25:07,204 | text_processor | INFO | Input: "Explain step by step cara apply visa Saudi dengan benar."
2026-05-30 05:25:07,205 | text_processor | INFO | Manifest disimpan: 2375_audio04.json
2026-05-30 05:25:07,205 | text_processor | INFO | dominant=EN detected=['EN', 'ID'] segments=4
2026-05-30 05:26:13,368 | text_processor | INFO | Input: "Ya Akhi, uridu buk flight ilajedah al-usbu al-qadim, hal bisa bantu ajidah afdol"
2026-05-30 05:26:13,369 | text_processor | INFO | Manifest disimpan: 2375_audio05.json
2026-05-30 05:26:13,369 | text_processor | INFO | dominant=AR detected=['AR', 'EN', 'ID'] segments=4
2026-05-30 05:28:11,370 | text_processor | INFO | Input: "Uridu Range Transport Min Jeddah Ila Madinah Hoddan"
2026-05-30 05:28:11,370 | text_processor | INFO | Manifest disimpan: 2375_audio06.json
2026-05-30 05:28:11,370 | text_processor | INFO | dominant=AR detected=['AR', 'EN'] segments=3
2026-05-30 05:29:25,432 | text_processor | INFO | Input: "Uri du schedule trip dari Jedah ke Makkah besok pagi."
2026-05-30 05:29:25,432 | text_processor | INFO | Manifest disimpan: 2375_audio08.json
2026-05-30 05:29:25,432 | text_processor | INFO | dominant=ID detected=['EN', 'ID'] segments=2
2026-05-30 05:30:13,105 | text_processor | INFO | Input: "Kenapa fasting di Ramadan itu wajib bagi muslim?"
2026-05-30 05:30:13,111 | text_processor | INFO | Manifest disimpan: 2375_audio11.json
2026-05-30 05:30:13,111 | text_processor | INFO | dominant=ID detected=['ID'] segments=1
2026-05-30 05:30:52,123 | text_processor | INFO | Input: "Tolong buat check please persiapan umrah termasuk barang wajib dibawah."
2026-05-30 05:30:52,123 | text_processor | INFO | Manifest disimpan: 2375_audio15.json
2026-05-30 05:30:52,123 | text_processor | INFO | dominant=ID detected=['ID', 'EN'] segments=3
2026-05-30 05:31:54,878 | text_processor | INFO | Input: "I feel overwhelmed dengan persiapan umrah. Ada tip sederhana?"
2026-05-30 05:31:54,878 | text_processor | INFO | Manifest disimpan: 2375_audio18.json
2026-05-30 05:31:54,878 | text_processor | INFO | dominant=ID detected=['EN', 'ID'] segments=2
2026-05-30 05:32:39,397 | text_processor | INFO | Input: "Aku mau bok fly ke Jedah minggu depan. Bisa bantu schedule?"
2026-05-30 05:32:39,397 | text_processor | INFO | Manifest disimpan: 2379_audio01.json
2026-05-30 05:32:39,397 | text_processor | INFO | dominant=ID detected=['ID', 'EN'] segments=2
2026-05-30 05:33:24,108 | text_processor | INFO | Input: "Aku butuh travel umrah simpel tapi ingkut Madinah Visib."
2026-05-30 05:33:24,108 | text_processor | INFO | Manifest disimpan: 2379_audio02.json
2026-05-30 05:33:24,108 | text_processor | INFO | dominant=ID detected=['ID', 'EN'] segments=3
2026-05-30 05:34:04,947 | text_processor | INFO | Input: "Bolehkah anda tolong saya aturkan transport dari Jeddah ke Madinah esok?"
2026-05-30 05:34:04,948 | text_processor | INFO | Manifest disimpan: 2379_audio03.json
2026-05-30 05:34:04,948 | text_processor | INFO | dominant=ID detected=['ID', 'EN'] segments=3
2026-05-30 05:34:54,240 | text_processor | INFO | Input: "Ya ahli uridu bukflai ilajedah al-usbu al-qadim, hal bisa bantu ajidah afdal ske"
2026-05-30 05:34:54,241 | text_processor | INFO | Manifest disimpan: 2379_audio05.json
2026-05-30 05:34:54,241 | text_processor | INFO | dominant=AR detected=['AR', 'ID'] segments=3
2026-05-30 05:35:41,763 | text_processor | INFO | Input: "Uri hidu a range transport menjadah ila Madinah Gadan."
2026-05-30 05:35:41,764 | text_processor | INFO | Manifest disimpan: 2379_audio06.json
2026-05-30 05:35:41,764 | text_processor | INFO | dominant=EN detected=['EN', 'AR'] segments=2
2026-05-30 05:36:49,680 | text_processor | INFO | Input: "Book flight ke Jeddah lalu lanjut ke Madinah, schedule terbaik kapan?"
2026-05-30 05:36:49,681 | text_processor | INFO | Manifest disimpan: 2379_audio07.json
2026-05-30 05:36:49,681 | text_processor | INFO | dominant=ID detected=['EN', 'ID'] segments=4
2026-05-30 05:37:45,447 | text_processor | INFO | Input: "Bagaimana proses visa Saudi untuk umrah dari Indonesia sekarang?"
2026-05-30 05:37:45,447 | text_processor | INFO | Manifest disimpan: 2379_audio12.json
2026-05-30 05:37:45,447 | text_processor | INFO | dominant=ID detected=['ID', 'EN'] segments=3
2026-05-30 05:38:35,631 | text_processor | INFO | Input: "I feel overwhelmed dengan persiapan umrah. Ada tips sederhana?"
2026-05-30 05:38:35,632 | text_processor | INFO | Manifest disimpan: 2379_audio18.json
2026-05-30 05:38:35,632 | text_processor | INFO | dominant=EN detected=['EN', 'ID'] segments=3
2026-05-30 05:39:45,579 | text_processor | INFO | Input: "Explain step by step cara apply visa Saudi dengan benar."
2026-05-30 05:39:45,579 | text_processor | INFO | Manifest disimpan: 2479_audio04.json
2026-05-30 05:39:45,579 | text_processor | INFO | dominant=EN detected=['EN', 'ID'] segments=4
2026-05-30 05:40:58,602 | text_processor | INFO | Input: "Tolong buat ceklis persiapan umrah termasuk barang wajib di bawah."
2026-05-30 05:40:58,602 | text_processor | INFO | Manifest disimpan: 2479_audio15.json
2026-05-30 05:40:58,602 | text_processor | INFO | dominant=ID detected=['ID'] segments=1
2026-05-30 05:41:48,802 | text_processor | INFO | Input: "Aku mau book flight ke Jedah minggu depan, bisa bantu schedule?"
2026-05-30 05:41:48,802 | text_processor | INFO | Manifest disimpan: upload_1779961620.json
2026-05-30 05:41:48,802 | text_processor | INFO | dominant=ID detected=['ID', 'EN'] segments=4
2026-05-30 05:42:36,260 | text_processor | INFO | Input: "Aku mau book flight ke Jedah minggu depan, bisa bantu schedule?"
2026-05-30 05:42:36,261 | text_processor | INFO | Manifest disimpan: upload_1779961786.json
2026-05-30 05:42:36,261 | text_processor | INFO | dominant=ID detected=['ID', 'EN'] segments=4
2026-05-30 05:43:17,973 | text_processor | INFO | Input: "Aku mau book flight ke Jedah minggu depan, bisa bantu schedule?"
2026-05-30 05:43:17,973 | text_processor | INFO | Manifest disimpan: upload_1779961787.json
2026-05-30 05:43:17,973 | text_processor | INFO | dominant=ID detected=['ID', 'EN'] segments=4
2026-05-30 05:44:02,855 | text_processor | INFO | Input: "Aku mau book flight ke Jedah minggu depan, bisa bantu schedule?"
2026-05-30 05:44:02,856 | text_processor | INFO | Manifest disimpan: upload_1779962058.json
2026-05-30 05:44:02,856 | text_processor | INFO | dominant=ID detected=['ID', 'EN'] segments=4
2026-05-30 05:44:41,637 | text_processor | INFO | Input: "Aku mau book flight ke Jedah minggu depan, bisa bantu schedule?"
2026-05-30 05:44:41,638 | text_processor | INFO | Manifest disimpan: upload_1779962081.json
2026-05-30 05:44:41,638 | text_processor | INFO | dominant=ID detected=['ID', 'EN'] segments=4
2026-05-30 05:45:17,656 | text_processor | INFO | Input: "Aku mau book flight ke Jedah minggu depan, bisa bantu schedule?"
2026-05-30 05:45:17,657 | text_processor | INFO | Manifest disimpan: upload_1779962140.json
2026-05-30 05:45:17,657 | text_processor | INFO | dominant=ID detected=['ID', 'EN'] segments=4
2026-05-30 05:45:58,830 | text_processor | INFO | Input: "Aku mau book flight ke Jedah minggu depan, bisa bantu schedule?"
2026-05-30 05:45:58,831 | text_processor | INFO | Manifest disimpan: upload_1779962141.json
2026-05-30 05:45:58,831 | text_processor | INFO | dominant=ID detected=['ID', 'EN'] segments=4
2026-05-30 05:46:40,050 | text_processor | INFO | Input: "Aku mau book flight ke Jedah minggu depan, bisa bantu schedule?"
2026-05-30 05:46:40,050 | text_processor | INFO | Manifest disimpan: upload_1779962197.json
2026-05-30 05:46:40,050 | text_processor | INFO | dominant=ID detected=['ID', 'EN'] segments=4
2026-05-30 05:47:21,128 | text_processor | INFO | Input: "Aku mau book flight ke Jedah minggu depan, bisa bantu schedule?"
2026-05-30 05:47:21,129 | text_processor | INFO | Manifest disimpan: upload_1779962263.json
2026-05-30 05:47:21,129 | text_processor | INFO | dominant=ID detected=['ID', 'EN'] segments=4
2026-05-30 05:48:02,748 | text_processor | INFO | Input: "Aku mau book flight ke Jedah minggu depan, bisa bantu schedule?"
2026-05-30 05:48:02,749 | text_processor | INFO | Manifest disimpan: upload_1779962350.json
2026-05-30 05:48:02,749 | text_processor | INFO | dominant=ID detected=['ID', 'EN'] segments=4
2026-05-30 05:48:49,797 | text_processor | INFO | Input: "Aku mau book flight ke Jedah minggu depan, bisa bantu schedule?"
2026-05-30 05:48:49,797 | text_processor | INFO | Manifest disimpan: upload_1779966307.json
2026-05-30 05:48:49,797 | text_processor | INFO | dominant=ID detected=['ID', 'EN'] segments=4
2026-05-30 05:49:26,812 | text_processor | INFO | Input: "Aku mau book flight ke Jedah minggu depan, bisa bantu schedule?"
2026-05-30 05:49:26,813 | text_processor | INFO | Manifest disimpan: upload_1779975604.json
2026-05-30 05:49:26,813 | text_processor | INFO | dominant=ID detected=['ID', 'EN'] segments=4
2026-05-30 05:50:12,762 | text_processor | INFO | Input: "Aku mau book flight ke Jedah minggu depan, bisa bantu schedule?"
2026-05-30 05:50:12,763 | text_processor | INFO | Manifest disimpan: upload_1779975969.json
2026-05-30 05:50:12,763 | text_processor | INFO | dominant=ID detected=['ID', 'EN'] segments=4
2026-05-30 05:51:00,691 | text_processor | INFO | Input: "Aku mau book flight ke Jedah minggu depan, bisa bantu schedule?"
2026-05-30 05:51:00,692 | text_processor | INFO | Manifest disimpan: upload_1779983692.json
2026-05-30 05:51:00,692 | text_processor | INFO | dominant=ID detected=['ID', 'EN'] segments=4
2026-05-30 05:51:45,860 | text_processor | INFO | Input: "Aku mau book flight ke Jedah minggu depan, bisa bantu schedule?"
2026-05-30 05:51:45,861 | text_processor | INFO | Manifest disimpan: upload_1779983703.json
2026-05-30 05:51:45,861 | text_processor | INFO | dominant=ID detected=['ID', 'EN'] segments=4
2026-05-30 05:52:20,231 | text_processor | INFO | Input: "Aku mau book flight ke Jedah minggu depan, bisa bantu schedule?"
2026-05-30 05:52:20,237 | text_processor | INFO | Manifest disimpan: upload_1779983913.json
2026-05-30 05:52:20,237 | text_processor | INFO | dominant=ID detected=['ID', 'EN'] segments=4
2026-05-30 05:53:01,924 | text_processor | INFO | Input: "Aku mau book flight ke Jedah minggu depan, bisa bantu schedule?"
2026-05-30 05:53:01,925 | text_processor | INFO | Manifest disimpan: upload_1779987478.json
2026-05-30 05:53:01,925 | text_processor | INFO | dominant=ID detected=['ID', 'EN'] segments=4
2026-05-30 05:53:47,721 | text_processor | INFO | Input: "Aku mau book flight ke Jedah minggu depan, bisa bantu schedule?"
2026-05-30 05:53:47,727 | text_processor | INFO | Manifest disimpan: upload_1780038627.json
2026-05-30 05:53:47,727 | text_processor | INFO | dominant=ID detected=['ID', 'EN'] segments=4
2026-05-30 05:54:37,929 | text_processor | INFO | Input: "Aku mau book flight ke Jedah minggu depan, bisa bantu schedule?"
2026-05-30 05:54:37,930 | text_processor | INFO | Manifest disimpan: upload_1780038824.json
2026-05-30 05:54:37,930 | text_processor | INFO | dominant=ID detected=['ID', 'EN'] segments=4
2026-05-30 05:55:13,516 | text_processor | INFO | Input: "Aku mau book flight ke Jedah minggu depan, bisa bantu schedule?"
2026-05-30 05:55:13,517 | text_processor | INFO | Manifest disimpan: upload_1780039002.json
2026-05-30 05:55:13,517 | text_processor | INFO | dominant=ID detected=['ID', 'EN'] segments=4
2026-05-30 05:55:49,097 | text_processor | INFO | Input: "Aku mau book flight ke Jedah minggu depan, bisa bantu schedule?"
2026-05-30 05:55:49,097 | text_processor | INFO | Manifest disimpan: upload_1780039117.json
2026-05-30 05:55:49,097 | text_processor | INFO | dominant=ID detected=['ID', 'EN'] segments=4
2026-05-30 05:56:31,693 | text_processor | INFO | Input: "Aku mau book flight ke Jedah minggu depan, bisa bantu schedule?"
2026-05-30 05:56:31,694 | text_processor | INFO | Manifest disimpan: upload_1780047552.json
2026-05-30 05:56:31,694 | text_processor | INFO | dominant=ID detected=['ID', 'EN'] segments=4
2026-05-30 05:57:08,922 | text_processor | INFO | Input: "Aku mau book flight ke Jedah minggu depan, bisa bantu schedule?"
2026-05-30 05:57:08,923 | text_processor | INFO | Manifest disimpan: upload_1780047758.json
2026-05-30 05:57:08,923 | text_processor | INFO | dominant=ID detected=['ID', 'EN'] segments=4
2026-05-30 05:57:50,147 | text_processor | INFO | Input: "Aku mau book flight ke Jedah minggu depan, bisa bantu schedule?"
2026-05-30 05:57:50,148 | text_processor | INFO | Manifest disimpan: upload_1780047839.json
2026-05-30 05:57:50,148 | text_processor | INFO | dominant=ID detected=['ID', 'EN'] segments=4
2026-05-30 05:58:35,626 | text_processor | INFO | Input: "Aku butuh travel umrah simple tapi include marina visit."
2026-05-30 05:58:35,627 | text_processor | INFO | Manifest disimpan: upload_1780049374.json
2026-05-30 05:58:35,627 | text_processor | INFO | dominant=EN detected=['ID', 'EN'] segments=4
2026-05-30 12:20:10,375 | text_processor | INFO | Input: "Ya Aki, uridu bukflik ilajedda al-usmu al-qadim? Hal bisa bantu ajidah afdal ske"
2026-05-30 12:20:10,376 | text_processor | INFO | Manifest disimpan: 2128_audio1.json
2026-05-30 12:20:10,376 | text_processor | INFO | dominant=ID detected=['AR', 'ID'] segments=2
2026-05-30 12:24:44,137 | text_processor | INFO | Input: "Uridu Orange Transport Menjeda Ilamadidagadan"
2026-05-30 12:24:44,137 | text_processor | INFO | Manifest disimpan: 2128_audio2.json
2026-05-30 12:24:44,137 | text_processor | INFO | dominant=EN detected=['AR', 'EN'] segments=2
2026-05-30 12:25:05,822 | text_processor | INFO | Input: "Can you help aku arrange transport dari Jeddah ke Madinah tomorrow?"
2026-05-30 12:25:05,823 | text_processor | INFO | Manifest disimpan: 2128_audio3.json
2026-05-30 12:25:05,823 | text_processor | INFO | dominant=EN detected=['EN', 'ID'] segments=5
2026-05-30 12:25:28,032 | text_processor | INFO | Input: "Explain step by step cara apply visa Saudi dengan benar."
2026-05-30 12:25:28,033 | text_processor | INFO | Manifest disimpan: 2128_audio4.json
2026-05-30 12:25:28,033 | text_processor | INFO | dominant=EN detected=['EN', 'ID'] segments=4
2026-05-30 12:30:13,003 | text_processor | INFO | Input: "Uridu Orange Transport Menjeda Ilamadidagadan"
2026-05-30 12:30:13,004 | text_processor | INFO | Manifest disimpan: 2128_audio2.json
2026-05-30 12:30:13,004 | text_processor | INFO | dominant=EN detected=['AR', 'EN'] segments=2
2026-05-30 12:32:30,917 | text_processor | INFO | Input: "Can you help aku arrange transport dari Jeddah ke Madinah tomorrow?"
2026-05-30 12:32:30,919 | text_processor | INFO | Manifest disimpan: 2128_audio3.json
2026-05-30 12:32:30,919 | text_processor | INFO | dominant=EN detected=['EN', 'ID'] segments=5
2026-05-30 12:33:56,672 | text_processor | INFO | Input: "Explain step by step cara apply visa Saudi dengan benar."
2026-05-30 12:33:56,673 | text_processor | INFO | Manifest disimpan: 2128_audio4.json
2026-05-30 12:33:56,673 | text_processor | INFO | dominant=EN detected=['EN', 'ID'] segments=4
2026-05-30 12:35:33,693 | text_processor | INFO | Input: "Aku mau book flight ke Jeddah minggu depan. Bisa bantu schedule?"
2026-05-30 12:35:33,695 | text_processor | INFO | Manifest disimpan: 2128_audio5.json
2026-05-30 12:35:33,695 | text_processor | INFO | dominant=ID detected=['ID', 'EN'] segments=4
2026-05-30 12:36:26,595 | text_processor | INFO | Input: "Aku butuh travel umrah simple tapi include body deficit."
2026-05-30 12:36:26,596 | text_processor | INFO | Manifest disimpan: 2128_audio6.json
2026-05-30 12:36:26,596 | text_processor | INFO | dominant=EN detected=['ID', 'EN'] segments=4
2026-05-30 12:38:59,283 | text_processor | INFO | Input: "How to prepare dokumen umrah dari Indonesia dengan benar."
2026-05-30 12:38:59,284 | text_processor | INFO | Manifest disimpan: 2128_audio7.json
2026-05-30 12:38:59,284 | text_processor | INFO | dominant=EN detected=['EN', 'ID'] segments=2
2026-05-30 12:40:17,513 | text_processor | INFO | Input: "Bagaimana proses pisah Saudi untuk umrah dari Indonesia sekarang?"
2026-05-30 12:40:17,513 | text_processor | INFO | Manifest disimpan: 2128_audio8.json
2026-05-30 12:40:17,513 | text_processor | INFO | dominant=ID detected=['ID'] segments=1
2026-05-30 12:41:15,983 | text_processor | INFO | Input: "Gate aku cara pilih hotel di Mekah dekat Haram dengan budget terbatas."
2026-05-30 12:41:15,999 | text_processor | INFO | Manifest disimpan: 2128_audio9.json
2026-05-30 12:41:15,999 | text_processor | INFO | dominant=ID detected=['ID', 'EN'] segments=5
2026-05-30 12:42:11,719 | text_processor | INFO | Input: "Jelaskan step by step cara booking flight ke Jeddah secara online."
2026-05-30 12:42:11,725 | text_processor | INFO | Manifest disimpan: 2128_audio10.json
2026-05-30 12:42:11,725 | text_processor | INFO | dominant=ID detected=['ID', 'EN'] segments=6
2026-05-30 12:43:03,080 | text_processor | INFO | Input: "Aku mau book flight ke Jedah minggu depan. Bisa bantu schedule."
2026-05-30 12:43:03,086 | text_processor | INFO | Manifest disimpan: 2305_audio01.json
2026-05-30 12:43:03,086 | text_processor | INFO | dominant=ID detected=['ID', 'EN'] segments=4
2026-05-30 12:44:03,814 | text_processor | INFO | Input: "Aku butuh travel umrah simpel tapi include mandina visit."
2026-05-30 12:44:03,815 | text_processor | INFO | Manifest disimpan: 2305_audio02.json
2026-05-30 12:44:03,815 | text_processor | INFO | dominant=EN detected=['ID', 'EN'] segments=4
2026-05-30 12:45:24,638 | text_processor | INFO | Input: "Can you help aku arrange transport dari Jedah ke Madinah tomorrow?"
2026-05-30 12:45:24,640 | text_processor | INFO | Manifest disimpan: 2305_audio03.json
2026-05-30 12:45:24,640 | text_processor | INFO | dominant=EN detected=['EN', 'ID'] segments=5
2026-05-30 12:46:52,877 | text_processor | INFO | Input: "Explain step by step cara apply visa Saudi dengan benar."
2026-05-30 12:46:52,879 | text_processor | INFO | Manifest disimpan: 2305_audio04.json
2026-05-30 12:46:52,879 | text_processor | INFO | dominant=EN detected=['EN', 'ID'] segments=4
2026-05-30 12:48:17,196 | text_processor | INFO | Input: "Ya ahi, uridu bukflit ilajeddah al-usbu' al-qadim. Hal bisa bantu ajidah afdal s"
2026-05-30 12:48:17,197 | text_processor | INFO | Manifest disimpan: 2305_audio05.json
2026-05-30 12:48:17,197 | text_processor | INFO | dominant=AR detected=['AR', 'ID'] segments=3
2026-05-30 12:49:31,816 | text_processor | INFO | Input: "Uridu Range Transport Menjeddah Ila Madinah Wadan"
2026-05-30 12:49:31,816 | text_processor | INFO | Manifest disimpan: 2305_audio06.json
2026-05-30 12:49:31,816 | text_processor | INFO | dominant=AR detected=['AR', 'EN'] segments=3
2026-05-30 12:50:57,780 | text_processor | INFO | Input: "Kenapa fasting di Ramadan itu wajib bagi muslim?"
2026-05-30 12:50:57,781 | text_processor | INFO | Manifest disimpan: 2305_audio11.json
2026-05-30 12:50:57,781 | text_processor | INFO | dominant=ID detected=['ID'] segments=1
2026-05-30 12:51:38,515 | text_processor | INFO | Input: "Bagaimana proses visa Saudi untuk umrah dari Indonesia sekarang?"
2026-05-30 12:51:38,515 | text_processor | INFO | Manifest disimpan: 2305_audio12.json
2026-05-30 12:51:38,515 | text_processor | INFO | dominant=ID detected=['ID', 'EN'] segments=3
2026-05-30 12:52:26,256 | text_processor | INFO | Input: "How to prepare dokumen umrah dari Indonesia dengan benar."
2026-05-30 12:52:26,256 | text_processor | INFO | Manifest disimpan: 2305_audio14.json
2026-05-30 12:52:26,256 | text_processor | INFO | dominant=EN detected=['EN', 'ID'] segments=2
2026-05-30 12:53:37,569 | text_processor | INFO | Input: "I feel overwhelmed dengan persiapan umrah. Ada tip sederhana."
2026-05-30 12:53:37,569 | text_processor | INFO | Manifest disimpan: 2305_audio18.json
2026-05-30 12:53:37,569 | text_processor | INFO | dominant=ID detected=['EN', 'ID'] segments=2
2026-05-30 12:54:27,929 | text_processor | INFO | Input: "Aku mau book flight ke Jedah minggu depan. Bisa bantu schedule?"
2026-05-30 12:54:27,929 | text_processor | INFO | Manifest disimpan: 2313_audio01.json
2026-05-30 12:54:27,929 | text_processor | INFO | dominant=ID detected=['ID', 'EN'] segments=4
2026-05-30 12:55:17,399 | text_processor | INFO | Input: "Aku butuh travel umrah simpel, tapi include madinah visit."
2026-05-30 12:55:17,400 | text_processor | INFO | Manifest disimpan: 2313_audio02.json
2026-05-30 12:55:17,400 | text_processor | INFO | dominant=EN detected=['ID', 'EN'] segments=4
2026-05-30 12:57:05,385 | text_processor | INFO | Input: "Can you help aku range transport dari Jedah ke Madinah tomorrow?"
2026-05-30 12:57:05,385 | text_processor | INFO | Manifest disimpan: 2313_audio03.json
2026-05-30 12:57:05,386 | text_processor | INFO | dominant=ID detected=['EN', 'ID'] segments=5
2026-05-30 13:02:32,215 | text_processor | INFO | Input: "Can you help aku range transport dari Jedah ke Madinah tomorrow?"
2026-05-30 13:02:32,216 | text_processor | INFO | Manifest disimpan: 2313_audio03.json
2026-05-30 13:02:32,216 | text_processor | INFO | dominant=ID detected=['ID', 'AR'] segments=3
2026-05-30 13:03:41,417 | text_processor | INFO | Input: "Explain step by step cara apply visa Saudi dengan benar."
2026-05-30 13:03:41,417 | text_processor | INFO | Manifest disimpan: 2313_audio04.json
2026-05-30 13:03:41,417 | text_processor | INFO | dominant=ID detected=['ID', 'EN', 'AR'] segments=4
2026-05-30 13:04:47,601 | text_processor | INFO | Input: "Saya ingin berpikir tentang jadwal yang berakhir. Saya ingin membantu dengan jad"
2026-05-30 13:04:47,602 | text_processor | INFO | Manifest disimpan: 2313_audio05.json
2026-05-30 13:04:47,602 | text_processor | INFO | dominant=ID detected=['ID'] segments=1
2026-05-30 13:05:39,524 | text_processor | INFO | Input: "URIDU REJ TRANSPORT MINJAD DAHILA MADINAH GADDAN"
2026-05-30 13:05:39,524 | text_processor | INFO | Manifest disimpan: 2313_audio06.json
2026-05-30 13:05:39,524 | text_processor | INFO | dominant=ID detected=['ID', 'AR'] segments=2
2026-05-30 13:06:37,449 | text_processor | INFO | Input: "Book flight ke Jeddah lalu lanjut ke Madinah. Skejul terbaik kapan?"
2026-05-30 13:06:37,456 | text_processor | INFO | Manifest disimpan: 2313_audio07.json
2026-05-30 13:06:37,456 | text_processor | INFO | dominant=ID detected=['ID', 'AR'] segments=5
2026-05-30 13:07:31,142 | text_processor | INFO | Input: "Bagaimana proses visa Saudi untuk umrah dari Indonesia sekarang?"
2026-05-30 13:07:31,143 | text_processor | INFO | Manifest disimpan: 2313_audio12.json
2026-05-30 13:07:31,143 | text_processor | INFO | dominant=ID detected=['ID', 'EN', 'AR'] segments=6
2026-05-30 13:08:24,174 | text_processor | INFO | Input: "Jelaskan step by step cara booking flight ke Jedah secara online"
2026-05-30 13:08:24,175 | text_processor | INFO | Manifest disimpan: 2313_audio13.json
2026-05-30 13:08:24,175 | text_processor | INFO | dominant=ID detected=['ID'] segments=1
2026-05-30 13:09:15,972 | text_processor | INFO | Input: "How to prefer dokumen umrah dari Indonesia dengan benar?"
2026-05-30 13:09:15,973 | text_processor | INFO | Manifest disimpan: 2313_audio14.json
2026-05-30 13:09:15,973 | text_processor | INFO | dominant=ID detected=['ID', 'EN', 'AR'] segments=4
2026-05-30 13:10:09,467 | text_processor | INFO | Input: "Aku mau book flight ke Jedah minggu depan. Bisa bantu schedule?"
2026-05-30 13:10:09,468 | text_processor | INFO | Manifest disimpan: 2332_audio01.json
2026-05-30 13:10:09,468 | text_processor | INFO | dominant=ID detected=['ID'] segments=1
2026-05-30 13:11:03,091 | text_processor | INFO | Input: "Aku butuh travel umrah simple tapi include Madinah Visit."
2026-05-30 13:11:03,092 | text_processor | INFO | Manifest disimpan: 2332_audio02.json
2026-05-30 13:11:03,092 | text_processor | INFO | dominant=ID detected=['ID', 'AR'] segments=4
2026-05-30 13:11:53,005 | text_processor | INFO | Input: "Can you help aku arrange transport dari Jedah ke Madinah tomorrow?"
2026-05-30 13:11:53,005 | text_processor | INFO | Manifest disimpan: 2332_audio03.json
2026-05-30 13:11:53,006 | text_processor | INFO | dominant=ID detected=['ID', 'AR'] segments=3
2026-05-30 13:12:47,472 | text_processor | INFO | Input: "Explain step by step cara apply visa Saudi dengan benar."
2026-05-30 13:12:47,472 | text_processor | INFO | Manifest disimpan: 2332_audio04.json
2026-05-30 13:12:47,472 | text_processor | INFO | dominant=ID detected=['ID', 'EN', 'AR'] segments=4
2026-05-30 13:14:32,698 | text_processor | INFO | Input: "Ya akhi, uridu book flight ila jadah al-usbu an kadim, hal bisa bantu ajda afdal"
2026-05-30 13:14:32,699 | text_processor | INFO | Manifest disimpan: 2332_audio05.json
2026-05-30 13:14:32,699 | text_processor | INFO | dominant=ID detected=['ID'] segments=1
2026-05-30 13:15:51,331 | text_processor | INFO | Input: "Uridu arrange transport min Jeddah ila Madinah Gadan."
2026-05-30 13:15:51,332 | text_processor | INFO | Manifest disimpan: 2332_audio06.json
2026-05-30 13:15:51,332 | text_processor | INFO | dominant=ID detected=['ID', 'AR'] segments=4
2026-05-30 13:16:44,254 | text_processor | INFO | Input: "Book flight ke Jedah lalu lanjut ke Madinah, schedule terbaik kapan."
2026-05-30 13:16:44,255 | text_processor | INFO | Manifest disimpan: 2332_audio07.json
2026-05-30 13:16:44,255 | text_processor | INFO | dominant=ID detected=['ID', 'AR'] segments=3
2026-05-30 13:17:42,286 | text_processor | INFO | Input: "Jelaskan step by step cara booking flight ke Jedah secara online."
2026-05-30 13:17:42,286 | text_processor | INFO | Manifest disimpan: 2332_audio13.json
2026-05-30 13:17:42,287 | text_processor | INFO | dominant=ID detected=['ID'] segments=1
2026-05-30 13:18:32,318 | text_processor | INFO | Input: "Guide aku cara pilih hotel di Makkah dekat haram dengan budget terbatas."
2026-05-30 13:18:32,319 | text_processor | INFO | Manifest disimpan: 2332_audio16.json
2026-05-30 13:18:32,319 | text_processor | INFO | dominant=ID detected=['ID', 'EN', 'AR'] segments=6
2026-05-30 13:19:17,441 | text_processor | INFO | Input: "I feel overwhelmed dengan persiapan umrah. Ada tips sederhana?"
2026-05-30 13:19:17,442 | text_processor | INFO | Manifest disimpan: 2332_audio18.json
2026-05-30 13:19:17,442 | text_processor | INFO | dominant=ID detected=['ID', 'AR'] segments=3
2026-05-30 13:20:04,825 | text_processor | INFO | Input: "Aku mau book flight ke Jeddah minggu depan. Bisa bantu schedule?"
2026-05-30 13:20:04,826 | text_processor | INFO | Manifest disimpan: 2333_audio01.json
2026-05-30 13:20:04,826 | text_processor | INFO | dominant=ID detected=['ID', 'AR'] segments=3
2026-05-30 13:21:00,009 | text_processor | INFO | Input: "Aku Butuh Travel Umrah Simple Tapi Input Madinah Visit"
2026-05-30 13:21:00,009 | text_processor | INFO | Manifest disimpan: 2333_audio02.json
2026-05-30 13:21:00,009 | text_processor | INFO | dominant=ID detected=['ID', 'AR'] segments=4
2026-05-30 13:21:52,518 | text_processor | INFO | Input: "Can you help aku arrange transport dari Jedah ke Madinah tomorrow?"
2026-05-30 13:21:52,519 | text_processor | INFO | Manifest disimpan: 2333_audio03.json
2026-05-30 13:21:52,519 | text_processor | INFO | dominant=ID detected=['ID', 'AR'] segments=3
2026-05-30 13:22:51,698 | text_processor | INFO | Input: "jelaskan langkah demi langkah cara memainkan Visa Saudi dengan benar"
2026-05-30 13:22:51,698 | text_processor | INFO | Manifest disimpan: 2333_audio04.json
2026-05-30 13:22:51,698 | text_processor | INFO | dominant=ID detected=['ID', 'EN', 'AR'] segments=4
2026-05-30 13:23:54,465 | text_processor | INFO | Input: "Ya, kakak. Saya ingin buka flight ke Jeddah pada ujian yang terakhir. Bolehkah s"
2026-05-30 13:23:54,466 | text_processor | INFO | Manifest disimpan: 2333_audio05.json
2026-05-30 13:23:54,466 | text_processor | INFO | dominant=ID detected=['ID', 'AR'] segments=3
2026-05-30 13:24:45,103 | text_processor | INFO | Input: "Orido Arrange Transport Menjedah Ila Madinah Wardan"
2026-05-30 13:24:45,104 | text_processor | INFO | Manifest disimpan: 2333_audio06.json
2026-05-30 13:24:45,104 | text_processor | INFO | dominant=ID detected=['ID', 'AR'] segments=2
2026-05-30 13:25:37,873 | text_processor | INFO | Input: "Bug fly ke Jeddah lalu lanjut ke Madinah, schedule terbaik kapan"
2026-05-30 13:25:37,874 | text_processor | INFO | Manifest disimpan: 2333_audio07.json
2026-05-30 13:25:37,874 | text_processor | INFO | dominant=ID detected=['ID', 'AR'] segments=5
2026-05-30 13:26:35,762 | text_processor | INFO | Input: "Mungkin buk transport min makah ila Madinah untuk besok."
2026-05-30 13:26:35,763 | text_processor | INFO | Manifest disimpan: 2333_audio09.json
2026-05-30 13:26:35,764 | text_processor | INFO | dominant=ID detected=['ID', 'AR'] segments=3
2026-05-30 13:27:24,455 | text_processor | INFO | Input: "guide aku cara pilih hotel di Mekah dekat Haram dengan budget terbatas"
2026-05-30 13:27:24,456 | text_processor | INFO | Manifest disimpan: 2333_audio16.json
2026-05-30 13:27:24,456 | text_processor | INFO | dominant=ID detected=['ID', 'EN', 'AR'] segments=5
2026-05-30 13:28:17,977 | text_processor | INFO | Input: "Menurut kamu belajar bahasa Arab itu susah enggak untuk pemula?"
2026-05-30 13:28:17,978 | text_processor | INFO | Manifest disimpan: 2333_audio17.json
2026-05-30 13:28:17,978 | text_processor | INFO | dominant=ID detected=['ID'] segments=1
2026-05-30 13:29:13,317 | text_processor | INFO | Input: "Aku mau book flag ke Jeddah minggu depan. Bisa bantu schedule?"
2026-05-30 13:29:13,318 | text_processor | INFO | Manifest disimpan: 2335_audio01.json
2026-05-30 13:29:13,318 | text_processor | INFO | dominant=ID detected=['ID', 'AR'] segments=3
2026-05-30 13:30:09,938 | text_processor | INFO | Input: "Aku butuh travel umrah simple tapi include Madinah Visit."
2026-05-30 13:30:09,938 | text_processor | INFO | Manifest disimpan: 2335_audio02.json
2026-05-30 13:30:09,938 | text_processor | INFO | dominant=ID detected=['ID', 'AR'] segments=4
2026-05-30 13:30:57,686 | text_processor | INFO | Input: "Can you help aku arrange transport dari Jeddah ke Madinah tomorrow?"
2026-05-30 13:30:57,686 | text_processor | INFO | Manifest disimpan: 2335_audio03.json
2026-05-30 13:30:57,686 | text_processor | INFO | dominant=ID detected=['ID', 'AR'] segments=5
2026-05-30 13:31:47,891 | text_processor | INFO | Input: "It's blind step by step cara apply visa Saudi dengan benar."
2026-05-30 13:31:47,891 | text_processor | INFO | Manifest disimpan: 2335_audio04.json
2026-05-30 13:31:47,891 | text_processor | INFO | dominant=ID detected=['ID', 'EN', 'AR'] segments=4
2026-05-30 13:32:40,689 | text_processor | INFO | Input: "Ya kakak, saya ingin berjalan ke Jeddah minggu depan. Bolehkah saya menjadikan s"
2026-05-30 13:32:40,689 | text_processor | INFO | Manifest disimpan: 2335_audio05.json
2026-05-30 13:32:40,690 | text_processor | INFO | dominant=ID detected=['ID', 'AR'] segments=3
2026-05-30 13:33:44,210 | text_processor | INFO | Input: "Uridu areng transport min jeddah ila madinah qoddan."
2026-05-30 13:33:44,211 | text_processor | INFO | Manifest disimpan: 2335_audio06.json
2026-05-30 13:33:44,211 | text_processor | INFO | dominant=ID detected=['ID', 'AR'] segments=4
2026-05-30 13:34:42,892 | text_processor | INFO | Input: "Bagaimana proses visa Saudi untuk umrah dari Indonesia sekarang?"
2026-05-30 13:34:42,893 | text_processor | INFO | Manifest disimpan: 2335_audio12.json
2026-05-30 13:34:42,893 | text_processor | INFO | dominant=ID detected=['ID', 'EN', 'AR'] segments=6
2026-05-30 13:35:48,983 | text_processor | INFO | Input: "Jelaskan step by step cara booking flight ke Jeddah secara online."
2026-05-30 13:35:48,984 | text_processor | INFO | Manifest disimpan: 2335_audio13.json
2026-05-30 13:35:48,984 | text_processor | INFO | dominant=ID detected=['ID', 'AR'] segments=3
2026-05-30 13:48:57,168 | text_processor | INFO | Input: "Jelaskan step by step cara booking flight ke Jeddah secara online."
2026-05-30 13:48:57,169 | text_processor | INFO | Manifest disimpan: 2335_audio13.json
2026-05-30 13:48:57,169 | text_processor | INFO | dominant=ID detected=['ID', 'AR'] segments=3
2026-05-30 13:50:13,221 | text_processor | INFO | Input: "How to prepare dokumen umrah dari Indonesia dengan benar."
2026-05-30 13:50:13,222 | text_processor | INFO | Manifest disimpan: 2335_audio14.json
2026-05-30 13:50:13,222 | text_processor | INFO | dominant=ID detected=['ID', 'EN', 'AR'] segments=4
2026-05-30 13:51:11,432 | text_processor | INFO | Input: "Tolong buat ceklist persiapan umrah termasuk barang wajib di bawah."
2026-05-30 13:51:11,432 | text_processor | INFO | Manifest disimpan: 2335_audio15.json
2026-05-30 13:51:11,432 | text_processor | INFO | dominant=ID detected=['ID', 'AR'] segments=3
2026-05-30 13:52:19,173 | text_processor | INFO | Input: "Menurut kamu, belajar bahasa Arab itu susah enggak untuk pemula."
2026-05-30 13:52:19,173 | text_processor | INFO | Manifest disimpan: 2335_audio17.json
2026-05-30 13:52:19,173 | text_processor | INFO | dominant=ID detected=['ID'] segments=1
2026-05-30 13:53:07,763 | text_processor | INFO | Input: "Aku mau book flight ke Jeddah minggu depan. Bisa bantu schedule?"
2026-05-30 13:53:07,764 | text_processor | INFO | Manifest disimpan: 2336_audio01.json
2026-05-30 13:53:07,764 | text_processor | INFO | dominant=ID detected=['ID', 'AR'] segments=3
2026-05-30 13:54:02,950 | text_processor | INFO | Input: "Aku butuh travel umrah simpel tapi include Madinah Visit."
2026-05-30 13:54:02,950 | text_processor | INFO | Manifest disimpan: 2336_audio02.json
2026-05-30 13:54:02,950 | text_processor | INFO | dominant=ID detected=['ID', 'AR'] segments=4
2026-05-30 13:54:58,684 | text_processor | INFO | Input: "Can you help aku arrange transport dari Jeddah ke Madinah tomorrow?"
2026-05-30 13:54:58,685 | text_processor | INFO | Manifest disimpan: 2336_audio03.json
2026-05-30 13:54:58,685 | text_processor | INFO | dominant=ID detected=['ID', 'AR'] segments=5
2026-05-30 13:55:54,414 | text_processor | INFO | Input: "Explain step by step cara apply visa Saudi dengan benar."
2026-05-30 13:55:54,415 | text_processor | INFO | Manifest disimpan: 2336_audio04.json
2026-05-30 13:55:54,415 | text_processor | INFO | dominant=ID detected=['ID', 'EN', 'AR'] segments=4
2026-05-30 13:56:44,158 | text_processor | INFO | Input: "Ya Akhi, uridu book flight ila Jeddah al-usbu al-qadim, hal bisa bantu Ajidah Af"
2026-05-30 13:56:44,158 | text_processor | INFO | Manifest disimpan: 2336_audio05.json
2026-05-30 13:56:44,158 | text_processor | INFO | dominant=ID detected=['ID', 'AR'] segments=3
2026-05-30 13:57:41,085 | text_processor | INFO | Input: "Uridu Range Transport Min Jeddah Ila Madinah Aghadan"
2026-05-30 13:57:41,085 | text_processor | INFO | Manifest disimpan: 2336_audio06.json
2026-05-30 13:57:41,085 | text_processor | INFO | dominant=ID detected=['ID', 'AR'] segments=4
2026-05-30 13:58:49,621 | text_processor | INFO | Input: "Book flight ke Jeddah, lalu lanjut ke Madinah. Skejol terbaik kapan?"
2026-05-30 13:58:49,621 | text_processor | INFO | Manifest disimpan: 2336_audio07.json
2026-05-30 13:58:49,621 | text_processor | INFO | dominant=ID detected=['ID', 'AR'] segments=5
2026-05-30 13:59:40,231 | text_processor | INFO | Input: "Apa perbedaan umrah dan hajj secara detail dalam Islam?"
2026-05-30 13:59:40,231 | text_processor | INFO | Manifest disimpan: 2336_audio10.json
2026-05-30 13:59:40,231 | text_processor | INFO | dominant=ID detected=['ID', 'AR'] segments=5
2026-05-30 14:00:27,778 | text_processor | INFO | Input: "Tolong buat checklist persiapan umroh termasuk barang wajib di bawah."
2026-05-30 14:00:27,779 | text_processor | INFO | Manifest disimpan: 2336_audio15.json
2026-05-30 14:00:27,779 | text_processor | INFO | dominant=ID detected=['ID'] segments=1
2026-05-30 14:01:34,746 | text_processor | INFO | Input: "Menurut kamu, belajar bahasa Arab itu susah nggak untuk pemula?"
2026-05-30 14:01:34,747 | text_processor | INFO | Manifest disimpan: 2336_audio17.json
2026-05-30 14:01:34,747 | text_processor | INFO | dominant=ID detected=['ID'] segments=1
2026-05-30 14:02:34,034 | text_processor | INFO | Input: "Aku mau book fly ke Jeddah minggu depan. Bisa bantu schedule?"
2026-05-30 14:02:34,034 | text_processor | INFO | Manifest disimpan: 2339_audio01.json
2026-05-30 14:02:34,034 | text_processor | INFO | dominant=ID detected=['ID', 'AR'] segments=3
2026-05-30 14:03:24,435 | text_processor | INFO | Input: "Aku butuh travel umrah simpel tapi include Madinah Visit."
2026-05-30 14:03:24,436 | text_processor | INFO | Manifest disimpan: 2339_audio02.json
2026-05-30 14:03:24,436 | text_processor | INFO | dominant=ID detected=['ID', 'AR'] segments=4
2026-05-30 14:04:12,273 | text_processor | INFO | Input: "Can you help aku arrange transport dari Jeddah ke Madinah tomorrow?"
2026-05-30 14:04:12,273 | text_processor | INFO | Manifest disimpan: 2339_audio03.json
2026-05-30 14:04:12,273 | text_processor | INFO | dominant=ID detected=['ID', 'AR'] segments=5
2026-05-30 14:05:08,371 | text_processor | INFO | Input: "Explain step by step cara apply visa Saudi dengan benar."
2026-05-30 14:05:08,372 | text_processor | INFO | Manifest disimpan: 2339_audio04.json
2026-05-30 14:05:08,372 | text_processor | INFO | dominant=ID detected=['ID', 'EN', 'AR'] segments=4
2026-05-30 14:06:14,268 | text_processor | INFO | Input: "Ya'hi, uridu boot flight ila jeddah al-usbu al-kadhim. Hal bisa bantu ajida afdo"
2026-05-30 14:06:14,269 | text_processor | INFO | Manifest disimpan: 2339_audio05.json
2026-05-30 14:06:14,269 | text_processor | INFO | dominant=ID detected=['ID', 'AR'] segments=3
2026-05-30 14:07:08,338 | text_processor | INFO | Input: "Kurido Range Transport Menjeddah ila Madinah Laden."
2026-05-30 14:07:08,339 | text_processor | INFO | Manifest disimpan: 2339_audio06.json
2026-05-30 14:07:08,339 | text_processor | INFO | dominant=ID detected=['ID', 'AR'] segments=2
2026-05-30 14:08:23,732 | text_processor | INFO | Input: "Book flight ke Jeddah, lalu lanjut ke Madinah. Schedule terbaik kapan?"
2026-05-30 14:08:23,733 | text_processor | INFO | Manifest disimpan: 2339_audio07.json
2026-05-30 14:08:23,733 | text_processor | INFO | dominant=ID detected=['ID', 'AR'] segments=5
2026-05-30 14:09:29,770 | text_processor | INFO | Input: "Kenapa fasting di Ramadan itu wajib bagi Muslim?"
2026-05-30 14:09:29,770 | text_processor | INFO | Manifest disimpan: 2339_audio11.json
2026-05-30 14:09:29,770 | text_processor | INFO | dominant=ID detected=['ID', 'AR'] segments=3
2026-05-30 14:10:20,384 | text_processor | INFO | Input: "How to prepare dokumen umrah dari Indonesia dengan benar?"
2026-05-30 14:10:20,385 | text_processor | INFO | Manifest disimpan: 2339_audio14.json
2026-05-30 14:10:20,385 | text_processor | INFO | dominant=ID detected=['ID', 'EN', 'AR'] segments=4
2026-05-30 14:11:23,635 | text_processor | INFO | Input: "Ah Yanan, saya bingung. Mulai dari mana untuk umrah?"
2026-05-30 14:11:23,635 | text_processor | INFO | Manifest disimpan: 2339_audio19.json
2026-05-30 14:11:23,635 | text_processor | INFO | dominant=ID detected=['ID', 'AR'] segments=2
2026-05-30 14:12:26,105 | text_processor | INFO | Input: "Aku mau book flight ke Jeddah minggu depan. Bisa bantu schedule?"
2026-05-30 14:12:26,106 | text_processor | INFO | Manifest disimpan: 2351_audio01.json
2026-05-30 14:12:26,106 | text_processor | INFO | dominant=ID detected=['ID', 'AR'] segments=3
2026-05-30 14:13:12,352 | text_processor | INFO | Input: "Aku butuh tranfer umrah simpel tapi include madinah visit."
2026-05-30 14:13:12,353 | text_processor | INFO | Manifest disimpan: 2351_audio02.json
2026-05-30 14:13:12,353 | text_processor | INFO | dominant=ID detected=['ID', 'AR'] segments=4
2026-05-30 14:14:20,376 | text_processor | INFO | Input: "Can you help aku arrange transport dari Jeddah ke Madinah tomorrow?"
2026-05-30 14:14:20,376 | text_processor | INFO | Manifest disimpan: 2351_audio03.json
2026-05-30 14:14:20,376 | text_processor | INFO | dominant=ID detected=['ID', 'AR'] segments=5
2026-05-30 14:15:14,970 | text_processor | INFO | Input: "Explain step by step cara apply visa Saudi dengan benar."
2026-05-30 14:15:14,970 | text_processor | INFO | Manifest disimpan: 2351_audio04.json
2026-05-30 14:15:14,970 | text_processor | INFO | dominant=ID detected=['ID', 'EN', 'AR'] segments=4
2026-05-30 14:16:25,409 | text_processor | INFO | Input: "Ya Akhi, ulidu book flight ilajad dah al usbu al qodim. Hal, bisa bantu ajedah a"
2026-05-30 14:16:25,410 | text_processor | INFO | Manifest disimpan: 2351_audio05.json
2026-05-30 14:16:25,410 | text_processor | INFO | dominant=ID detected=['ID'] segments=1
2026-05-30 14:17:16,765 | text_processor | INFO | Input: "uridu orang transport minjeta ila madinah kodan"
2026-05-30 14:17:16,766 | text_processor | INFO | Manifest disimpan: 2351_audio06.json
2026-05-30 14:17:16,766 | text_processor | INFO | dominant=ID detected=['ID', 'AR'] segments=2
2026-05-30 14:18:14,515 | text_processor | INFO | Input: "Book flight ke Jeddah lalu lanjut ke Madinah. Skedul terbaik kapan?"
2026-05-30 14:18:14,515 | text_processor | INFO | Manifest disimpan: 2351_audio07.json
2026-05-30 14:18:14,515 | text_processor | INFO | dominant=ID detected=['ID', 'AR'] segments=5
2026-05-30 14:19:02,587 | text_processor | INFO | Input: "Kenapa fasting di Ramadan itu wajib bagi muslim?"
2026-05-30 14:19:02,588 | text_processor | INFO | Manifest disimpan: 2351_audio11.json
2026-05-30 14:19:02,588 | text_processor | INFO | dominant=ID detected=['ID', 'AR'] segments=3
2026-05-30 14:19:47,103 | text_processor | INFO | Input: "How to prepare dokumen umrah dari Indonesia dengan benar"
2026-05-30 14:19:47,103 | text_processor | INFO | Manifest disimpan: 2351_audio14.json
2026-05-30 14:19:47,103 | text_processor | INFO | dominant=ID detected=['ID', 'EN', 'AR'] segments=4
2026-05-30 14:20:33,025 | text_processor | INFO | Input: "Guide aku cara pilih hotel di Makkah dekat haram dengan budget terbatas."
2026-05-30 14:20:33,026 | text_processor | INFO | Manifest disimpan: 2351_audio16.json
2026-05-30 14:20:33,026 | text_processor | INFO | dominant=ID detected=['ID', 'EN', 'AR'] segments=6
2026-05-30 14:21:19,930 | text_processor | INFO | Input: "Aku mau book flight ke Jedah minggu depan, bisa bantu schedule?"
2026-05-30 14:21:19,931 | text_processor | INFO | Manifest disimpan: 2356_audio01.json
2026-05-30 14:21:19,931 | text_processor | INFO | dominant=ID detected=['ID'] segments=1
2026-05-30 14:22:17,724 | text_processor | INFO | Input: "Aku butuh travel umrah simpel tapi include Madinah Visit."
2026-05-30 14:22:17,725 | text_processor | INFO | Manifest disimpan: 2356_audio02.json
2026-05-30 14:22:17,725 | text_processor | INFO | dominant=ID detected=['ID', 'AR'] segments=4
2026-05-30 14:23:03,262 | text_processor | INFO | Input: "Can you help aku arrange transport dari Jedah ke Madinah tomorrow?"
2026-05-30 14:23:03,262 | text_processor | INFO | Manifest disimpan: 2356_audio03.json
2026-05-30 14:23:03,262 | text_processor | INFO | dominant=ID detected=['ID', 'AR'] segments=3
2026-05-30 14:23:50,187 | text_processor | INFO | Input: "Explain step by step cara apply visa Saudi dengan benar."
2026-05-30 14:23:50,187 | text_processor | INFO | Manifest disimpan: 2356_audio04.json
2026-05-30 14:23:50,188 | text_processor | INFO | dominant=ID detected=['ID', 'EN', 'AR'] segments=4
2026-05-30 14:24:54,386 | text_processor | INFO | Input: "Ya akhi, uridu book flight ila jeddah al-usbu an-al-qadim, hal bisa bantu ajida "
2026-05-30 14:24:54,387 | text_processor | INFO | Manifest disimpan: 2356_audio05.json
2026-05-30 14:24:54,387 | text_processor | INFO | dominant=ID detected=['ID', 'AR'] segments=3
2026-05-30 14:25:48,272 | text_processor | INFO | Input: "Uridu Range Transport Min Jedah ila Madinah Gwadan"
2026-05-30 14:25:48,273 | text_processor | INFO | Manifest disimpan: 2356_audio06.json
2026-05-30 14:25:48,273 | text_processor | INFO | dominant=ID detected=['ID', 'AR'] segments=2
2026-05-30 14:26:47,833 | text_processor | INFO | Input: "Apa perbedaan umrah dan haji secara detail dalam Islam?"
2026-05-30 14:26:47,833 | text_processor | INFO | Manifest disimpan: 2356_audio10.json
2026-05-30 14:26:47,833 | text_processor | INFO | dominant=ID detected=['ID', 'AR'] segments=3
2026-05-30 14:28:03,310 | text_processor | INFO | Input: "Bagaimana proses PISA Saudi untuk umrah dari Indonesia sekarang?"
2026-05-30 14:28:03,310 | text_processor | INFO | Manifest disimpan: 2356_audio12.json
2026-05-30 14:28:03,311 | text_processor | INFO | dominant=ID detected=['ID', 'AR'] segments=5
2026-05-30 14:29:03,338 | text_processor | INFO | Input: "Jelaskan step by step cara booking flight ke Jedah secara online."
2026-05-30 14:29:03,338 | text_processor | INFO | Manifest disimpan: 2356_audio13.json
2026-05-30 14:29:03,338 | text_processor | INFO | dominant=ID detected=['ID'] segments=1
2026-05-30 14:29:54,750 | text_processor | INFO | Input: "Menurut kamu, belajar bahasa Arab itu susah gak untuk pemula?"
2026-05-30 14:29:54,750 | text_processor | INFO | Manifest disimpan: 2356_audio17.json
2026-05-30 14:29:54,750 | text_processor | INFO | dominant=ID detected=['ID'] segments=1
2026-05-30 14:30:38,223 | text_processor | INFO | Input: "Aku mau book flight ke Jedah minggu depan. Bisa bantu schedule?"
2026-05-30 14:30:38,223 | text_processor | INFO | Manifest disimpan: 2358_audio01.json
2026-05-30 14:30:38,223 | text_processor | INFO | dominant=ID detected=['ID'] segments=1
2026-05-30 14:31:23,698 | text_processor | INFO | Input: "Aku butuh travel umrah, simpel tapi include Madinah Visit."
2026-05-30 14:31:23,699 | text_processor | INFO | Manifest disimpan: 2358_audio02.json
2026-05-30 14:31:23,699 | text_processor | INFO | dominant=ID detected=['ID', 'AR'] segments=4
2026-05-30 14:32:07,254 | text_processor | INFO | Input: "Can you help aku arrange transport dari Jedah ke Madinah tomorrow?"
2026-05-30 14:32:07,254 | text_processor | INFO | Manifest disimpan: 2358_audio03.json
2026-05-30 14:32:07,254 | text_processor | INFO | dominant=ID detected=['ID', 'AR'] segments=3
2026-05-30 14:33:03,294 | text_processor | INFO | Input: "Explain step by step cara apply visa Saudi dengan benar."
2026-05-30 14:33:03,294 | text_processor | INFO | Manifest disimpan: 2358_audio04.json
2026-05-30 14:33:03,294 | text_processor | INFO | dominant=ID detected=['ID', 'EN', 'AR'] segments=4
2026-05-30 14:33:59,389 | text_processor | INFO | Input: "Ya Aki, uridu buk flag ila jeddah al-usbu al-qadim, hal bisa bantu jidda afdal s"
2026-05-30 14:33:59,390 | text_processor | INFO | Manifest disimpan: 2358_audio05.json
2026-05-30 14:33:59,390 | text_processor | INFO | dominant=ID detected=['ID', 'AR'] segments=3
2026-05-30 14:34:50,578 | text_processor | INFO | Input: "Orido Range Transport Minjad Dah ila Madinah Gordon"
2026-05-30 14:34:50,579 | text_processor | INFO | Manifest disimpan: 2358_audio06.json
2026-05-30 14:34:50,579 | text_processor | INFO | dominant=ID detected=['ID', 'AR'] segments=2
2026-05-30 14:35:43,552 | text_processor | INFO | Input: "Book flight ke Jeddah, lalu lanjut ke Madinah. Schedule terbaik, kapan?"
2026-05-30 14:35:43,553 | text_processor | INFO | Manifest disimpan: 2358_audio07.json
2026-05-30 14:35:43,553 | text_processor | INFO | dominant=ID detected=['ID', 'AR'] segments=5
2026-05-30 14:36:42,210 | text_processor | INFO | Input: "Tolong buat checklist persiapan umrah termasuk barang wajib di bawah."
2026-05-30 14:36:42,211 | text_processor | INFO | Manifest disimpan: 2358_audio15.json
2026-05-30 14:36:42,211 | text_processor | INFO | dominant=ID detected=['ID', 'AR'] segments=3
2026-05-30 14:37:29,045 | text_processor | INFO | Input: "Guide aku cara pilih hotel di Makkah dekat haram dengan budget terbatas."
2026-05-30 14:37:29,046 | text_processor | INFO | Manifest disimpan: 2358_audio16.json
2026-05-30 14:37:29,046 | text_processor | INFO | dominant=ID detected=['ID', 'EN', 'AR'] segments=6
2026-05-30 14:38:21,216 | text_processor | INFO | Input: "Menurut kamu, belajar bahasa Arab itu susah nggak untuk pemula."
2026-05-30 14:38:21,217 | text_processor | INFO | Manifest disimpan: 2358_audio17.json
2026-05-30 14:38:21,217 | text_processor | INFO | dominant=ID detected=['ID'] segments=1
2026-05-31 11:26:47,152 | text_processor | INFO | Input: "Ya Aki, uridu bukflik ilajedda al-usmu al-qadim? Hal bisa bantu ajidah afdal ske"
2026-05-31 11:26:47,153 | text_processor | INFO | dominant=ID detected=['ID'] segments=1
2026-05-31 11:57:00,190 | text_processor | INFO | Input: "tes 123 bisa tolong carikan penerbangan ke Mekah hari ini"
2026-05-31 11:57:00,191 | text_processor | INFO | dominant=ID detected=['ID'] segments=1
2026-05-31 12:00:27,762 | text_processor | INFO | Input: "Halo, saya tersesat di Marina, bisa tolong saya?"
2026-05-31 12:00:27,763 | text_processor | INFO | dominant=ID detected=['ID'] segments=1
2026-05-31 12:02:41,133 | text_processor | INFO | Input: "hello angkang di tersesat di madinah"
2026-05-31 12:02:41,133 | text_processor | INFO | dominant=AR detected=['AR'] segments=1
2026-05-31 12:08:00,336 | text_processor | INFO | Input: "Explain step by step cara apply visa Saudi dengan benar"
2026-05-31 12:08:00,372 | text_processor | INFO | dominant=ID detected=['ID', 'EN', 'AR'] segments=4
2026-05-31 12:13:23,377 | text_processor | INFO | Input: "Ya Aki, uridu bukflik ilajedda al-usmu al-qadim? Hal bisa bantu ajidah afdal ske"
2026-05-31 12:13:23,377 | text_processor | INFO | dominant=ID detected=['ID'] segments=1
2026-05-31 12:15:56,631 | text_processor | INFO | Input: "Ya Aki, uridu bukflik ilajedda al-usmu al-qadim? Hal bisa bantu ajidah afdal ske"
2026-05-31 12:15:56,632 | text_processor | INFO | dominant=ID detected=['ID'] segments=1
2026-05-31 12:17:23,848 | text_processor | INFO | Input: "Ya Aki, uridu bukflik ilajedda al-usmu al-qadim? Hal bisa bantu ajidah afdal ske"
2026-05-31 12:17:23,848 | text_processor | INFO | dominant=ID detected=['ID'] segments=1
2026-05-31 12:23:58,139 | text_processor | INFO | Input: "Halo, saya tersesat di Madinah sekarang, gimana ini?"
2026-05-31 12:23:58,139 | text_processor | INFO | dominant=ID detected=['ID', 'AR'] segments=3
2026-05-31 12:27:08,628 | text_processor | INFO | Input: "Halo, saya tersesat di Madinah sekarang, gimana ini?"
2026-05-31 12:27:08,629 | text_processor | INFO | dominant=ID detected=['ID', 'AR'] segments=3
2026-05-31 12:34:36,559 | text_processor | INFO | Input: "Halo, saya tersesat di Balina. Bisa tolong saya?"
2026-05-31 12:34:36,559 | text_processor | INFO | dominant=ID detected=['ID'] segments=1
