2026-05-28 16:47:01,479 | utils | INFO | Audio diproses: upload_1779961620.wav → prep_upload_1779961620.wav
2026-05-28 16:49:47,142 | utils | INFO | Audio diproses: upload_1779961786.wav → prep_upload_1779961786.wav
2026-05-28 16:49:47,610 | utils | INFO | Audio diproses: upload_1779961787.wav → prep_upload_1779961787.wav
2026-05-28 16:54:19,499 | utils | INFO | Audio diproses: upload_1779962058.wav → prep_upload_1779962058.wav
2026-05-28 16:54:42,335 | utils | INFO | Audio diproses: upload_1779962081.wav → prep_upload_1779962081.wav
2026-05-28 16:55:41,020 | utils | INFO | Audio diproses: upload_1779962140.wav → prep_upload_1779962140.wav
2026-05-28 16:55:41,966 | utils | INFO | Audio diproses: upload_1779962141.wav → prep_upload_1779962141.wav
2026-05-28 16:56:38,893 | utils | INFO | Audio diproses: upload_1779962197.wav → prep_upload_1779962197.wav
2026-05-28 16:57:44,118 | utils | INFO | Audio diproses: upload_1779962263.wav → prep_upload_1779962263.wav
2026-05-28 16:58:11,046 | utils | INFO | File temp dihapus: prep_upload_1779962263.wav
2026-05-28 16:59:11,649 | utils | INFO | Audio diproses: upload_1779962350.wav → prep_upload_1779962350.wav
2026-05-28 16:59:38,092 | utils | INFO | File temp dihapus: prep_upload_1779962350.wav
2026-05-28 18:05:08,342 | utils | INFO | Audio diproses: upload_1779966307.wav → prep_upload_1779966307.wav
2026-05-28 18:05:33,031 | utils | INFO | File temp dihapus: prep_upload_1779966307.wav
2026-05-28 20:40:05,577 | utils | INFO | Audio diproses: upload_1779975604.wav → prep_upload_1779975604.wav
2026-05-28 20:40:32,599 | utils | INFO | File temp dihapus: prep_upload_1779975604.wav
2026-05-28 20:46:10,855 | utils | INFO | Audio diproses: upload_1779975969.wav → prep_upload_1779975969.wav
2026-05-28 20:46:36,336 | utils | INFO | File temp dihapus: prep_upload_1779975969.wav
2026-05-28 22:54:53,277 | utils | INFO | Audio diproses: upload_1779983692.wav → prep_upload_1779983692.wav
2026-05-28 22:55:04,919 | utils | INFO | Audio diproses: upload_1779983703.wav → prep_upload_1779983703.wav
2026-05-28 22:55:29,900 | utils | INFO | File temp dihapus: prep_upload_1779983703.wav
2026-05-28 22:58:34,952 | utils | INFO | Audio diproses: upload_1779983913.wav → prep_upload_1779983913.wav
2026-05-28 22:59:01,454 | utils | INFO | File temp dihapus: prep_upload_1779983913.wav
2026-05-28 23:57:59,786 | utils | INFO | Audio diproses: upload_1779987478.wav → prep_upload_1779987478.wav
2026-05-28 23:58:26,221 | utils | INFO | File temp dihapus: prep_upload_1779987478.wav
2026-05-29 14:10:28,870 | utils | INFO | Audio diproses: upload_1780038627.wav → prep_upload_1780038627.wav
2026-05-29 14:10:55,178 | utils | INFO | File temp dihapus: prep_upload_1780038627.wav
2026-05-29 14:13:44,962 | utils | INFO | Audio diproses: upload_1780038824.wav → prep_upload_1780038824.wav
2026-05-29 14:14:11,507 | utils | INFO | File temp dihapus: prep_upload_1780038824.wav
2026-05-29 14:16:43,361 | utils | INFO | Audio diproses: upload_1780039002.wav → prep_upload_1780039002.wav
2026-05-29 14:17:09,221 | utils | INFO | File temp dihapus: prep_upload_1780039002.wav
2026-05-29 14:18:38,749 | utils | INFO | Audio diproses: upload_1780039117.wav → prep_upload_1780039117.wav
2026-05-29 14:19:05,005 | utils | INFO | File temp dihapus: prep_upload_1780039117.wav
2026-05-29 16:39:12,872 | utils | INFO | Audio diproses: upload_1780047552.wav → prep_upload_1780047552.wav
2026-05-29 16:42:39,524 | utils | INFO | Audio diproses: upload_1780047758.wav → prep_upload_1780047758.wav
2026-05-29 16:43:03,162 | utils | INFO | File temp dihapus: prep_upload_1780047758.wav
2026-05-29 16:44:00,073 | utils | INFO | Audio diproses: upload_1780047839.wav → prep_upload_1780047839.wav
2026-05-29 16:44:22,744 | utils | INFO | File temp dihapus: prep_upload_1780047839.wav
2026-05-29 17:09:34,495 | utils | INFO | Audio diproses: upload_1780049374.wav → prep_upload_1780049374.wav
2026-05-29 17:09:58,264 | utils | INFO | File temp dihapus: prep_upload_1780049374.wav
2026-05-29 21:00:59,024 | utils | INFO | Audio diproses: 2222_audio1.wav → prep_2222_audio1.wav
2026-05-29 21:02:01,703 | utils | INFO | Audio diproses: 2222_audio1.wav → prep_2222_audio1.wav
2026-05-29 21:02:36,915 | utils | INFO | File temp dihapus: prep_2222_audio1.wav
2026-05-29 21:03:31,030 | utils | INFO | Audio diproses: 2222_audio10.wav → prep_2222_audio10.wav
2026-05-29 21:04:10,065 | utils | INFO | File temp dihapus: prep_2222_audio10.wav
2026-05-29 21:04:42,755 | utils | INFO | Audio diproses: 2222_audio12.wav → prep_2222_audio12.wav
2026-05-29 21:15:36,330 | utils | INFO | Audio diproses: 2222_audio1.wav → prep_2222_audio1.wav
2026-05-29 21:16:02,927 | utils | INFO | File temp dihapus: prep_2222_audio1.wav
2026-05-29 21:16:30,768 | utils | INFO | Audio diproses: 2222_audio2.wav → prep_2222_audio2.wav
2026-05-29 21:16:56,390 | utils | INFO | File temp dihapus: prep_2222_audio2.wav
2026-05-29 21:18:15,190 | utils | INFO | Audio diproses: 2222_audio3.wav → prep_2222_audio3.wav
2026-05-29 21:18:41,855 | utils | INFO | File temp dihapus: prep_2222_audio3.wav
2026-05-29 21:19:18,565 | utils | INFO | Audio diproses: 2222_audio4.wav → prep_2222_audio4.wav
2026-05-29 21:19:44,679 | utils | INFO | File temp dihapus: prep_2222_audio4.wav
2026-05-29 21:20:41,930 | utils | INFO | Audio diproses: 2222_audio5.wav → prep_2222_audio5.wav
2026-05-29 21:21:11,563 | utils | INFO | File temp dihapus: prep_2222_audio5.wav
2026-05-29 21:23:09,617 | utils | INFO | Audio diproses: 2222_audio6.wav → prep_2222_audio6.wav
2026-05-29 21:23:39,614 | utils | INFO | File temp dihapus: prep_2222_audio6.wav
2026-05-29 21:24:42,407 | utils | INFO | Audio diproses: 2222_audio7.wav → prep_2222_audio7.wav
2026-05-29 21:25:11,810 | utils | INFO | File temp dihapus: prep_2222_audio7.wav
2026-05-29 21:25:44,090 | utils | INFO | Audio diproses: 2222_audio10.wav → prep_2222_audio10.wav
2026-05-29 21:26:09,611 | utils | INFO | File temp dihapus: prep_2222_audio10.wav
2026-05-29 21:26:35,308 | utils | INFO | Audio diproses: 2222_audio12.wav → prep_2222_audio12.wav
2026-05-29 21:27:00,925 | utils | INFO | File temp dihapus: prep_2222_audio12.wav
2026-05-29 21:27:21,887 | utils | INFO | Audio diproses: 2222_audio14.wav → prep_2222_audio14.wav
2026-05-29 21:27:47,374 | utils | INFO | File temp dihapus: prep_2222_audio14.wav
2026-05-29 21:28:34,599 | utils | INFO | Audio diproses: 2301_audio1.wav → prep_2301_audio1.wav
2026-05-29 21:29:03,482 | utils | INFO | File temp dihapus: prep_2301_audio1.wav
2026-05-29 21:29:20,288 | utils | INFO | Audio diproses: 2301_audio2.wav → prep_2301_audio2.wav
2026-05-29 21:29:47,033 | utils | INFO | File temp dihapus: prep_2301_audio2.wav
2026-05-29 21:30:06,191 | utils | INFO | Audio diproses: 2301_audio3.wav → prep_2301_audio3.wav
2026-05-29 21:30:33,145 | utils | INFO | File temp dihapus: prep_2301_audio3.wav
2026-05-29 21:31:19,937 | utils | INFO | Audio diproses: 2301_audio4.wav → prep_2301_audio4.wav
2026-05-29 21:31:49,191 | utils | INFO | File temp dihapus: prep_2301_audio4.wav
2026-05-29 21:32:46,326 | utils | INFO | Audio diproses: 2301_audio5.wav → prep_2301_audio5.wav
2026-05-29 21:33:18,743 | utils | INFO | File temp dihapus: prep_2301_audio5.wav
2026-05-29 21:34:04,568 | utils | INFO | Audio diproses: 2301_audio6.wav → prep_2301_audio6.wav
2026-05-29 21:34:36,815 | utils | INFO | File temp dihapus: prep_2301_audio6.wav
2026-05-29 21:42:46,036 | utils | INFO | Audio diproses: 2301_audio6.wav → prep_2301_audio6.wav
2026-05-29 21:43:06,054 | utils | INFO | File temp dihapus: prep_2301_audio6.wav
2026-05-29 21:45:10,136 | utils | INFO | Audio diproses: 2301_audio11.wav → prep_2301_audio11.wav
2026-05-29 21:45:30,301 | utils | INFO | File temp dihapus: prep_2301_audio11.wav
2026-05-29 21:45:53,297 | utils | INFO | Audio diproses: 2301_audio12.wav → prep_2301_audio12.wav
2026-05-29 21:46:13,030 | utils | INFO | File temp dihapus: prep_2301_audio12.wav
2026-05-29 21:50:11,018 | utils | INFO | Audio diproses: 2222_audio1.wav → prep_2222_audio1.wav
2026-05-29 21:50:31,145 | utils | INFO | File temp dihapus: prep_2222_audio1.wav
2026-05-29 21:50:57,638 | utils | INFO | Audio diproses: 2222_audio2.wav → prep_2222_audio2.wav
2026-05-29 21:51:17,400 | utils | INFO | File temp dihapus: prep_2222_audio2.wav
2026-05-29 21:52:18,127 | utils | INFO | Audio diproses: 2222_audio3.wav → prep_2222_audio3.wav
2026-05-29 21:52:38,567 | utils | INFO | File temp dihapus: prep_2222_audio3.wav
2026-05-29 21:53:27,266 | utils | INFO | Audio diproses: 2222_audio4.wav → prep_2222_audio4.wav
2026-05-29 21:53:47,420 | utils | INFO | File temp dihapus: prep_2222_audio4.wav
2026-05-29 21:55:20,467 | utils | INFO | Audio diproses: 2222_audio5.wav → prep_2222_audio5.wav
2026-05-29 21:55:43,734 | utils | INFO | File temp dihapus: prep_2222_audio5.wav
2026-05-29 21:57:19,375 | utils | INFO | Audio diproses: 2222_audio6.wav → prep_2222_audio6.wav
2026-05-29 21:57:40,313 | utils | INFO | File temp dihapus: prep_2222_audio6.wav
2026-05-29 21:58:26,816 | utils | INFO | Audio diproses: 2222_audio7.wav → prep_2222_audio7.wav
2026-05-29 21:58:50,294 | utils | INFO | File temp dihapus: prep_2222_audio7.wav
2026-05-29 21:59:27,135 | utils | INFO | Audio diproses: 2222_audio10.wav → prep_2222_audio10.wav
2026-05-29 21:59:49,360 | utils | INFO | File temp dihapus: prep_2222_audio10.wav
2026-05-29 22:00:15,619 | utils | INFO | Audio diproses: 2222_audio12.wav → prep_2222_audio12.wav
2026-05-29 22:00:36,580 | utils | INFO | File temp dihapus: prep_2222_audio12.wav
2026-05-29 22:01:04,825 | utils | INFO | Audio diproses: 2222_audio14.wav → prep_2222_audio14.wav
2026-05-29 22:01:25,064 | utils | INFO | File temp dihapus: prep_2222_audio14.wav
2026-05-29 22:02:08,472 | utils | INFO | Audio diproses: 2301_audio1.wav → prep_2301_audio1.wav
2026-05-29 22:02:30,601 | utils | INFO | File temp dihapus: prep_2301_audio1.wav
2026-05-29 22:02:51,977 | utils | INFO | Audio diproses: 2301_audio2.wav → prep_2301_audio2.wav
2026-05-29 22:03:12,245 | utils | INFO | File temp dihapus: prep_2301_audio2.wav
2026-05-29 22:04:09,576 | utils | INFO | Audio diproses: 2301_audio3.wav → prep_2301_audio3.wav
2026-05-29 22:04:29,964 | utils | INFO | File temp dihapus: prep_2301_audio3.wav
2026-05-29 22:05:19,745 | utils | INFO | Audio diproses: 2301_audio4.wav → prep_2301_audio4.wav
2026-05-29 22:05:40,401 | utils | INFO | File temp dihapus: prep_2301_audio4.wav
2026-05-29 22:06:25,818 | utils | INFO | Audio diproses: 2301_audio5.wav → prep_2301_audio5.wav
2026-05-29 22:06:48,777 | utils | INFO | File temp dihapus: prep_2301_audio5.wav
2026-05-29 22:07:14,480 | utils | INFO | Audio diproses: 2301_audio6.wav → prep_2301_audio6.wav
2026-05-29 22:07:34,882 | utils | INFO | File temp dihapus: prep_2301_audio6.wav
2026-05-29 22:08:18,450 | utils | INFO | Audio diproses: 2301_audio11.wav → prep_2301_audio11.wav
2026-05-29 22:08:40,133 | utils | INFO | File temp dihapus: prep_2301_audio11.wav
2026-05-29 22:09:05,749 | utils | INFO | Audio diproses: 2301_audio12.wav → prep_2301_audio12.wav
2026-05-29 22:09:26,255 | utils | INFO | File temp dihapus: prep_2301_audio12.wav
2026-05-29 22:10:02,899 | utils | INFO | Audio diproses: 2301_audio14.wav → prep_2301_audio14.wav
2026-05-29 22:10:23,349 | utils | INFO | File temp dihapus: prep_2301_audio14.wav
2026-05-29 22:11:07,288 | utils | INFO | Audio diproses: 2301_audio15.wav → prep_2301_audio15.wav
2026-05-29 22:11:28,714 | utils | INFO | File temp dihapus: prep_2301_audio15.wav
2026-05-29 22:11:56,141 | utils | INFO | Audio diproses: 2302_audio01.wav → prep_2302_audio01.wav
2026-05-29 22:12:29,880 | utils | INFO | File temp dihapus: prep_2302_audio01.wav
2026-05-29 22:12:48,592 | utils | INFO | Audio diproses: 2302_audio02.wav → prep_2302_audio02.wav
2026-05-29 22:13:22,648 | utils | INFO | File temp dihapus: prep_2302_audio02.wav
2026-05-29 22:13:45,817 | utils | INFO | Audio diproses: 2302_audio03.wav → prep_2302_audio03.wav
2026-05-29 22:14:14,106 | utils | INFO | File temp dihapus: prep_2302_audio03.wav
2026-05-29 22:15:07,459 | utils | INFO | Audio diproses: 2302_audio04.wav → prep_2302_audio04.wav
2026-05-29 22:15:36,931 | utils | INFO | File temp dihapus: prep_2302_audio04.wav
2026-05-29 22:16:32,998 | utils | INFO | Audio diproses: 2302_audio05.wav → prep_2302_audio05.wav
2026-05-29 22:16:55,928 | utils | INFO | File temp dihapus: prep_2302_audio05.wav
2026-05-29 22:18:31,358 | utils | INFO | Audio diproses: 2302_audio06.wav → prep_2302_audio06.wav
2026-05-29 22:18:51,538 | utils | INFO | File temp dihapus: prep_2302_audio06.wav
2026-05-29 22:19:41,680 | utils | INFO | Audio diproses: 2302_audio11.wav → prep_2302_audio11.wav
2026-05-29 22:20:01,668 | utils | INFO | File temp dihapus: prep_2302_audio11.wav
2026-05-29 22:20:27,380 | utils | INFO | Audio diproses: 2302_audio14.wav → prep_2302_audio14.wav
2026-05-29 22:20:47,104 | utils | INFO | File temp dihapus: prep_2302_audio14.wav
2026-05-29 22:21:27,554 | utils | INFO | Audio diproses: 2302_audio15.wav → prep_2302_audio15.wav
2026-05-29 22:21:48,123 | utils | INFO | File temp dihapus: prep_2302_audio15.wav
2026-05-29 22:22:10,563 | utils | INFO | Audio diproses: 2302_audio17.wav → prep_2302_audio17.wav
2026-05-29 22:22:30,674 | utils | INFO | File temp dihapus: prep_2302_audio17.wav
2026-05-29 22:22:46,282 | utils | INFO | Audio diproses: 2303_audio01.wav → prep_2303_audio01.wav
2026-05-29 22:23:06,438 | utils | INFO | File temp dihapus: prep_2303_audio01.wav
2026-05-29 22:23:27,975 | utils | INFO | Audio diproses: 2303_audio02.wav → prep_2303_audio02.wav
2026-05-29 22:23:47,650 | utils | INFO | File temp dihapus: prep_2303_audio02.wav
2026-05-29 22:24:34,668 | utils | INFO | Audio diproses: 2303_audio03.wav → prep_2303_audio03.wav
2026-05-29 22:24:54,586 | utils | INFO | File temp dihapus: prep_2303_audio03.wav
2026-05-29 22:25:39,355 | utils | INFO | Audio diproses: 2303_audio04.wav → prep_2303_audio04.wav
2026-05-29 22:25:58,929 | utils | INFO | File temp dihapus: prep_2303_audio04.wav
2026-05-29 22:26:44,877 | utils | INFO | Audio diproses: 2303_audio05.wav → prep_2303_audio05.wav
2026-05-29 22:27:07,485 | utils | INFO | File temp dihapus: prep_2303_audio05.wav
2026-05-29 22:28:28,293 | utils | INFO | Audio diproses: 2303_audio06.wav → prep_2303_audio06.wav
2026-05-29 22:28:48,020 | utils | INFO | File temp dihapus: prep_2303_audio06.wav
2026-05-29 22:30:11,971 | utils | INFO | Audio diproses: 2303_audio07.wav → prep_2303_audio07.wav
2026-05-29 22:30:32,449 | utils | INFO | File temp dihapus: prep_2303_audio07.wav
2026-05-29 22:31:00,441 | utils | INFO | Audio diproses: 2303_audio13.wav → prep_2303_audio13.wav
2026-05-29 22:31:20,353 | utils | INFO | File temp dihapus: prep_2303_audio13.wav
2026-05-29 22:31:41,084 | utils | INFO | Audio diproses: 2303_audio15.wav → prep_2303_audio15.wav
2026-05-29 22:32:01,383 | utils | INFO | File temp dihapus: prep_2303_audio15.wav
2026-05-29 22:32:29,127 | utils | INFO | Audio diproses: 2303_audio19.wav → prep_2303_audio19.wav
2026-05-29 22:32:48,962 | utils | INFO | File temp dihapus: prep_2303_audio19.wav
2026-05-29 22:33:06,024 | utils | INFO | Audio diproses: 2304_audio01.wav → prep_2304_audio01.wav
2026-05-29 22:33:26,113 | utils | INFO | File temp dihapus: prep_2304_audio01.wav
2026-05-29 22:33:45,089 | utils | INFO | Audio diproses: 2304_audio02.wav → prep_2304_audio02.wav
2026-05-29 22:34:04,684 | utils | INFO | File temp dihapus: prep_2304_audio02.wav
2026-05-29 22:34:43,735 | utils | INFO | Audio diproses: 2304_audio03.wav → prep_2304_audio03.wav
2026-05-29 22:35:03,633 | utils | INFO | File temp dihapus: prep_2304_audio03.wav
2026-05-29 22:35:48,601 | utils | INFO | Audio diproses: 2304_audio04.wav → prep_2304_audio04.wav
2026-05-29 22:36:08,334 | utils | INFO | File temp dihapus: prep_2304_audio04.wav
2026-05-29 22:36:52,756 | utils | INFO | Audio diproses: 2304_audio05.wav → prep_2304_audio05.wav
2026-05-29 22:37:15,168 | utils | INFO | File temp dihapus: prep_2304_audio05.wav
2026-05-29 22:38:47,671 | utils | INFO | Audio diproses: 2304_audio06.wav → prep_2304_audio06.wav
2026-05-29 22:39:07,533 | utils | INFO | File temp dihapus: prep_2304_audio06.wav
2026-05-29 22:39:50,584 | utils | INFO | Audio diproses: 2304_audio07.wav → prep_2304_audio07.wav
2026-05-29 22:40:10,783 | utils | INFO | File temp dihapus: prep_2304_audio07.wav
2026-05-29 22:40:34,334 | utils | INFO | Audio diproses: 2304_audio11.wav → prep_2304_audio11.wav
2026-05-29 22:40:53,977 | utils | INFO | File temp dihapus: prep_2304_audio11.wav
2026-05-29 22:41:11,194 | utils | INFO | Audio diproses: 2304_audio15.wav → prep_2304_audio15.wav
2026-05-29 22:41:31,545 | utils | INFO | File temp dihapus: prep_2304_audio15.wav
2026-05-29 22:42:00,590 | utils | INFO | Audio diproses: 2304_audio18.wav → prep_2304_audio18.wav
2026-05-29 22:42:20,598 | utils | INFO | File temp dihapus: prep_2304_audio18.wav
2026-05-29 22:43:03,419 | utils | INFO | Audio diproses: 2306_Audio01.wav → prep_2306_Audio01.wav
2026-05-29 22:43:23,449 | utils | INFO | File temp dihapus: prep_2306_Audio01.wav
2026-05-29 22:43:46,577 | utils | INFO | Audio diproses: 2306_Audio02.wav → prep_2306_Audio02.wav
2026-05-29 22:44:06,598 | utils | INFO | File temp dihapus: prep_2306_Audio02.wav
2026-05-29 22:44:48,368 | utils | INFO | Audio diproses: 2306_Audio03.wav → prep_2306_Audio03.wav
2026-05-29 22:45:08,581 | utils | INFO | File temp dihapus: prep_2306_Audio03.wav
2026-05-29 22:45:35,813 | utils | INFO | Audio diproses: 2306_Audio04.wav → prep_2306_Audio04.wav
2026-05-29 22:45:55,429 | utils | INFO | File temp dihapus: prep_2306_Audio04.wav
2026-05-29 22:46:53,417 | utils | INFO | Audio diproses: 2306_Audio05.wav → prep_2306_Audio05.wav
2026-05-29 22:47:15,301 | utils | INFO | File temp dihapus: prep_2306_Audio05.wav
2026-05-29 22:47:58,289 | utils | INFO | Audio diproses: 2306_Audio06.wav → prep_2306_Audio06.wav
2026-05-29 22:48:18,546 | utils | INFO | File temp dihapus: prep_2306_Audio06.wav
2026-05-29 22:49:39,990 | utils | INFO | Audio diproses: 2306_Audio11.wav → prep_2306_Audio11.wav
2026-05-29 22:49:59,692 | utils | INFO | File temp dihapus: prep_2306_Audio11.wav
2026-05-29 22:50:19,160 | utils | INFO | Audio diproses: 2306_Audio12.wav → prep_2306_Audio12.wav
2026-05-29 22:50:38,812 | utils | INFO | File temp dihapus: prep_2306_Audio12.wav
2026-05-29 22:50:59,550 | utils | INFO | Audio diproses: 2306_Audio13.wav → prep_2306_Audio13.wav
2026-05-29 22:51:19,613 | utils | INFO | File temp dihapus: prep_2306_Audio13.wav
2026-05-29 22:51:42,708 | utils | INFO | Audio diproses: 2306_Audio14.wav → prep_2306_Audio14.wav
2026-05-29 22:52:02,270 | utils | INFO | File temp dihapus: prep_2306_Audio14.wav
2026-05-29 22:52:55,675 | utils | INFO | Audio diproses: 2306_Audio15.wav → prep_2306_Audio15.wav
2026-05-29 22:53:15,919 | utils | INFO | File temp dihapus: prep_2306_Audio15.wav
2026-05-29 22:53:45,767 | utils | INFO | Audio diproses: 2307_audio01.wav → prep_2307_audio01.wav
2026-05-29 22:54:05,925 | utils | INFO | File temp dihapus: prep_2307_audio01.wav
2026-05-29 22:54:23,254 | utils | INFO | Audio diproses: 2307_audio02.wav → prep_2307_audio02.wav
2026-05-29 22:54:43,167 | utils | INFO | File temp dihapus: prep_2307_audio02.wav
2026-05-29 22:55:28,353 | utils | INFO | Audio diproses: 2307_audio03.wav → prep_2307_audio03.wav
2026-05-29 22:55:48,807 | utils | INFO | File temp dihapus: prep_2307_audio03.wav
2026-05-29 22:56:09,639 | utils | INFO | Audio diproses: 2307_audio04.wav → prep_2307_audio04.wav
2026-05-29 22:56:29,251 | utils | INFO | File temp dihapus: prep_2307_audio04.wav
2026-05-29 22:57:31,672 | utils | INFO | Audio diproses: 2307_audio05.wav → prep_2307_audio05.wav
2026-05-29 22:57:55,023 | utils | INFO | File temp dihapus: prep_2307_audio05.wav
2026-05-29 22:59:07,144 | utils | INFO | Audio diproses: 2307_audio06.wav → prep_2307_audio06.wav
2026-05-29 22:59:27,239 | utils | INFO | File temp dihapus: prep_2307_audio06.wav
2026-05-29 23:00:14,573 | utils | INFO | Audio diproses: 2307_audio07.wav → prep_2307_audio07.wav
2026-05-29 23:00:35,281 | utils | INFO | File temp dihapus: prep_2307_audio07.wav
2026-05-29 23:01:01,273 | utils | INFO | Audio diproses: 2307_audio10.wav → prep_2307_audio10.wav
2026-05-29 23:01:21,334 | utils | INFO | File temp dihapus: prep_2307_audio10.wav
2026-05-29 23:01:45,439 | utils | INFO | Audio diproses: 2307_audio15.wav → prep_2307_audio15.wav
2026-05-29 23:02:05,919 | utils | INFO | File temp dihapus: prep_2307_audio15.wav
2026-05-29 23:02:32,507 | utils | INFO | Audio diproses: 2307_audio17.wav → prep_2307_audio17.wav
2026-05-29 23:02:52,816 | utils | INFO | File temp dihapus: prep_2307_audio17.wav
2026-05-29 23:03:14,625 | utils | INFO | Audio diproses: 2308_audio01.wav → prep_2308_audio01.wav
2026-05-29 23:03:34,782 | utils | INFO | File temp dihapus: prep_2308_audio01.wav
2026-05-29 23:03:54,636 | utils | INFO | Audio diproses: 2308_audio02.wav → prep_2308_audio02.wav
2026-05-29 23:04:14,436 | utils | INFO | File temp dihapus: prep_2308_audio02.wav
2026-05-29 23:05:03,895 | utils | INFO | Audio diproses: 2308_audio03.wav → prep_2308_audio03.wav
2026-05-29 23:05:23,821 | utils | INFO | File temp dihapus: prep_2308_audio03.wav
2026-05-29 23:06:05,125 | utils | INFO | Audio diproses: 2308_audio04.wav → prep_2308_audio04.wav
2026-05-29 23:06:24,889 | utils | INFO | File temp dihapus: prep_2308_audio04.wav
2026-05-29 23:07:24,425 | utils | INFO | Audio diproses: 2308_audio05.wav → prep_2308_audio05.wav
2026-05-29 23:07:46,917 | utils | INFO | File temp dihapus: prep_2308_audio05.wav
2026-05-29 23:08:39,121 | utils | INFO | Audio diproses: 2308_audio06.wav → prep_2308_audio06.wav
2026-05-29 23:08:59,135 | utils | INFO | File temp dihapus: prep_2308_audio06.wav
2026-05-29 23:10:38,116 | utils | INFO | Audio diproses: 2308_audio12.wav → prep_2308_audio12.wav
2026-05-29 23:10:57,974 | utils | INFO | File temp dihapus: prep_2308_audio12.wav
2026-05-29 23:11:18,756 | utils | INFO | Audio diproses: 2308_audio13.wav → prep_2308_audio13.wav
2026-05-29 23:11:38,819 | utils | INFO | File temp dihapus: prep_2308_audio13.wav
2026-05-29 23:11:56,430 | utils | INFO | Audio diproses: 2308_audio15.wav → prep_2308_audio15.wav
2026-05-29 23:12:16,869 | utils | INFO | File temp dihapus: prep_2308_audio15.wav
2026-05-29 23:12:37,380 | utils | INFO | Audio diproses: 2308_audio17.wav → prep_2308_audio17.wav
2026-05-29 23:12:57,592 | utils | INFO | File temp dihapus: prep_2308_audio17.wav
2026-05-29 23:13:18,007 | utils | INFO | Audio diproses: 2309_audio01.wav → prep_2309_audio01.wav
2026-05-29 23:13:38,070 | utils | INFO | File temp dihapus: prep_2309_audio01.wav
2026-05-29 23:13:57,524 | utils | INFO | Audio diproses: 2309_audio02.wav → prep_2309_audio02.wav
2026-05-29 23:14:17,494 | utils | INFO | File temp dihapus: prep_2309_audio02.wav
2026-05-29 23:15:01,892 | utils | INFO | Audio diproses: 2309_audio03.wav → prep_2309_audio03.wav
2026-05-29 23:15:22,182 | utils | INFO | File temp dihapus: prep_2309_audio03.wav
2026-05-29 23:16:04,303 | utils | INFO | Audio diproses: 2309_audio04.wav → prep_2309_audio04.wav
2026-05-29 23:16:24,065 | utils | INFO | File temp dihapus: prep_2309_audio04.wav
2026-05-29 23:17:03,180 | utils | INFO | Audio diproses: 2309_audio05.wav → prep_2309_audio05.wav
2026-05-29 23:17:26,231 | utils | INFO | File temp dihapus: prep_2309_audio05.wav
2026-05-29 23:18:55,430 | utils | INFO | Audio diproses: 2309_audio06.wav → prep_2309_audio06.wav
2026-05-29 23:19:17,126 | utils | INFO | File temp dihapus: prep_2309_audio06.wav
2026-05-29 23:20:08,856 | utils | INFO | Audio diproses: 2309_audio08.wav → prep_2309_audio08.wav
2026-05-29 23:20:32,868 | utils | INFO | File temp dihapus: prep_2309_audio08.wav
2026-05-29 23:21:00,711 | utils | INFO | Audio diproses: 2309_audio12.wav → prep_2309_audio12.wav
2026-05-29 23:21:20,891 | utils | INFO | File temp dihapus: prep_2309_audio12.wav
2026-05-29 23:21:50,184 | utils | INFO | Audio diproses: 2309_audio15.wav → prep_2309_audio15.wav
2026-05-29 23:22:11,325 | utils | INFO | File temp dihapus: prep_2309_audio15.wav
2026-05-29 23:22:38,916 | utils | INFO | Audio diproses: 2309_audio17.wav → prep_2309_audio17.wav
2026-05-29 23:22:59,647 | utils | INFO | File temp dihapus: prep_2309_audio17.wav
2026-05-29 23:23:18,115 | utils | INFO | Audio diproses: 2310_Audio01.wav → prep_2310_Audio01.wav
2026-05-29 23:23:38,566 | utils | INFO | File temp dihapus: prep_2310_Audio01.wav
2026-05-29 23:23:55,118 | utils | INFO | Audio diproses: 2310_Audio02.wav → prep_2310_Audio02.wav
2026-05-29 23:24:15,245 | utils | INFO | File temp dihapus: prep_2310_Audio02.wav
2026-05-29 23:24:57,957 | utils | INFO | Audio diproses: 2310_Audio03.wav → prep_2310_Audio03.wav
2026-05-29 23:25:18,575 | utils | INFO | File temp dihapus: prep_2310_Audio03.wav
2026-05-29 23:25:38,571 | utils | INFO | Audio diproses: 2310_Audio04.wav → prep_2310_Audio04.wav
2026-05-29 23:25:58,871 | utils | INFO | File temp dihapus: prep_2310_Audio04.wav
2026-05-29 23:26:53,029 | utils | INFO | Audio diproses: 2310_Audio05.wav → prep_2310_Audio05.wav
2026-05-29 23:27:15,357 | utils | INFO | File temp dihapus: prep_2310_Audio05.wav
2026-05-29 23:28:04,378 | utils | INFO | Audio diproses: 2310_Audio06.wav → prep_2310_Audio06.wav
2026-05-29 23:28:24,132 | utils | INFO | File temp dihapus: prep_2310_Audio06.wav
2026-05-29 23:29:54,874 | utils | INFO | Audio diproses: 2310_Audio07.wav → prep_2310_Audio07.wav
2026-05-29 23:30:15,229 | utils | INFO | File temp dihapus: prep_2310_Audio07.wav
2026-05-29 23:30:47,540 | utils | INFO | Audio diproses: 2310_Audio11.wav → prep_2310_Audio11.wav
2026-05-29 23:31:07,283 | utils | INFO | File temp dihapus: prep_2310_Audio11.wav
2026-05-29 23:31:29,162 | utils | INFO | Audio diproses: 2310_Audio14.wav → prep_2310_Audio14.wav
2026-05-29 23:31:48,717 | utils | INFO | File temp dihapus: prep_2310_Audio14.wav
2026-05-29 23:32:37,909 | utils | INFO | Audio diproses: 2310_Audio20.wav → prep_2310_Audio20.wav
2026-05-29 23:33:22,949 | utils | INFO | File temp dihapus: prep_2310_Audio20.wav
2026-05-29 23:33:42,758 | utils | INFO | Audio diproses: 2311_audio01.wav → prep_2311_audio01.wav
2026-05-29 23:34:02,848 | utils | INFO | File temp dihapus: prep_2311_audio01.wav
2026-05-29 23:34:17,371 | utils | INFO | Audio diproses: 2311_audio02.wav → prep_2311_audio02.wav
2026-05-29 23:34:37,202 | utils | INFO | File temp dihapus: prep_2311_audio02.wav
2026-05-29 23:35:28,828 | utils | INFO | Audio diproses: 2311_audio03.wav → prep_2311_audio03.wav
2026-05-29 23:35:48,854 | utils | INFO | File temp dihapus: prep_2311_audio03.wav
2026-05-29 23:36:06,495 | utils | INFO | Audio diproses: 2311_audio04.wav → prep_2311_audio04.wav
2026-05-29 23:36:26,107 | utils | INFO | File temp dihapus: prep_2311_audio04.wav
2026-05-29 23:37:14,313 | utils | INFO | Audio diproses: 2311_audio05.wav → prep_2311_audio05.wav
2026-05-29 23:37:36,367 | utils | INFO | File temp dihapus: prep_2311_audio05.wav
2026-05-29 23:38:13,897 | utils | INFO | Audio diproses: 2311_audio06.wav → prep_2311_audio06.wav
2026-05-29 23:38:33,788 | utils | INFO | File temp dihapus: prep_2311_audio06.wav
2026-05-29 23:39:20,441 | utils | INFO | Audio diproses: 2311_audio09.wav → prep_2311_audio09.wav
2026-05-29 23:39:40,241 | utils | INFO | File temp dihapus: prep_2311_audio09.wav
2026-05-29 23:40:23,916 | utils | INFO | Audio diproses: 2311_audio12.wav → prep_2311_audio12.wav
2026-05-29 23:40:43,685 | utils | INFO | File temp dihapus: prep_2311_audio12.wav
2026-05-29 23:41:10,292 | utils | INFO | Audio diproses: 2311_audio14.wav → prep_2311_audio14.wav
2026-05-29 23:41:29,839 | utils | INFO | File temp dihapus: prep_2311_audio14.wav
2026-05-29 23:42:14,539 | utils | INFO | Audio diproses: 2311_audio17.wav → prep_2311_audio17.wav
2026-05-29 23:42:34,618 | utils | INFO | File temp dihapus: prep_2311_audio17.wav
2026-05-29 23:42:59,014 | utils | INFO | Audio diproses: 2312_audio1.wav → prep_2312_audio1.wav
2026-05-29 23:43:19,049 | utils | INFO | File temp dihapus: prep_2312_audio1.wav
2026-05-29 23:43:35,660 | utils | INFO | Audio diproses: 2312_audio2.wav → prep_2312_audio2.wav
2026-05-29 23:43:55,615 | utils | INFO | File temp dihapus: prep_2312_audio2.wav
2026-05-29 23:44:22,095 | utils | INFO | Audio diproses: 2312_audio3.wav → prep_2312_audio3.wav
2026-05-29 23:44:42,394 | utils | INFO | File temp dihapus: prep_2312_audio3.wav
2026-05-29 23:45:04,319 | utils | INFO | Audio diproses: 2312_audio4.wav → prep_2312_audio4.wav
2026-05-29 23:45:23,982 | utils | INFO | File temp dihapus: prep_2312_audio4.wav
2026-05-29 23:46:12,541 | utils | INFO | Audio diproses: 2312_audio5.wav → prep_2312_audio5.wav
2026-05-29 23:46:34,718 | utils | INFO | File temp dihapus: prep_2312_audio5.wav
2026-05-29 23:48:04,856 | utils | INFO | Audio diproses: 2312_audio6.wav → prep_2312_audio6.wav
2026-05-29 23:48:24,900 | utils | INFO | File temp dihapus: prep_2312_audio6.wav
2026-05-29 23:49:14,266 | utils | INFO | Audio diproses: 2312_audio7.wav → prep_2312_audio7.wav
2026-05-29 23:49:34,630 | utils | INFO | File temp dihapus: prep_2312_audio7.wav
2026-05-29 23:50:04,869 | utils | INFO | Audio diproses: 2312_audio11.wav → prep_2312_audio11.wav
2026-05-29 23:50:24,660 | utils | INFO | File temp dihapus: prep_2312_audio11.wav
2026-05-29 23:50:48,656 | utils | INFO | Audio diproses: 2312_audio15.wav → prep_2312_audio15.wav
2026-05-29 23:51:09,120 | utils | INFO | File temp dihapus: prep_2312_audio15.wav
2026-05-29 23:51:37,293 | utils | INFO | Audio diproses: 2312_audio19.wav → prep_2312_audio19.wav
2026-05-29 23:51:57,147 | utils | INFO | File temp dihapus: prep_2312_audio19.wav
2026-05-29 23:52:16,150 | utils | INFO | Audio diproses: 2312_audio20.wav → prep_2312_audio20.wav
2026-05-29 23:52:36,111 | utils | INFO | File temp dihapus: prep_2312_audio20.wav
2026-05-29 23:52:53,909 | utils | INFO | Audio diproses: 2318_audio01.wav → prep_2318_audio01.wav
2026-05-29 23:53:13,881 | utils | INFO | File temp dihapus: prep_2318_audio01.wav
2026-05-29 23:53:35,366 | utils | INFO | Audio diproses: 2318_audio02.wav → prep_2318_audio02.wav
2026-05-29 23:53:55,166 | utils | INFO | File temp dihapus: prep_2318_audio02.wav
2026-05-29 23:55:33,577 | utils | INFO | Audio diproses: 2318_audio03.wav → prep_2318_audio03.wav
2026-05-29 23:55:53,641 | utils | INFO | File temp dihapus: prep_2318_audio03.wav
2026-05-29 23:56:15,599 | utils | INFO | Audio diproses: 2318_audio04.wav → prep_2318_audio04.wav
2026-05-29 23:56:35,127 | utils | INFO | File temp dihapus: prep_2318_audio04.wav
2026-05-29 23:58:19,037 | utils | INFO | Audio diproses: 2318_audio05.wav → prep_2318_audio05.wav
2026-05-29 23:58:41,103 | utils | INFO | File temp dihapus: prep_2318_audio05.wav
2026-05-30 00:00:17,744 | utils | INFO | Audio diproses: 2318_audio06.wav → prep_2318_audio06.wav
2026-05-30 00:00:37,439 | utils | INFO | File temp dihapus: prep_2318_audio06.wav
2026-05-30 00:01:25,529 | utils | INFO | Audio diproses: 2318_audio09.wav → prep_2318_audio09.wav
2026-05-30 00:01:45,300 | utils | INFO | File temp dihapus: prep_2318_audio09.wav
2026-05-30 00:03:28,858 | utils | INFO | Audio diproses: 2318_audio10.wav → prep_2318_audio10.wav
2026-05-30 00:03:48,589 | utils | INFO | File temp dihapus: prep_2318_audio10.wav
2026-05-30 00:04:15,150 | utils | INFO | Audio diproses: 2318_audio13.wav → prep_2318_audio13.wav
2026-05-30 00:04:35,014 | utils | INFO | File temp dihapus: prep_2318_audio13.wav
2026-05-30 00:04:54,382 | utils | INFO | Audio diproses: 2318_audio19.wav → prep_2318_audio19.wav
2026-05-30 00:05:14,187 | utils | INFO | File temp dihapus: prep_2318_audio19.wav
2026-05-30 00:05:32,845 | utils | INFO | Audio diproses: 2319_Audio1.wav → prep_2319_Audio1.wav
2026-05-30 00:05:52,796 | utils | INFO | File temp dihapus: prep_2319_Audio1.wav
2026-05-30 00:06:12,601 | utils | INFO | Audio diproses: 2319_Audio2.wav → prep_2319_Audio2.wav
2026-05-30 00:06:32,244 | utils | INFO | File temp dihapus: prep_2319_Audio2.wav
2026-05-30 00:07:16,800 | utils | INFO | Audio diproses: 2319_Audio3.wav → prep_2319_Audio3.wav
2026-05-30 00:07:36,479 | utils | INFO | File temp dihapus: prep_2319_Audio3.wav
2026-05-30 00:09:17,999 | utils | INFO | Audio diproses: 2319_Audio4.wav → prep_2319_Audio4.wav
2026-05-30 00:09:38,479 | utils | INFO | File temp dihapus: prep_2319_Audio4.wav
2026-05-30 00:10:32,292 | utils | INFO | Audio diproses: 2319_Audio5.wav → prep_2319_Audio5.wav
2026-05-30 00:10:54,161 | utils | INFO | File temp dihapus: prep_2319_Audio5.wav
2026-05-30 00:12:35,056 | utils | INFO | Audio diproses: 2319_Audio6.wav → prep_2319_Audio6.wav
2026-05-30 00:12:54,974 | utils | INFO | File temp dihapus: prep_2319_Audio6.wav
2026-05-30 00:13:50,184 | utils | INFO | Audio diproses: 2319_Audio10.wav → prep_2319_Audio10.wav
2026-05-30 00:14:10,234 | utils | INFO | File temp dihapus: prep_2319_Audio10.wav
2026-05-30 00:14:43,237 | utils | INFO | Audio diproses: 2319_Audio13.wav → prep_2319_Audio13.wav
2026-05-30 00:15:03,556 | utils | INFO | File temp dihapus: prep_2319_Audio13.wav
2026-05-30 00:15:32,908 | utils | INFO | Audio diproses: 2319_Audio16.wav → prep_2319_Audio16.wav
2026-05-30 00:15:53,334 | utils | INFO | File temp dihapus: prep_2319_Audio16.wav
2026-05-30 00:16:19,190 | utils | INFO | Audio diproses: 2319_Audio19.wav → prep_2319_Audio19.wav
2026-05-30 00:16:39,120 | utils | INFO | File temp dihapus: prep_2319_Audio19.wav
2026-05-30 00:16:58,610 | utils | INFO | Audio diproses: 2323_audio01.wav → prep_2323_audio01.wav
2026-05-30 00:17:18,922 | utils | INFO | File temp dihapus: prep_2323_audio01.wav
2026-05-30 00:17:36,704 | utils | INFO | Audio diproses: 2323_audio02.wav → prep_2323_audio02.wav
2026-05-30 00:17:56,734 | utils | INFO | File temp dihapus: prep_2323_audio02.wav
2026-05-30 00:18:34,266 | utils | INFO | Audio diproses: 2323_audio03.wav → prep_2323_audio03.wav
2026-05-30 00:18:54,104 | utils | INFO | File temp dihapus: prep_2323_audio03.wav
2026-05-30 00:19:30,720 | utils | INFO | Audio diproses: 2323_audio04.wav → prep_2323_audio04.wav
2026-05-30 00:19:50,429 | utils | INFO | File temp dihapus: prep_2323_audio04.wav
2026-05-30 00:20:34,240 | utils | INFO | Audio diproses: 2323_audio05.wav → prep_2323_audio05.wav
2026-05-30 00:20:56,848 | utils | INFO | File temp dihapus: prep_2323_audio05.wav
2026-05-30 00:22:23,338 | utils | INFO | Audio diproses: 2323_audio06.wav → prep_2323_audio06.wav
2026-05-30 00:22:43,068 | utils | INFO | File temp dihapus: prep_2323_audio06.wav
2026-05-30 00:23:19,224 | utils | INFO | Audio diproses: 2323_audio13.wav → prep_2323_audio13.wav
2026-05-30 00:23:39,188 | utils | INFO | File temp dihapus: prep_2323_audio13.wav
2026-05-30 00:24:06,461 | utils | INFO | Audio diproses: 2323_audio14.wav → prep_2323_audio14.wav
2026-05-30 00:24:25,943 | utils | INFO | File temp dihapus: prep_2323_audio14.wav
2026-05-30 00:25:10,117 | utils | INFO | Audio diproses: 2323_audio15.wav → prep_2323_audio15.wav
2026-05-30 00:25:30,647 | utils | INFO | File temp dihapus: prep_2323_audio15.wav
2026-05-30 00:25:59,289 | utils | INFO | Audio diproses: 2323_audio16.wav → prep_2323_audio16.wav
2026-05-30 00:26:19,829 | utils | INFO | File temp dihapus: prep_2323_audio16.wav
2026-05-30 00:26:42,847 | utils | INFO | Audio diproses: 2323_audio18.wav → prep_2323_audio18.wav
2026-05-30 00:27:02,557 | utils | INFO | File temp dihapus: prep_2323_audio18.wav
2026-05-30 00:27:44,067 | utils | INFO | Audio diproses: 2325_audio1.wav → prep_2325_audio1.wav
2026-05-30 00:28:04,112 | utils | INFO | File temp dihapus: prep_2325_audio1.wav
2026-05-30 00:28:20,965 | utils | INFO | Audio diproses: 2325_audio2.wav → prep_2325_audio2.wav
2026-05-30 00:28:40,798 | utils | INFO | File temp dihapus: prep_2325_audio2.wav
2026-05-30 00:29:08,319 | utils | INFO | Audio diproses: 2325_audio3.wav → prep_2325_audio3.wav
2026-05-30 00:29:27,896 | utils | INFO | File temp dihapus: prep_2325_audio3.wav
2026-05-30 00:30:12,469 | utils | INFO | Audio diproses: 2325_audio4.wav → prep_2325_audio4.wav
2026-05-30 00:30:31,999 | utils | INFO | File temp dihapus: prep_2325_audio4.wav
2026-05-30 00:31:20,696 | utils | INFO | Audio diproses: 2325_audio5.wav → prep_2325_audio5.wav
2026-05-30 00:31:43,631 | utils | INFO | File temp dihapus: prep_2325_audio5.wav
2026-05-30 00:32:32,894 | utils | INFO | Audio diproses: 2325_audio6.wav → prep_2325_audio6.wav
2026-05-30 00:32:52,676 | utils | INFO | File temp dihapus: prep_2325_audio6.wav
2026-05-30 00:33:39,176 | utils | INFO | Audio diproses: 2325_audio7.wav → prep_2325_audio7.wav
2026-05-30 00:33:59,400 | utils | INFO | File temp dihapus: prep_2325_audio7.wav
2026-05-30 00:34:29,339 | utils | INFO | Audio diproses: 2325_audio8.wav → prep_2325_audio8.wav
2026-05-30 00:34:49,153 | utils | INFO | File temp dihapus: prep_2325_audio8.wav
2026-05-30 00:35:17,997 | utils | INFO | Audio diproses: 2325_audio9.wav → prep_2325_audio9.wav
2026-05-30 00:35:37,612 | utils | INFO | File temp dihapus: prep_2325_audio9.wav
2026-05-30 00:36:36,122 | utils | INFO | Audio diproses: 2325_audio10.wav → prep_2325_audio10.wav
2026-05-30 00:36:55,832 | utils | INFO | File temp dihapus: prep_2325_audio10.wav
2026-05-30 00:37:30,820 | utils | INFO | Audio diproses: 2326_audio01.wav → prep_2326_audio01.wav
2026-05-30 00:37:50,782 | utils | INFO | File temp dihapus: prep_2326_audio01.wav
2026-05-30 00:38:10,574 | utils | INFO | Audio diproses: 2326_audio02.wav → prep_2326_audio02.wav
2026-05-30 00:38:30,249 | utils | INFO | File temp dihapus: prep_2326_audio02.wav
2026-05-30 00:39:17,070 | utils | INFO | Audio diproses: 2326_audio03.wav → prep_2326_audio03.wav
2026-05-30 00:39:36,843 | utils | INFO | File temp dihapus: prep_2326_audio03.wav
2026-05-30 00:40:27,834 | utils | INFO | Audio diproses: 2326_audio04.wav → prep_2326_audio04.wav
2026-05-30 00:40:47,299 | utils | INFO | File temp dihapus: prep_2326_audio04.wav
2026-05-30 00:41:29,706 | utils | INFO | Audio diproses: 2326_audio05.wav → prep_2326_audio05.wav
2026-05-30 00:41:52,237 | utils | INFO | File temp dihapus: prep_2326_audio05.wav
2026-05-30 00:43:31,137 | utils | INFO | Audio diproses: 2326_audio06.wav → prep_2326_audio06.wav
2026-05-30 00:43:51,032 | utils | INFO | File temp dihapus: prep_2326_audio06.wav
2026-05-30 00:45:28,996 | utils | INFO | Audio diproses: 2326_audio07.wav → prep_2326_audio07.wav
2026-05-30 00:45:49,351 | utils | INFO | File temp dihapus: prep_2326_audio07.wav
2026-05-30 00:46:09,354 | utils | INFO | Audio diproses: 2326_audio11.wav → prep_2326_audio11.wav
2026-05-30 00:46:28,999 | utils | INFO | File temp dihapus: prep_2326_audio11.wav
2026-05-30 00:46:52,037 | utils | INFO | Audio diproses: 2326_audio13.wav → prep_2326_audio13.wav
2026-05-30 00:47:12,089 | utils | INFO | File temp dihapus: prep_2326_audio13.wav
2026-05-30 00:47:41,727 | utils | INFO | Audio diproses: 2326_audio17.wav → prep_2326_audio17.wav
2026-05-30 00:48:01,879 | utils | INFO | File temp dihapus: prep_2326_audio17.wav
2026-05-30 00:48:21,589 | utils | INFO | Audio diproses: 2330_audio01.wav → prep_2330_audio01.wav
2026-05-30 00:48:41,531 | utils | INFO | File temp dihapus: prep_2330_audio01.wav
2026-05-30 00:48:56,815 | utils | INFO | Audio diproses: 2330_audio02.wav → prep_2330_audio02.wav
2026-05-30 00:49:16,501 | utils | INFO | File temp dihapus: prep_2330_audio02.wav
2026-05-30 00:50:04,114 | utils | INFO | Audio diproses: 2330_audio03.wav → prep_2330_audio03.wav
2026-05-30 00:50:23,846 | utils | INFO | File temp dihapus: prep_2330_audio03.wav
2026-05-30 00:50:59,627 | utils | INFO | Audio diproses: 2330_audio04.wav → prep_2330_audio04.wav
2026-05-30 00:51:19,229 | utils | INFO | File temp dihapus: prep_2330_audio04.wav
2026-05-30 00:52:00,810 | utils | INFO | Audio diproses: 2330_audio05.wav → prep_2330_audio05.wav
2026-05-30 00:52:23,260 | utils | INFO | File temp dihapus: prep_2330_audio05.wav
2026-05-30 00:53:58,346 | utils | INFO | Audio diproses: 2330_audio06.wav → prep_2330_audio06.wav
2026-05-30 00:54:18,211 | utils | INFO | File temp dihapus: prep_2330_audio06.wav
2026-05-30 00:55:04,285 | utils | INFO | Audio diproses: 2330_audio07.wav → prep_2330_audio07.wav
2026-05-30 00:55:24,651 | utils | INFO | File temp dihapus: prep_2330_audio07.wav
2026-05-30 00:55:56,280 | utils | INFO | Audio diproses: 2330_audio12.wav → prep_2330_audio12.wav
2026-05-30 00:56:15,998 | utils | INFO | File temp dihapus: prep_2330_audio12.wav
2026-05-30 00:56:35,530 | utils | INFO | Audio diproses: 2330_audio14.wav → prep_2330_audio14.wav
2026-05-30 00:56:54,985 | utils | INFO | File temp dihapus: prep_2330_audio14.wav
2026-05-30 00:57:38,775 | utils | INFO | Audio diproses: 2330_audio15.wav → prep_2330_audio15.wav
2026-05-30 00:57:59,126 | utils | INFO | File temp dihapus: prep_2330_audio15.wav
2026-05-30 00:58:30,528 | utils | INFO | Audio diproses: 2330_audio17.wav → prep_2330_audio17.wav
2026-05-30 00:58:50,679 | utils | INFO | File temp dihapus: prep_2330_audio17.wav
2026-05-30 00:59:09,451 | utils | INFO | Audio diproses: 2331_audio01.wav → prep_2331_audio01.wav
2026-05-30 00:59:29,415 | utils | INFO | File temp dihapus: prep_2331_audio01.wav
2026-05-30 00:59:51,997 | utils | INFO | Audio diproses: 2331_audio02.wav → prep_2331_audio02.wav
2026-05-30 01:00:11,915 | utils | INFO | File temp dihapus: prep_2331_audio02.wav
2026-05-30 01:00:55,539 | utils | INFO | Audio diproses: 2331_audio03.wav → prep_2331_audio03.wav
2026-05-30 01:01:15,252 | utils | INFO | File temp dihapus: prep_2331_audio03.wav
2026-05-30 01:01:56,802 | utils | INFO | Audio diproses: 2331_audio04.wav → prep_2331_audio04.wav
2026-05-30 01:02:16,442 | utils | INFO | File temp dihapus: prep_2331_audio04.wav
2026-05-30 01:02:58,016 | utils | INFO | Audio diproses: 2331_audio05.wav → prep_2331_audio05.wav
2026-05-30 01:03:20,039 | utils | INFO | File temp dihapus: prep_2331_audio05.wav
2026-05-30 01:03:57,299 | utils | INFO | Audio diproses: 2331_audio06.wav → prep_2331_audio06.wav
2026-05-30 01:04:17,205 | utils | INFO | File temp dihapus: prep_2331_audio06.wav
2026-05-30 01:05:52,890 | utils | INFO | Audio diproses: 2331_audio10.wav → prep_2331_audio10.wav
2026-05-30 01:06:12,657 | utils | INFO | File temp dihapus: prep_2331_audio10.wav
2026-05-30 01:06:40,280 | utils | INFO | Audio diproses: 2331_audio12.wav → prep_2331_audio12.wav
2026-05-30 01:06:59,912 | utils | INFO | File temp dihapus: prep_2331_audio12.wav
2026-05-30 01:07:25,686 | utils | INFO | Audio diproses: 2331_audio15.wav → prep_2331_audio15.wav
2026-05-30 01:07:46,114 | utils | INFO | File temp dihapus: prep_2331_audio15.wav
2026-05-30 01:08:20,640 | utils | INFO | Audio diproses: 2331_audio17.wav → prep_2331_audio17.wav
2026-05-30 01:08:40,610 | utils | INFO | File temp dihapus: prep_2331_audio17.wav
2026-05-30 01:09:06,795 | utils | INFO | Audio diproses: 2334_audio01.wav → prep_2334_audio01.wav
2026-05-30 01:09:27,055 | utils | INFO | File temp dihapus: prep_2334_audio01.wav
2026-05-30 01:09:42,323 | utils | INFO | Audio diproses: 2334_audio02.wav → prep_2334_audio02.wav
2026-05-30 01:10:01,916 | utils | INFO | File temp dihapus: prep_2334_audio02.wav
2026-05-30 01:10:50,453 | utils | INFO | Audio diproses: 2334_audio03.wav → prep_2334_audio03.wav
2026-05-30 01:11:10,114 | utils | INFO | File temp dihapus: prep_2334_audio03.wav
2026-05-30 01:11:53,584 | utils | INFO | Audio diproses: 2334_audio04.wav → prep_2334_audio04.wav
2026-05-30 01:12:13,151 | utils | INFO | File temp dihapus: prep_2334_audio04.wav
2026-05-30 01:13:43,021 | utils | INFO | Audio diproses: 2334_audio05.wav → prep_2334_audio05.wav
2026-05-30 01:14:05,421 | utils | INFO | File temp dihapus: prep_2334_audio05.wav
2026-05-30 01:15:13,103 | utils | INFO | Audio diproses: 2334_audio06.wav → prep_2334_audio06.wav
2026-05-30 01:15:32,966 | utils | INFO | File temp dihapus: prep_2334_audio06.wav
2026-05-30 01:16:10,904 | utils | INFO | Audio diproses: 2334_audio07.wav → prep_2334_audio07.wav
2026-05-30 01:16:31,386 | utils | INFO | File temp dihapus: prep_2334_audio07.wav
2026-05-30 01:17:02,663 | utils | INFO | Audio diproses: 2334_audio08.wav → prep_2334_audio08.wav
2026-05-30 01:17:22,361 | utils | INFO | File temp dihapus: prep_2334_audio08.wav
2026-05-30 01:17:43,466 | utils | INFO | Audio diproses: 2334_audio09.wav → prep_2334_audio09.wav
2026-05-30 01:18:02,964 | utils | INFO | File temp dihapus: prep_2334_audio09.wav
2026-05-30 01:18:48,372 | utils | INFO | Audio diproses: 2334_audio10.wav → prep_2334_audio10.wav
2026-05-30 01:19:08,642 | utils | INFO | File temp dihapus: prep_2334_audio10.wav
2026-05-30 01:19:29,844 | utils | INFO | Audio diproses: 2337_audio01.wav → prep_2337_audio01.wav
2026-05-30 01:19:49,842 | utils | INFO | File temp dihapus: prep_2337_audio01.wav
2026-05-30 01:20:05,930 | utils | INFO | Audio diproses: 2337_audio02.wav → prep_2337_audio02.wav
2026-05-30 01:20:25,750 | utils | INFO | File temp dihapus: prep_2337_audio02.wav
2026-05-30 01:21:11,157 | utils | INFO | Audio diproses: 2337_audio03.wav → prep_2337_audio03.wav
2026-05-30 01:21:30,990 | utils | INFO | File temp dihapus: prep_2337_audio03.wav
2026-05-30 01:22:14,720 | utils | INFO | Audio diproses: 2337_audio04.wav → prep_2337_audio04.wav
2026-05-30 01:22:34,225 | utils | INFO | File temp dihapus: prep_2337_audio04.wav
2026-05-30 01:23:23,648 | utils | INFO | Audio diproses: 2337_audio05.wav → prep_2337_audio05.wav
2026-05-30 01:23:45,984 | utils | INFO | File temp dihapus: prep_2337_audio05.wav
2026-05-30 01:25:08,717 | utils | INFO | Audio diproses: 2337_audio06.wav → prep_2337_audio06.wav
2026-05-30 01:25:28,630 | utils | INFO | File temp dihapus: prep_2337_audio06.wav
2026-05-30 01:26:20,435 | utils | INFO | Audio diproses: 2337_audio07.wav → prep_2337_audio07.wav
2026-05-30 01:26:40,800 | utils | INFO | File temp dihapus: prep_2337_audio07.wav
2026-05-30 01:27:01,993 | utils | INFO | Audio diproses: 2337_audio13.wav → prep_2337_audio13.wav
2026-05-30 01:27:22,147 | utils | INFO | File temp dihapus: prep_2337_audio13.wav
2026-05-30 01:27:42,362 | utils | INFO | Audio diproses: 2337_audio14.wav → prep_2337_audio14.wav
2026-05-30 01:28:01,942 | utils | INFO | File temp dihapus: prep_2337_audio14.wav
2026-05-30 01:28:57,415 | utils | INFO | Audio diproses: 2337_audio18.wav → prep_2337_audio18.wav
2026-05-30 01:29:17,356 | utils | INFO | File temp dihapus: prep_2337_audio18.wav
2026-05-30 01:30:02,871 | utils | INFO | Audio diproses: 2338_audio01.wav → prep_2338_audio01.wav
2026-05-30 01:30:22,944 | utils | INFO | File temp dihapus: prep_2338_audio01.wav
2026-05-30 01:30:42,025 | utils | INFO | Audio diproses: 2338_audio02.wav → prep_2338_audio02.wav
2026-05-30 01:31:01,764 | utils | INFO | File temp dihapus: prep_2338_audio02.wav
2026-05-30 01:31:54,763 | utils | INFO | Audio diproses: 2338_audio03.wav → prep_2338_audio03.wav
2026-05-30 01:32:14,960 | utils | INFO | File temp dihapus: prep_2338_audio03.wav
2026-05-30 01:32:54,185 | utils | INFO | Audio diproses: 2338_audio04.wav → prep_2338_audio04.wav
2026-05-30 01:33:13,802 | utils | INFO | File temp dihapus: prep_2338_audio04.wav
2026-05-30 01:34:02,551 | utils | INFO | Audio diproses: 2338_audio05.wav → prep_2338_audio05.wav
2026-05-30 01:34:25,141 | utils | INFO | File temp dihapus: prep_2338_audio05.wav
2026-05-30 01:34:46,176 | utils | INFO | Audio diproses: 2338_audio06.wav → prep_2338_audio06.wav
2026-05-30 01:35:06,281 | utils | INFO | File temp dihapus: prep_2338_audio06.wav
2026-05-30 01:36:27,347 | utils | INFO | Audio diproses: 2338_audio12.wav → prep_2338_audio12.wav
2026-05-30 01:36:47,059 | utils | INFO | File temp dihapus: prep_2338_audio12.wav
2026-05-30 01:37:06,888 | utils | INFO | Audio diproses: 2338_audio13.wav → prep_2338_audio13.wav
2026-05-30 01:37:26,793 | utils | INFO | File temp dihapus: prep_2338_audio13.wav
2026-05-30 01:37:56,474 | utils | INFO | Audio diproses: 2338_audio15.wav → prep_2338_audio15.wav
2026-05-30 01:38:16,929 | utils | INFO | File temp dihapus: prep_2338_audio15.wav
2026-05-30 01:38:48,569 | utils | INFO | Audio diproses: 2338_audio17.wav → prep_2338_audio17.wav
2026-05-30 01:39:08,844 | utils | INFO | File temp dihapus: prep_2338_audio17.wav
2026-05-30 01:39:30,411 | utils | INFO | Audio diproses: 2341_audio01.wav → prep_2341_audio01.wav
2026-05-30 01:39:50,556 | utils | INFO | File temp dihapus: prep_2341_audio01.wav
2026-05-30 01:40:06,681 | utils | INFO | Audio diproses: 2341_audio01(1).wav → prep_2341_audio01(1).wav
2026-05-30 01:40:26,696 | utils | INFO | File temp dihapus: prep_2341_audio01(1).wav
2026-05-30 01:40:42,579 | utils | INFO | Audio diproses: 2341_audio02.wav → prep_2341_audio02.wav
2026-05-30 01:41:02,567 | utils | INFO | File temp dihapus: prep_2341_audio02.wav
2026-05-30 01:41:59,971 | utils | INFO | Audio diproses: 2341_audio02(1).wav → prep_2341_audio02(1).wav
2026-05-30 01:42:20,005 | utils | INFO | File temp dihapus: prep_2341_audio02(1).wav
2026-05-30 01:43:09,075 | utils | INFO | Audio diproses: 2341_audio03.wav → prep_2341_audio03.wav
2026-05-30 01:43:29,338 | utils | INFO | File temp dihapus: prep_2341_audio03.wav
2026-05-30 01:44:01,492 | utils | INFO | Audio diproses: 2341_audio03(1).wav → prep_2341_audio03(1).wav
2026-05-30 01:44:21,940 | utils | INFO | File temp dihapus: prep_2341_audio03(1).wav
2026-05-30 01:44:51,330 | utils | INFO | Audio diproses: 2341_audio04.wav → prep_2341_audio04.wav
2026-05-30 01:45:10,989 | utils | INFO | File temp dihapus: prep_2341_audio04.wav
2026-05-30 01:46:04,299 | utils | INFO | Audio diproses: 2341_audio04(1).wav → prep_2341_audio04(1).wav
2026-05-30 01:46:23,742 | utils | INFO | File temp dihapus: prep_2341_audio04(1).wav
2026-05-30 01:47:04,782 | utils | INFO | Audio diproses: 2341_audio05.wav → prep_2341_audio05.wav
2026-05-30 01:47:27,264 | utils | INFO | File temp dihapus: prep_2341_audio05.wav
2026-05-30 01:48:19,191 | utils | INFO | Audio diproses: 2341_audio05(1).wav → prep_2341_audio05(1).wav
2026-05-30 01:48:41,521 | utils | INFO | File temp dihapus: prep_2341_audio05(1).wav
2026-05-30 01:49:17,959 | utils | INFO | Audio diproses: 2341_audio06.wav → prep_2341_audio06.wav
2026-05-30 01:49:37,940 | utils | INFO | File temp dihapus: prep_2341_audio06.wav
2026-05-30 01:51:09,550 | utils | INFO | Audio diproses: 2341_audio06(1).wav → prep_2341_audio06(1).wav
2026-05-30 01:51:29,431 | utils | INFO | File temp dihapus: prep_2341_audio06(1).wav
2026-05-30 01:52:58,778 | utils | INFO | Audio diproses: 2341_audio07.wav → prep_2341_audio07.wav
2026-05-30 01:53:19,276 | utils | INFO | File temp dihapus: prep_2341_audio07.wav
2026-05-30 01:53:57,363 | utils | INFO | Audio diproses: 2341_audio07(1).wav → prep_2341_audio07(1).wav
2026-05-30 01:54:17,772 | utils | INFO | File temp dihapus: prep_2341_audio07(1).wav
2026-05-30 01:54:42,473 | utils | INFO | Audio diproses: 2341_audio08.wav → prep_2341_audio08.wav
2026-05-30 01:55:02,170 | utils | INFO | File temp dihapus: prep_2341_audio08.wav
2026-05-30 01:55:20,203 | utils | INFO | Audio diproses: 2341_audio08(1).wav → prep_2341_audio08(1).wav
2026-05-30 01:55:39,806 | utils | INFO | File temp dihapus: prep_2341_audio08(1).wav
2026-05-30 01:56:05,103 | utils | INFO | Audio diproses: 2341_audio09.wav → prep_2341_audio09.wav
2026-05-30 01:56:24,541 | utils | INFO | File temp dihapus: prep_2341_audio09.wav
2026-05-30 01:57:17,361 | utils | INFO | Audio diproses: 2341_audio09(1).wav → prep_2341_audio09(1).wav
2026-05-30 01:57:36,844 | utils | INFO | File temp dihapus: prep_2341_audio09(1).wav
2026-05-30 01:58:22,631 | utils | INFO | Audio diproses: 2341_audio10.wav → prep_2341_audio10.wav
2026-05-30 01:58:42,696 | utils | INFO | File temp dihapus: prep_2341_audio10.wav
2026-05-30 01:59:11,732 | utils | INFO | Audio diproses: 2341_audio10(1).wav → prep_2341_audio10(1).wav
2026-05-30 01:59:31,825 | utils | INFO | File temp dihapus: prep_2341_audio10(1).wav
2026-05-30 01:59:58,412 | utils | INFO | Audio diproses: 2342_audio01.wav → prep_2342_audio01.wav
2026-05-30 02:00:18,437 | utils | INFO | File temp dihapus: prep_2342_audio01.wav
2026-05-30 02:00:38,167 | utils | INFO | Audio diproses: 2342_audio02.wav → prep_2342_audio02.wav
2026-05-30 02:00:57,851 | utils | INFO | File temp dihapus: prep_2342_audio02.wav
2026-05-30 02:01:40,470 | utils | INFO | Audio diproses: 2342_audio03.wav → prep_2342_audio03.wav
2026-05-30 02:02:00,173 | utils | INFO | File temp dihapus: prep_2342_audio03.wav
2026-05-30 02:02:41,747 | utils | INFO | Audio diproses: 2342_audio04.wav → prep_2342_audio04.wav
2026-05-30 02:03:01,363 | utils | INFO | File temp dihapus: prep_2342_audio04.wav
2026-05-30 02:03:58,653 | utils | INFO | Audio diproses: 2342_audio05.wav → prep_2342_audio05.wav
2026-05-30 02:04:21,626 | utils | INFO | File temp dihapus: prep_2342_audio05.wav
2026-05-30 02:05:47,496 | utils | INFO | Audio diproses: 2342_audio06.wav → prep_2342_audio06.wav
2026-05-30 02:06:07,210 | utils | INFO | File temp dihapus: prep_2342_audio06.wav
2026-05-30 02:07:03,306 | utils | INFO | Audio diproses: 2342_audio10.wav → prep_2342_audio10.wav
2026-05-30 02:07:23,138 | utils | INFO | File temp dihapus: prep_2342_audio10.wav
2026-05-30 02:07:51,118 | utils | INFO | Audio diproses: 2342_audio11.wav → prep_2342_audio11.wav
2026-05-30 02:08:10,739 | utils | INFO | File temp dihapus: prep_2342_audio11.wav
2026-05-30 02:08:30,269 | utils | INFO | Audio diproses: 2342_audio14.wav → prep_2342_audio14.wav
2026-05-30 02:08:49,792 | utils | INFO | File temp dihapus: prep_2342_audio14.wav
2026-05-30 02:09:32,219 | utils | INFO | Audio diproses: 2342_audio19.wav → prep_2342_audio19.wav
2026-05-30 02:09:52,138 | utils | INFO | File temp dihapus: prep_2342_audio19.wav
2026-05-30 02:10:11,817 | utils | INFO | Audio diproses: 2343_audio1.wav → prep_2343_audio1.wav
2026-05-30 02:10:31,824 | utils | INFO | File temp dihapus: prep_2343_audio1.wav
2026-05-30 02:11:01,376 | utils | INFO | Audio diproses: 2343_audio2.wav → prep_2343_audio2.wav
2026-05-30 02:11:21,170 | utils | INFO | File temp dihapus: prep_2343_audio2.wav
2026-05-30 02:12:11,983 | utils | INFO | Audio diproses: 2343_audio3.wav → prep_2343_audio3.wav
2026-05-30 02:12:31,669 | utils | INFO | File temp dihapus: prep_2343_audio3.wav
2026-05-30 02:12:57,006 | utils | INFO | Audio diproses: 2343_audio4.wav → prep_2343_audio4.wav
2026-05-30 02:13:16,720 | utils | INFO | File temp dihapus: prep_2343_audio4.wav
2026-05-30 02:14:14,657 | utils | INFO | Audio diproses: 2343_audio5.wav → prep_2343_audio5.wav
2026-05-30 02:14:36,860 | utils | INFO | File temp dihapus: prep_2343_audio5.wav
2026-05-30 02:16:11,021 | utils | INFO | Audio diproses: 2343_audio6.wav → prep_2343_audio6.wav
2026-05-30 02:16:30,813 | utils | INFO | File temp dihapus: prep_2343_audio6.wav
2026-05-30 02:18:10,033 | utils | INFO | Audio diproses: 2343_audio12.wav → prep_2343_audio12.wav
2026-05-30 02:18:29,697 | utils | INFO | File temp dihapus: prep_2343_audio12.wav
2026-05-30 02:19:01,189 | utils | INFO | Audio diproses: 2343_audio14.wav → prep_2343_audio14.wav
2026-05-30 02:19:20,897 | utils | INFO | File temp dihapus: prep_2343_audio14.wav
2026-05-30 02:20:26,281 | utils | INFO | Audio diproses: 2343_audio16.wav → prep_2343_audio16.wav
2026-05-30 02:20:46,425 | utils | INFO | File temp dihapus: prep_2343_audio16.wav
2026-05-30 02:21:20,441 | utils | INFO | Audio diproses: 2343_audio18.wav → prep_2343_audio18.wav
2026-05-30 02:21:40,235 | utils | INFO | File temp dihapus: prep_2343_audio18.wav
2026-05-30 02:22:03,895 | utils | INFO | Audio diproses: 2344_audio1.m4a.wav → prep_2344_audio1.m4a.wav
2026-05-30 02:22:23,866 | utils | INFO | File temp dihapus: prep_2344_audio1.m4a.wav
2026-05-30 02:22:50,011 | utils | INFO | Audio diproses: 2344_audio2.m4a.wav → prep_2344_audio2.m4a.wav
2026-05-30 02:23:09,836 | utils | INFO | File temp dihapus: prep_2344_audio2.m4a.wav
2026-05-30 02:24:12,452 | utils | INFO | Audio diproses: 2344_audio3.m4a.wav → prep_2344_audio3.m4a.wav
2026-05-30 02:24:32,951 | utils | INFO | File temp dihapus: prep_2344_audio3.m4a.wav
2026-05-30 02:25:02,347 | utils | INFO | Audio diproses: 2344_audio4.wav → prep_2344_audio4.wav
2026-05-30 02:25:22,011 | utils | INFO | File temp dihapus: prep_2344_audio4.wav
2026-05-30 02:26:22,540 | utils | INFO | Audio diproses: 2344_audio5.m4a.wav → prep_2344_audio5.m4a.wav
2026-05-30 02:26:44,909 | utils | INFO | File temp dihapus: prep_2344_audio5.m4a.wav
2026-05-30 02:28:16,196 | utils | INFO | Audio diproses: 2344_audio6.m4a.wav → prep_2344_audio6.m4a.wav
2026-05-30 02:28:36,160 | utils | INFO | File temp dihapus: prep_2344_audio6.m4a.wav
2026-05-30 02:29:57,628 | utils | INFO | Audio diproses: 2344_audio10.m4a.wav → prep_2344_audio10.m4a.wav
2026-05-30 02:30:17,383 | utils | INFO | File temp dihapus: prep_2344_audio10.m4a.wav
2026-05-30 02:30:41,782 | utils | INFO | Audio diproses: 2344_audio13.wav → prep_2344_audio13.wav
2026-05-30 02:31:01,714 | utils | INFO | File temp dihapus: prep_2344_audio13.wav
2026-05-30 02:31:20,375 | utils | INFO | Audio diproses: 2344_audio17.wav → prep_2344_audio17.wav
2026-05-30 02:31:40,399 | utils | INFO | File temp dihapus: prep_2344_audio17.wav
2026-05-30 02:31:58,768 | utils | INFO | Audio diproses: 2344_audio20.m4a.wav → prep_2344_audio20.m4a.wav
2026-05-30 02:32:18,647 | utils | INFO | File temp dihapus: prep_2344_audio20.m4a.wav
2026-05-30 02:32:54,642 | utils | INFO | Audio diproses: 2345_audio01.wav → prep_2345_audio01.wav
2026-05-30 02:33:14,845 | utils | INFO | File temp dihapus: prep_2345_audio01.wav
2026-05-30 02:33:44,195 | utils | INFO | Audio diproses: 2345_audio02.wav → prep_2345_audio02.wav
2026-05-30 02:34:04,094 | utils | INFO | File temp dihapus: prep_2345_audio02.wav
2026-05-30 02:34:32,883 | utils | INFO | Audio diproses: 2345_audio03.wav → prep_2345_audio03.wav
2026-05-30 02:34:53,793 | utils | INFO | File temp dihapus: prep_2345_audio03.wav
2026-05-30 02:35:37,366 | utils | INFO | Audio diproses: 2345_audio04.wav → prep_2345_audio04.wav
2026-05-30 02:35:56,880 | utils | INFO | File temp dihapus: prep_2345_audio04.wav
2026-05-30 02:36:42,625 | utils | INFO | Audio diproses: 2345_audio05.wav → prep_2345_audio05.wav
2026-05-30 02:37:05,140 | utils | INFO | File temp dihapus: prep_2345_audio05.wav
2026-05-30 02:38:38,300 | utils | INFO | Audio diproses: 2345_audio06.wav → prep_2345_audio06.wav
2026-05-30 02:38:58,182 | utils | INFO | File temp dihapus: prep_2345_audio06.wav
2026-05-30 02:39:39,423 | utils | INFO | Audio diproses: 2345_audio07.wav → prep_2345_audio07.wav
2026-05-30 02:39:59,837 | utils | INFO | File temp dihapus: prep_2345_audio07.wav
2026-05-30 02:40:33,325 | utils | INFO | Audio diproses: 2345_audio08.wav → prep_2345_audio08.wav
2026-05-30 02:40:53,181 | utils | INFO | File temp dihapus: prep_2345_audio08.wav
2026-05-30 02:41:19,876 | utils | INFO | Audio diproses: 2345_audio09.wav → prep_2345_audio09.wav
2026-05-30 02:41:39,738 | utils | INFO | File temp dihapus: prep_2345_audio09.wav
2026-05-30 02:42:08,188 | utils | INFO | Audio diproses: 2345_audio10.wav → prep_2345_audio10.wav
2026-05-30 02:42:28,039 | utils | INFO | File temp dihapus: prep_2345_audio10.wav
2026-05-30 02:42:48,557 | utils | INFO | Audio diproses: 2345_audio11.wav → prep_2345_audio11.wav
2026-05-30 02:43:08,677 | utils | INFO | File temp dihapus: prep_2345_audio11.wav
2026-05-30 02:43:35,086 | utils | INFO | Audio diproses: 2345_audio12.wav → prep_2345_audio12.wav
2026-05-30 02:43:54,733 | utils | INFO | File temp dihapus: prep_2345_audio12.wav
2026-05-30 02:44:49,427 | utils | INFO | Audio diproses: 2345_audio13.wav → prep_2345_audio13.wav
2026-05-30 02:45:09,922 | utils | INFO | File temp dihapus: prep_2345_audio13.wav
2026-05-30 02:45:32,932 | utils | INFO | Audio diproses: 2345_audio14.wav → prep_2345_audio14.wav
2026-05-30 02:45:53,112 | utils | INFO | File temp dihapus: prep_2345_audio14.wav
2026-05-30 02:46:13,886 | utils | INFO | Audio diproses: 2345_audio15.wav → prep_2345_audio15.wav
2026-05-30 02:46:33,841 | utils | INFO | File temp dihapus: prep_2345_audio15.wav
2026-05-30 02:46:52,573 | utils | INFO | Audio diproses: 2347_audio1.wav → prep_2347_audio1.wav
2026-05-30 02:47:12,681 | utils | INFO | File temp dihapus: prep_2347_audio1.wav
2026-05-30 02:47:28,902 | utils | INFO | Audio diproses: 2347_audio2.wav → prep_2347_audio2.wav
2026-05-30 02:47:48,751 | utils | INFO | File temp dihapus: prep_2347_audio2.wav
2026-05-30 02:48:33,234 | utils | INFO | Audio diproses: 2347_audio3.wav → prep_2347_audio3.wav
2026-05-30 02:48:53,042 | utils | INFO | File temp dihapus: prep_2347_audio3.wav
2026-05-30 02:49:36,171 | utils | INFO | Audio diproses: 2347_audio4.wav → prep_2347_audio4.wav
2026-05-30 02:49:55,742 | utils | INFO | File temp dihapus: prep_2347_audio4.wav
2026-05-30 02:50:52,880 | utils | INFO | Audio diproses: 2347_audio5.wav → prep_2347_audio5.wav
2026-05-30 02:51:15,392 | utils | INFO | File temp dihapus: prep_2347_audio5.wav
2026-05-30 02:52:48,853 | utils | INFO | Audio diproses: 2347_audio6.wav → prep_2347_audio6.wav
2026-05-30 02:53:08,707 | utils | INFO | File temp dihapus: prep_2347_audio6.wav
2026-05-30 02:54:07,775 | utils | INFO | Audio diproses: 2347_audio7.wav → prep_2347_audio7.wav
2026-05-30 02:54:28,207 | utils | INFO | File temp dihapus: prep_2347_audio7.wav
2026-05-30 02:55:04,541 | utils | INFO | Audio diproses: 2347_audio11.wav → prep_2347_audio11.wav
2026-05-30 02:55:24,260 | utils | INFO | File temp dihapus: prep_2347_audio11.wav
2026-05-30 02:55:43,747 | utils | INFO | Audio diproses: 2347_audio14.wav → prep_2347_audio14.wav
2026-05-30 02:56:03,247 | utils | INFO | File temp dihapus: prep_2347_audio14.wav
2026-05-30 02:56:45,554 | utils | INFO | Audio diproses: 2347_audio17.wav → prep_2347_audio17.wav
2026-05-30 02:57:05,633 | utils | INFO | File temp dihapus: prep_2347_audio17.wav
2026-05-30 02:57:20,644 | utils | INFO | Audio diproses: 2348_audio01.wav → prep_2348_audio01.wav
2026-05-30 02:57:40,676 | utils | INFO | File temp dihapus: prep_2348_audio01.wav
2026-05-30 02:58:01,148 | utils | INFO | Audio diproses: 2348_audio02.wav → prep_2348_audio02.wav
2026-05-30 02:58:20,938 | utils | INFO | File temp dihapus: prep_2348_audio02.wav
2026-05-30 02:59:09,235 | utils | INFO | Audio diproses: 2348_audio03.wav → prep_2348_audio03.wav
2026-05-30 02:59:29,508 | utils | INFO | File temp dihapus: prep_2348_audio03.wav
2026-05-30 03:00:01,761 | utils | INFO | Audio diproses: 2348_audio04.wav → prep_2348_audio04.wav
2026-05-30 03:00:21,424 | utils | INFO | File temp dihapus: prep_2348_audio04.wav
2026-05-30 03:01:10,055 | utils | INFO | Audio diproses: 2348_audio05.wav → prep_2348_audio05.wav
2026-05-30 03:01:32,026 | utils | INFO | File temp dihapus: prep_2348_audio05.wav
2026-05-30 03:02:14,257 | utils | INFO | Audio diproses: 2348_audio06.wav → prep_2348_audio06.wav
2026-05-30 03:02:34,014 | utils | INFO | File temp dihapus: prep_2348_audio06.wav
2026-05-30 03:03:21,155 | utils | INFO | Audio diproses: 2348_audio07.wav → prep_2348_audio07.wav
2026-05-30 03:03:41,497 | utils | INFO | File temp dihapus: prep_2348_audio07.wav
2026-05-30 03:04:07,714 | utils | INFO | Audio diproses: 2348_audio12.wav → prep_2348_audio12.wav
2026-05-30 03:04:27,223 | utils | INFO | File temp dihapus: prep_2348_audio12.wav
2026-05-30 03:04:54,898 | utils | INFO | Audio diproses: 2348_audio13.wav → prep_2348_audio13.wav
2026-05-30 03:05:14,823 | utils | INFO | File temp dihapus: prep_2348_audio13.wav
2026-05-30 03:05:32,217 | utils | INFO | Audio diproses: 2348_audio14.wav → prep_2348_audio14.wav
2026-05-30 03:05:51,519 | utils | INFO | File temp dihapus: prep_2348_audio14.wav
2026-05-30 03:06:45,405 | utils | INFO | Audio diproses: 2355_audio01.wav → prep_2355_audio01.wav
2026-05-30 03:07:05,455 | utils | INFO | File temp dihapus: prep_2355_audio01.wav
2026-05-30 03:07:41,887 | utils | INFO | Audio diproses: 2355_audio02.wav → prep_2355_audio02.wav
2026-05-30 03:08:01,685 | utils | INFO | File temp dihapus: prep_2355_audio02.wav
2026-05-30 03:08:37,928 | utils | INFO | Audio diproses: 2355_audio03.wav → prep_2355_audio03.wav
2026-05-30 03:08:57,589 | utils | INFO | File temp dihapus: prep_2355_audio03.wav
2026-05-30 03:09:43,855 | utils | INFO | Audio diproses: 2355_audio04.wav → prep_2355_audio04.wav
2026-05-30 03:10:03,429 | utils | INFO | File temp dihapus: prep_2355_audio04.wav
2026-05-30 03:11:30,104 | utils | INFO | Audio diproses: 2355_audio05.wav → prep_2355_audio05.wav
2026-05-30 03:11:52,219 | utils | INFO | File temp dihapus: prep_2355_audio05.wav
2026-05-30 03:12:33,125 | utils | INFO | Audio diproses: 2355_audio06.wav → prep_2355_audio06.wav
2026-05-30 03:12:53,050 | utils | INFO | File temp dihapus: prep_2355_audio06.wav
2026-05-30 03:14:13,921 | utils | INFO | Audio diproses: 2355_audio07.wav → prep_2355_audio07.wav
2026-05-30 03:14:34,244 | utils | INFO | File temp dihapus: prep_2355_audio07.wav
2026-05-30 03:15:01,427 | utils | INFO | Audio diproses: 2355_audio10.wav → prep_2355_audio10.wav
2026-05-30 03:15:21,284 | utils | INFO | File temp dihapus: prep_2355_audio10.wav
2026-05-30 03:15:49,916 | utils | INFO | Audio diproses: 2355_audio13.wav → prep_2355_audio13.wav
2026-05-30 03:16:09,910 | utils | INFO | File temp dihapus: prep_2355_audio13.wav
2026-05-30 03:16:29,085 | utils | INFO | Audio diproses: 2355_audio17.wav → prep_2355_audio17.wav
2026-05-30 03:16:49,210 | utils | INFO | File temp dihapus: prep_2355_audio17.wav
2026-05-30 03:17:07,868 | utils | INFO | Audio diproses: 2357_audio01.wav → prep_2357_audio01.wav
2026-05-30 03:17:28,063 | utils | INFO | File temp dihapus: prep_2357_audio01.wav
2026-05-30 03:17:48,868 | utils | INFO | Audio diproses: 2357_audio02.wav → prep_2357_audio02.wav
2026-05-30 03:18:08,576 | utils | INFO | File temp dihapus: prep_2357_audio02.wav
2026-05-30 03:18:55,908 | utils | INFO | Audio diproses: 2357_audio03.wav → prep_2357_audio03.wav
2026-05-30 03:19:15,627 | utils | INFO | File temp dihapus: prep_2357_audio03.wav
2026-05-30 03:19:57,103 | utils | INFO | Audio diproses: 2357_audio04.wav → prep_2357_audio04.wav
2026-05-30 03:20:16,698 | utils | INFO | File temp dihapus: prep_2357_audio04.wav
2026-05-30 03:21:12,486 | utils | INFO | Audio diproses: 2357_audio05.wav → prep_2357_audio05.wav
2026-05-30 03:21:34,829 | utils | INFO | File temp dihapus: prep_2357_audio05.wav
2026-05-30 03:23:04,678 | utils | INFO | Audio diproses: 2357_audio06.wav → prep_2357_audio06.wav
2026-05-30 03:23:24,309 | utils | INFO | File temp dihapus: prep_2357_audio06.wav
2026-05-30 03:24:53,312 | utils | INFO | Audio diproses: 2357_audio07.wav → prep_2357_audio07.wav
2026-05-30 03:25:13,815 | utils | INFO | File temp dihapus: prep_2357_audio07.wav
2026-05-30 03:25:39,661 | utils | INFO | Audio diproses: 2357_audio12.wav → prep_2357_audio12.wav
2026-05-30 03:25:59,348 | utils | INFO | File temp dihapus: prep_2357_audio12.wav
2026-05-30 03:26:24,836 | utils | INFO | Audio diproses: 2357_audio15.wav → prep_2357_audio15.wav
2026-05-30 03:26:45,111 | utils | INFO | File temp dihapus: prep_2357_audio15.wav
2026-05-30 03:27:12,309 | utils | INFO | Audio diproses: 2357_audio17.wav → prep_2357_audio17.wav
2026-05-30 03:27:32,336 | utils | INFO | File temp dihapus: prep_2357_audio17.wav
2026-05-30 03:27:55,436 | utils | INFO | Audio diproses: 2359_audio1.wav → prep_2359_audio1.wav
2026-05-30 03:28:15,587 | utils | INFO | File temp dihapus: prep_2359_audio1.wav
2026-05-30 03:28:39,130 | utils | INFO | Audio diproses: 2359_audio2.wav → prep_2359_audio2.wav
2026-05-30 03:28:58,807 | utils | INFO | File temp dihapus: prep_2359_audio2.wav
2026-05-30 03:29:40,890 | utils | INFO | Audio diproses: 2359_audio3.wav → prep_2359_audio3.wav
2026-05-30 03:30:00,567 | utils | INFO | File temp dihapus: prep_2359_audio3.wav
2026-05-30 03:30:40,554 | utils | INFO | Audio diproses: 2359_audio4.wav → prep_2359_audio4.wav
2026-05-30 03:31:00,005 | utils | INFO | File temp dihapus: prep_2359_audio4.wav
2026-05-30 03:31:47,830 | utils | INFO | Audio diproses: 2359_audio5.wav → prep_2359_audio5.wav
2026-05-30 03:32:10,241 | utils | INFO | File temp dihapus: prep_2359_audio5.wav
2026-05-30 03:33:15,372 | utils | INFO | Audio diproses: 2359_audio6.wav → prep_2359_audio6.wav
2026-05-30 03:33:35,146 | utils | INFO | File temp dihapus: prep_2359_audio6.wav
2026-05-30 03:34:37,036 | utils | INFO | Audio diproses: 2359_audio7.wav → prep_2359_audio7.wav
2026-05-30 03:34:57,361 | utils | INFO | File temp dihapus: prep_2359_audio7.wav
2026-05-30 03:35:34,476 | utils | INFO | Audio diproses: 2359_audio12.wav → prep_2359_audio12.wav
2026-05-30 03:35:54,189 | utils | INFO | File temp dihapus: prep_2359_audio12.wav
2026-05-30 03:36:16,141 | utils | INFO | Audio diproses: 2359_audio14.wav → prep_2359_audio14.wav
2026-05-30 03:36:35,574 | utils | INFO | File temp dihapus: prep_2359_audio14.wav
2026-05-30 03:37:17,732 | utils | INFO | Audio diproses: 2359_audio17.wav → prep_2359_audio17.wav
2026-05-30 03:37:37,678 | utils | INFO | File temp dihapus: prep_2359_audio17.wav
2026-05-30 03:37:57,366 | utils | INFO | Audio diproses: 2360_audio01.wav → prep_2360_audio01.wav
2026-05-30 03:38:17,499 | utils | INFO | File temp dihapus: prep_2360_audio01.wav
2026-05-30 03:38:32,274 | utils | INFO | Audio diproses: 2360_audio02.wav → prep_2360_audio02.wav
2026-05-30 03:38:52,000 | utils | INFO | File temp dihapus: prep_2360_audio02.wav
2026-05-30 03:39:39,855 | utils | INFO | Audio diproses: 2360_audio03.wav → prep_2360_audio03.wav
2026-05-30 03:39:59,604 | utils | INFO | File temp dihapus: prep_2360_audio03.wav
2026-05-30 03:40:36,976 | utils | INFO | Audio diproses: 2360_audio04.wav → prep_2360_audio04.wav
2026-05-30 03:40:56,650 | utils | INFO | File temp dihapus: prep_2360_audio04.wav
2026-05-30 03:41:34,434 | utils | INFO | Audio diproses: 2360_audio05.wav → prep_2360_audio05.wav
2026-05-30 03:41:56,593 | utils | INFO | File temp dihapus: prep_2360_audio05.wav
2026-05-30 03:43:31,259 | utils | INFO | Audio diproses: 2360_audio06.wav → prep_2360_audio06.wav
2026-05-30 03:43:51,127 | utils | INFO | File temp dihapus: prep_2360_audio06.wav
2026-05-30 03:45:09,321 | utils | INFO | Audio diproses: 2360_audio07.wav → prep_2360_audio07.wav
2026-05-30 03:45:29,747 | utils | INFO | File temp dihapus: prep_2360_audio07.wav
2026-05-30 03:46:06,052 | utils | INFO | Audio diproses: 2360_audio10.wav → prep_2360_audio10.wav
2026-05-30 03:46:25,710 | utils | INFO | File temp dihapus: prep_2360_audio10.wav
2026-05-30 03:46:52,438 | utils | INFO | Audio diproses: 2360_audio11.wav → prep_2360_audio11.wav
2026-05-30 03:47:12,185 | utils | INFO | File temp dihapus: prep_2360_audio11.wav
2026-05-30 03:47:31,444 | utils | INFO | Audio diproses: 2360_audio14.wav → prep_2360_audio14.wav
2026-05-30 03:47:51,065 | utils | INFO | File temp dihapus: prep_2360_audio14.wav
2026-05-30 03:48:35,365 | utils | INFO | Audio diproses: 2362_audio01.wav → prep_2362_audio01.wav
2026-05-30 03:48:55,310 | utils | INFO | File temp dihapus: prep_2362_audio01.wav
2026-05-30 03:49:12,236 | utils | INFO | Audio diproses: 2362_audio02.wav → prep_2362_audio02.wav
2026-05-30 03:49:32,010 | utils | INFO | File temp dihapus: prep_2362_audio02.wav
2026-05-30 03:50:12,733 | utils | INFO | Audio diproses: 2362_audio03.wav → prep_2362_audio03.wav
2026-05-30 03:50:32,550 | utils | INFO | File temp dihapus: prep_2362_audio03.wav
2026-05-30 03:50:59,940 | utils | INFO | Audio diproses: 2362_audio04.wav → prep_2362_audio04.wav
2026-05-30 03:51:19,598 | utils | INFO | File temp dihapus: prep_2362_audio04.wav
2026-05-30 03:52:03,681 | utils | INFO | Audio diproses: 2362_audio05.wav → prep_2362_audio05.wav
2026-05-30 03:52:25,875 | utils | INFO | File temp dihapus: prep_2362_audio05.wav
2026-05-30 03:54:00,438 | utils | INFO | Audio diproses: 2362_audio06.wav → prep_2362_audio06.wav
2026-05-30 03:54:20,339 | utils | INFO | File temp dihapus: prep_2362_audio06.wav
2026-05-30 03:55:07,459 | utils | INFO | Audio diproses: 2362_audio07.wav → prep_2362_audio07.wav
2026-05-30 03:55:27,803 | utils | INFO | File temp dihapus: prep_2362_audio07.wav
2026-05-30 03:55:55,166 | utils | INFO | Audio diproses: 2362_audio11.wav → prep_2362_audio11.wav
2026-05-30 03:56:14,879 | utils | INFO | File temp dihapus: prep_2362_audio11.wav
2026-05-30 03:56:34,101 | utils | INFO | Audio diproses: 2362_audio15.wav → prep_2362_audio15.wav
2026-05-30 03:56:54,548 | utils | INFO | File temp dihapus: prep_2362_audio15.wav
2026-05-30 03:57:15,993 | utils | INFO | Audio diproses: 2362_audio17.wav → prep_2362_audio17.wav
2026-05-30 03:57:36,230 | utils | INFO | File temp dihapus: prep_2362_audio17.wav
2026-05-30 03:57:53,280 | utils | INFO | Audio diproses: 2362_audio20.wav → prep_2362_audio20.wav
2026-05-30 03:58:13,164 | utils | INFO | File temp dihapus: prep_2362_audio20.wav
2026-05-30 03:58:34,598 | utils | INFO | Audio diproses: 2363_audio01.wav → prep_2363_audio01.wav
2026-05-30 03:58:54,497 | utils | INFO | File temp dihapus: prep_2363_audio01.wav
2026-05-30 03:59:15,267 | utils | INFO | Audio diproses: 2363_audio02.wav → prep_2363_audio02.wav
2026-05-30 03:59:35,004 | utils | INFO | File temp dihapus: prep_2363_audio02.wav
2026-05-30 04:00:18,173 | utils | INFO | Audio diproses: 2363_audio03.wav → prep_2363_audio03.wav
2026-05-30 04:00:37,868 | utils | INFO | File temp dihapus: prep_2363_audio03.wav
2026-05-30 04:01:10,719 | utils | INFO | Audio diproses: 2363_audio04.wav → prep_2363_audio04.wav
2026-05-30 04:01:30,353 | utils | INFO | File temp dihapus: prep_2363_audio04.wav
2026-05-30 04:02:56,001 | utils | INFO | Audio diproses: 2363_audio05.wav → prep_2363_audio05.wav
2026-05-30 04:03:18,111 | utils | INFO | File temp dihapus: prep_2363_audio05.wav
2026-05-30 04:04:32,608 | utils | INFO | Audio diproses: 2363_audio06.wav → prep_2363_audio06.wav
2026-05-30 04:04:52,501 | utils | INFO | File temp dihapus: prep_2363_audio06.wav
2026-05-30 04:06:27,721 | utils | INFO | Audio diproses: 2363_audio07.wav → prep_2363_audio07.wav
2026-05-30 04:06:48,054 | utils | INFO | File temp dihapus: prep_2363_audio07.wav
2026-05-30 04:07:19,358 | utils | INFO | Audio diproses: 2363_audio10.wav → prep_2363_audio10.wav
2026-05-30 04:07:39,104 | utils | INFO | File temp dihapus: prep_2363_audio10.wav
2026-05-30 04:08:07,952 | utils | INFO | Audio diproses: 2363_audio11.wav → prep_2363_audio11.wav
2026-05-30 04:08:27,598 | utils | INFO | File temp dihapus: prep_2363_audio11.wav
2026-05-30 04:08:48,172 | utils | INFO | Audio diproses: 2363_audio14.wav → prep_2363_audio14.wav
2026-05-30 04:09:07,759 | utils | INFO | File temp dihapus: prep_2363_audio14.wav
2026-05-30 04:09:50,515 | utils | INFO | Audio diproses: 2364_audio01.wav → prep_2364_audio01.wav
2026-05-30 04:10:10,521 | utils | INFO | File temp dihapus: prep_2364_audio01.wav
2026-05-30 04:10:28,306 | utils | INFO | Audio diproses: 2364_audio02.wav → prep_2364_audio02.wav
2026-05-30 04:10:48,018 | utils | INFO | File temp dihapus: prep_2364_audio02.wav
2026-05-30 04:11:42,508 | utils | INFO | Audio diproses: 2364_audio03.wav → prep_2364_audio03.wav
2026-05-30 04:12:02,829 | utils | INFO | File temp dihapus: prep_2364_audio03.wav
2026-05-30 04:12:21,709 | utils | INFO | Audio diproses: 2364_audio04.wav → prep_2364_audio04.wav
2026-05-30 04:12:41,230 | utils | INFO | File temp dihapus: prep_2364_audio04.wav
2026-05-30 04:13:26,644 | utils | INFO | Audio diproses: 2364_audio05.wav → prep_2364_audio05.wav
2026-05-30 04:13:48,831 | utils | INFO | File temp dihapus: prep_2364_audio05.wav
2026-05-30 04:15:26,673 | utils | INFO | Audio diproses: 2364_audio06.wav → prep_2364_audio06.wav
2026-05-30 04:15:46,520 | utils | INFO | File temp dihapus: prep_2364_audio06.wav
2026-05-30 04:16:18,184 | utils | INFO | Audio diproses: 2364_audio12.wav → prep_2364_audio12.wav
2026-05-30 04:16:37,915 | utils | INFO | File temp dihapus: prep_2364_audio12.wav
2026-05-30 04:16:53,695 | utils | INFO | Audio diproses: 2364_audio13.wav → prep_2364_audio13.wav
2026-05-30 04:17:13,765 | utils | INFO | File temp dihapus: prep_2364_audio13.wav
2026-05-30 04:17:40,638 | utils | INFO | Audio diproses: 2364_audio14.wav → prep_2364_audio14.wav
2026-05-30 04:18:00,122 | utils | INFO | File temp dihapus: prep_2364_audio14.wav
2026-05-30 04:19:00,790 | utils | INFO | Audio diproses: 2364_audio17.wav → prep_2364_audio17.wav
2026-05-30 04:19:20,875 | utils | INFO | File temp dihapus: prep_2364_audio17.wav
2026-05-30 04:19:40,251 | utils | INFO | Audio diproses: 2366_audio01.wav → prep_2366_audio01.wav
2026-05-30 04:20:00,222 | utils | INFO | File temp dihapus: prep_2366_audio01.wav
2026-05-30 04:20:21,282 | utils | INFO | Audio diproses: 2366_audio02.wav → prep_2366_audio02.wav
2026-05-30 04:20:41,030 | utils | INFO | File temp dihapus: prep_2366_audio02.wav
2026-05-30 04:21:28,348 | utils | INFO | Audio diproses: 2366_audio03.wav → prep_2366_audio03.wav
2026-05-30 04:21:48,067 | utils | INFO | File temp dihapus: prep_2366_audio03.wav
2026-05-30 04:22:36,357 | utils | INFO | Audio diproses: 2366_audio04.wav → prep_2366_audio04.wav
2026-05-30 04:22:56,016 | utils | INFO | File temp dihapus: prep_2366_audio04.wav
2026-05-30 04:23:49,217 | utils | INFO | Audio diproses: 2366_audio05.wav → prep_2366_audio05.wav
2026-05-30 04:24:11,492 | utils | INFO | File temp dihapus: prep_2366_audio05.wav
2026-05-30 04:25:41,639 | utils | INFO | Audio diproses: 2366_audio06.wav → prep_2366_audio06.wav
2026-05-30 04:26:01,472 | utils | INFO | File temp dihapus: prep_2366_audio06.wav
2026-05-30 04:26:50,250 | utils | INFO | Audio diproses: 2366_audio07.wav → prep_2366_audio07.wav
2026-05-30 04:27:10,954 | utils | INFO | File temp dihapus: prep_2366_audio07.wav
2026-05-30 04:27:43,234 | utils | INFO | Audio diproses: 2366_audio11.wav → prep_2366_audio11.wav
2026-05-30 04:28:03,019 | utils | INFO | File temp dihapus: prep_2366_audio11.wav
2026-05-30 04:28:19,028 | utils | INFO | Audio diproses: 2366_audio13.wav → prep_2366_audio13.wav
2026-05-30 04:28:38,856 | utils | INFO | File temp dihapus: prep_2366_audio13.wav
2026-05-30 04:29:24,701 | utils | INFO | Audio diproses: 2366_audio15.wav → prep_2366_audio15.wav
2026-05-30 04:29:45,037 | utils | INFO | File temp dihapus: prep_2366_audio15.wav
2026-05-30 04:30:04,855 | utils | INFO | Audio diproses: 2367_audio1.wav → prep_2367_audio1.wav
2026-05-30 04:30:24,879 | utils | INFO | File temp dihapus: prep_2367_audio1.wav
2026-05-30 04:30:48,785 | utils | INFO | Audio diproses: 2367_audio2.wav → prep_2367_audio2.wav
2026-05-30 04:31:08,721 | utils | INFO | File temp dihapus: prep_2367_audio2.wav
2026-05-30 04:31:55,440 | utils | INFO | Audio diproses: 2367_audio3.wav → prep_2367_audio3.wav
2026-05-30 04:32:15,219 | utils | INFO | File temp dihapus: prep_2367_audio3.wav
2026-05-30 04:32:58,480 | utils | INFO | Audio diproses: 2367_audio4.wav → prep_2367_audio4.wav
2026-05-30 04:33:18,022 | utils | INFO | File temp dihapus: prep_2367_audio4.wav
2026-05-30 04:34:18,913 | utils | INFO | Audio diproses: 2367_audio5.wav → prep_2367_audio5.wav
2026-05-30 04:34:41,317 | utils | INFO | File temp dihapus: prep_2367_audio5.wav
2026-05-30 04:36:28,481 | utils | INFO | Audio diproses: 2367_audio6.wav → prep_2367_audio6.wav
2026-05-30 04:36:48,484 | utils | INFO | File temp dihapus: prep_2367_audio6.wav
2026-05-30 04:37:30,941 | utils | INFO | Audio diproses: 2367_audio7.wav → prep_2367_audio7.wav
2026-05-30 04:37:51,292 | utils | INFO | File temp dihapus: prep_2367_audio7.wav
2026-05-30 04:38:19,826 | utils | INFO | Audio diproses: 2367_audio10.wav → prep_2367_audio10.wav
2026-05-30 04:38:39,653 | utils | INFO | File temp dihapus: prep_2367_audio10.wav
2026-05-30 04:39:04,874 | utils | INFO | Audio diproses: 2367_audio13.wav → prep_2367_audio13.wav
2026-05-30 04:39:24,809 | utils | INFO | File temp dihapus: prep_2367_audio13.wav
2026-05-30 04:39:49,188 | utils | INFO | Audio diproses: 2367_audio18.wav → prep_2367_audio18.wav
2026-05-30 04:40:08,904 | utils | INFO | File temp dihapus: prep_2367_audio18.wav
2026-05-30 04:40:54,048 | utils | INFO | Audio diproses: 2369_audio1.wav → prep_2369_audio1.wav
2026-05-30 04:41:14,177 | utils | INFO | File temp dihapus: prep_2369_audio1.wav
2026-05-30 04:41:33,561 | utils | INFO | Audio diproses: 2369_audio2.wav → prep_2369_audio2.wav
2026-05-30 04:41:53,292 | utils | INFO | File temp dihapus: prep_2369_audio2.wav
2026-05-30 04:42:38,536 | utils | INFO | Audio diproses: 2369_audio3.wav → prep_2369_audio3.wav
2026-05-30 04:42:58,741 | utils | INFO | File temp dihapus: prep_2369_audio3.wav
2026-05-30 04:43:13,089 | utils | INFO | Audio diproses: 2369_audio4.wav → prep_2369_audio4.wav
2026-05-30 04:43:32,793 | utils | INFO | File temp dihapus: prep_2369_audio4.wav
2026-05-30 04:44:20,390 | utils | INFO | Audio diproses: 2369_audio5.wav → prep_2369_audio5.wav
2026-05-30 04:44:42,783 | utils | INFO | File temp dihapus: prep_2369_audio5.wav
2026-05-30 04:46:21,752 | utils | INFO | Audio diproses: 2369_audio6.wav → prep_2369_audio6.wav
2026-05-30 04:46:41,538 | utils | INFO | File temp dihapus: prep_2369_audio6.wav
2026-05-30 04:48:11,619 | utils | INFO | Audio diproses: 2369_audio7.wav → prep_2369_audio7.wav
2026-05-30 04:48:31,937 | utils | INFO | File temp dihapus: prep_2369_audio7.wav
2026-05-30 04:48:56,561 | utils | INFO | Audio diproses: 2369_audio8.wav → prep_2369_audio8.wav
2026-05-30 04:49:16,817 | utils | INFO | File temp dihapus: prep_2369_audio8.wav
2026-05-30 04:50:33,215 | utils | INFO | Audio diproses: 2369_audio9.wav → prep_2369_audio9.wav
2026-05-30 04:50:52,878 | utils | INFO | File temp dihapus: prep_2369_audio9.wav
2026-05-30 04:51:18,045 | utils | INFO | Audio diproses: 2369_audio10.wav → prep_2369_audio10.wav
2026-05-30 04:51:37,890 | utils | INFO | File temp dihapus: prep_2369_audio10.wav
2026-05-30 04:51:59,172 | utils | INFO | Audio diproses: 2371_audio01.wav → prep_2371_audio01.wav
2026-05-30 04:52:19,257 | utils | INFO | File temp dihapus: prep_2371_audio01.wav
2026-05-30 04:52:40,605 | utils | INFO | Audio diproses: 2371_audio02.wav → prep_2371_audio02.wav
2026-05-30 04:53:00,337 | utils | INFO | File temp dihapus: prep_2371_audio02.wav
2026-05-30 04:53:45,005 | utils | INFO | Audio diproses: 2371_audio03.wav → prep_2371_audio03.wav
2026-05-30 04:54:04,649 | utils | INFO | File temp dihapus: prep_2371_audio03.wav
2026-05-30 04:54:45,918 | utils | INFO | Audio diproses: 2371_audio04.wav → prep_2371_audio04.wav
2026-05-30 04:55:05,581 | utils | INFO | File temp dihapus: prep_2371_audio04.wav
2026-05-30 04:55:51,443 | utils | INFO | Audio diproses: 2371_audio05.wav → prep_2371_audio05.wav
2026-05-30 04:56:13,752 | utils | INFO | File temp dihapus: prep_2371_audio05.wav
2026-05-30 04:57:57,047 | utils | INFO | Audio diproses: 2371_audio06.wav → prep_2371_audio06.wav
2026-05-30 04:58:17,037 | utils | INFO | File temp dihapus: prep_2371_audio06.wav
2026-05-30 04:59:43,123 | utils | INFO | Audio diproses: 2371_audio07.wav → prep_2371_audio07.wav
2026-05-30 05:00:03,523 | utils | INFO | File temp dihapus: prep_2371_audio07.wav
2026-05-30 05:00:40,020 | utils | INFO | Audio diproses: 2371_audio12.wav → prep_2371_audio12.wav
2026-05-30 05:00:59,785 | utils | INFO | File temp dihapus: prep_2371_audio12.wav
2026-05-30 05:01:17,838 | utils | INFO | Audio diproses: 2371_audio13.wav → prep_2371_audio13.wav
2026-05-30 05:01:37,766 | utils | INFO | File temp dihapus: prep_2371_audio13.wav
2026-05-30 05:01:55,155 | utils | INFO | Audio diproses: 2371_audio17.wav → prep_2371_audio17.wav
2026-05-30 05:02:15,340 | utils | INFO | File temp dihapus: prep_2371_audio17.wav
2026-05-30 05:02:36,606 | utils | INFO | Audio diproses: 2372_audio01.wav → prep_2372_audio01.wav
2026-05-30 05:02:56,482 | utils | INFO | File temp dihapus: prep_2372_audio01.wav
2026-05-30 05:03:10,532 | utils | INFO | Audio diproses: 2372_audio02.wav → prep_2372_audio02.wav
2026-05-30 05:03:30,139 | utils | INFO | File temp dihapus: prep_2372_audio02.wav
2026-05-30 05:04:22,852 | utils | INFO | Audio diproses: 2372_audio03.wav → prep_2372_audio03.wav
2026-05-30 05:04:42,643 | utils | INFO | File temp dihapus: prep_2372_audio03.wav
2026-05-30 05:05:32,210 | utils | INFO | Audio diproses: 2372_audio04.wav → prep_2372_audio04.wav
2026-05-30 05:05:51,877 | utils | INFO | File temp dihapus: prep_2372_audio04.wav
2026-05-30 05:06:38,273 | utils | INFO | Audio diproses: 2372_audio05.wav → prep_2372_audio05.wav
2026-05-30 05:07:00,379 | utils | INFO | File temp dihapus: prep_2372_audio05.wav
2026-05-30 05:07:55,186 | utils | INFO | Audio diproses: 2372_audio06.wav → prep_2372_audio06.wav
2026-05-30 05:08:15,538 | utils | INFO | File temp dihapus: prep_2372_audio06.wav
2026-05-30 05:09:06,966 | utils | INFO | Audio diproses: 2372_audio10.wav → prep_2372_audio10.wav
2026-05-30 05:09:26,661 | utils | INFO | File temp dihapus: prep_2372_audio10.wav
2026-05-30 05:09:49,455 | utils | INFO | Audio diproses: 2372_audio11.wav → prep_2372_audio11.wav
2026-05-30 05:10:09,177 | utils | INFO | File temp dihapus: prep_2372_audio11.wav
2026-05-30 05:10:25,358 | utils | INFO | Audio diproses: 2372_audio14.wav → prep_2372_audio14.wav
2026-05-30 05:10:44,966 | utils | INFO | File temp dihapus: prep_2372_audio14.wav
2026-05-30 05:11:42,631 | utils | INFO | Audio diproses: 2372_audio15.wav → prep_2372_audio15.wav
2026-05-30 05:12:03,154 | utils | INFO | File temp dihapus: prep_2372_audio15.wav
2026-05-30 05:12:27,009 | utils | INFO | Audio diproses: 2374_audio01.wav → prep_2374_audio01.wav
2026-05-30 05:12:47,200 | utils | INFO | File temp dihapus: prep_2374_audio01.wav
2026-05-30 05:13:04,459 | utils | INFO | Audio diproses: 2374_audio02.wav → prep_2374_audio02.wav
2026-05-30 05:13:24,231 | utils | INFO | File temp dihapus: prep_2374_audio02.wav
2026-05-30 05:14:06,256 | utils | INFO | Audio diproses: 2374_audio03.wav → prep_2374_audio03.wav
2026-05-30 05:14:26,009 | utils | INFO | File temp dihapus: prep_2374_audio03.wav
2026-05-30 05:15:00,288 | utils | INFO | Audio diproses: 2374_audio04.wav → prep_2374_audio04.wav
2026-05-30 05:15:20,036 | utils | INFO | File temp dihapus: prep_2374_audio04.wav
2026-05-30 05:16:16,384 | utils | INFO | Audio diproses: 2374_audio05.wav → prep_2374_audio05.wav
2026-05-30 05:16:38,945 | utils | INFO | File temp dihapus: prep_2374_audio05.wav
2026-05-30 05:17:19,688 | utils | INFO | Audio diproses: 2374_audio06.wav → prep_2374_audio06.wav
2026-05-30 05:17:39,476 | utils | INFO | File temp dihapus: prep_2374_audio06.wav
2026-05-30 05:19:06,956 | utils | INFO | Audio diproses: 2374_audio11.wav → prep_2374_audio11.wav
2026-05-30 05:19:26,600 | utils | INFO | File temp dihapus: prep_2374_audio11.wav
2026-05-30 05:19:46,978 | utils | INFO | Audio diproses: 2374_audio13.wav → prep_2374_audio13.wav
2026-05-30 05:20:07,165 | utils | INFO | File temp dihapus: prep_2374_audio13.wav
2026-05-30 05:20:28,360 | utils | INFO | Audio diproses: 2374_audio15.wav → prep_2374_audio15.wav
2026-05-30 05:20:48,832 | utils | INFO | File temp dihapus: prep_2374_audio15.wav
2026-05-30 05:21:14,030 | utils | INFO | Audio diproses: 2374_audio17.wav → prep_2374_audio17.wav
2026-05-30 05:21:34,109 | utils | INFO | File temp dihapus: prep_2374_audio17.wav
2026-05-30 05:22:00,320 | utils | INFO | Audio diproses: 2375_audio01.wav → prep_2375_audio01.wav
2026-05-30 05:22:20,319 | utils | INFO | File temp dihapus: prep_2375_audio01.wav
2026-05-30 05:22:36,060 | utils | INFO | Audio diproses: 2375_audio02.wav → prep_2375_audio02.wav
2026-05-30 05:22:55,872 | utils | INFO | File temp dihapus: prep_2375_audio02.wav
2026-05-30 05:23:41,269 | utils | INFO | Audio diproses: 2375_audio03.wav → prep_2375_audio03.wav
2026-05-30 05:24:01,039 | utils | INFO | File temp dihapus: prep_2375_audio03.wav
2026-05-30 05:24:47,527 | utils | INFO | Audio diproses: 2375_audio04.wav → prep_2375_audio04.wav
2026-05-30 05:25:07,203 | utils | INFO | File temp dihapus: prep_2375_audio04.wav
2026-05-30 05:25:50,719 | utils | INFO | Audio diproses: 2375_audio05.wav → prep_2375_audio05.wav
2026-05-30 05:26:13,368 | utils | INFO | File temp dihapus: prep_2375_audio05.wav
2026-05-30 05:27:51,421 | utils | INFO | Audio diproses: 2375_audio06.wav → prep_2375_audio06.wav
2026-05-30 05:28:11,370 | utils | INFO | File temp dihapus: prep_2375_audio06.wav
2026-05-30 05:29:05,469 | utils | INFO | Audio diproses: 2375_audio08.wav → prep_2375_audio08.wav
2026-05-30 05:29:25,431 | utils | INFO | File temp dihapus: prep_2375_audio08.wav
2026-05-30 05:29:53,264 | utils | INFO | Audio diproses: 2375_audio11.wav → prep_2375_audio11.wav
2026-05-30 05:30:13,105 | utils | INFO | File temp dihapus: prep_2375_audio11.wav
2026-05-30 05:30:31,778 | utils | INFO | Audio diproses: 2375_audio15.wav → prep_2375_audio15.wav
2026-05-30 05:30:52,123 | utils | INFO | File temp dihapus: prep_2375_audio15.wav
2026-05-30 05:31:35,005 | utils | INFO | Audio diproses: 2375_audio18.wav → prep_2375_audio18.wav
2026-05-30 05:31:54,877 | utils | INFO | File temp dihapus: prep_2375_audio18.wav
2026-05-30 05:32:19,153 | utils | INFO | Audio diproses: 2379_audio01.wav → prep_2379_audio01.wav
2026-05-30 05:32:39,396 | utils | INFO | File temp dihapus: prep_2379_audio01.wav
2026-05-30 05:33:04,238 | utils | INFO | Audio diproses: 2379_audio02.wav → prep_2379_audio02.wav
2026-05-30 05:33:24,107 | utils | INFO | File temp dihapus: prep_2379_audio02.wav
2026-05-30 05:33:44,582 | utils | INFO | Audio diproses: 2379_audio03.wav → prep_2379_audio03.wav
2026-05-30 05:34:04,947 | utils | INFO | File temp dihapus: prep_2379_audio03.wav
2026-05-30 05:34:31,963 | utils | INFO | Audio diproses: 2379_audio05.wav → prep_2379_audio05.wav
2026-05-30 05:34:54,240 | utils | INFO | File temp dihapus: prep_2379_audio05.wav
2026-05-30 05:35:21,756 | utils | INFO | Audio diproses: 2379_audio06.wav → prep_2379_audio06.wav
2026-05-30 05:35:41,763 | utils | INFO | File temp dihapus: prep_2379_audio06.wav
2026-05-30 05:36:29,283 | utils | INFO | Audio diproses: 2379_audio07.wav → prep_2379_audio07.wav
2026-05-30 05:36:49,680 | utils | INFO | File temp dihapus: prep_2379_audio07.wav
2026-05-30 05:37:25,660 | utils | INFO | Audio diproses: 2379_audio12.wav → prep_2379_audio12.wav
2026-05-30 05:37:45,446 | utils | INFO | File temp dihapus: prep_2379_audio12.wav
2026-05-30 05:38:15,707 | utils | INFO | Audio diproses: 2379_audio18.wav → prep_2379_audio18.wav
2026-05-30 05:38:35,631 | utils | INFO | File temp dihapus: prep_2379_audio18.wav
2026-05-30 05:39:25,564 | utils | INFO | Audio diproses: 2479_audio04.wav → prep_2479_audio04.wav
2026-05-30 05:39:45,578 | utils | INFO | File temp dihapus: prep_2479_audio04.wav
2026-05-30 05:40:38,333 | utils | INFO | Audio diproses: 2479_audio15.wav → prep_2479_audio15.wav
2026-05-30 05:40:58,601 | utils | INFO | File temp dihapus: prep_2479_audio15.wav
2026-05-30 05:41:28,683 | utils | INFO | Audio diproses: upload_1779961620.wav → prep_upload_1779961620.wav
2026-05-30 05:41:48,802 | utils | INFO | File temp dihapus: prep_upload_1779961620.wav
2026-05-30 05:42:16,126 | utils | INFO | Audio diproses: upload_1779961786.wav → prep_upload_1779961786.wav
2026-05-30 05:42:36,260 | utils | INFO | File temp dihapus: prep_upload_1779961786.wav
2026-05-30 05:42:57,725 | utils | INFO | Audio diproses: upload_1779961787.wav → prep_upload_1779961787.wav
2026-05-30 05:43:17,973 | utils | INFO | File temp dihapus: prep_upload_1779961787.wav
2026-05-30 05:43:42,643 | utils | INFO | Audio diproses: upload_1779962058.wav → prep_upload_1779962058.wav
2026-05-30 05:44:02,855 | utils | INFO | File temp dihapus: prep_upload_1779962058.wav
2026-05-30 05:44:21,426 | utils | INFO | Audio diproses: upload_1779962081.wav → prep_upload_1779962081.wav
2026-05-30 05:44:41,637 | utils | INFO | File temp dihapus: prep_upload_1779962081.wav
2026-05-30 05:44:57,455 | utils | INFO | Audio diproses: upload_1779962140.wav → prep_upload_1779962140.wav
2026-05-30 05:45:17,656 | utils | INFO | File temp dihapus: prep_upload_1779962140.wav
2026-05-30 05:45:38,709 | utils | INFO | Audio diproses: upload_1779962141.wav → prep_upload_1779962141.wav
2026-05-30 05:45:58,830 | utils | INFO | File temp dihapus: prep_upload_1779962141.wav
2026-05-30 05:46:19,883 | utils | INFO | Audio diproses: upload_1779962197.wav → prep_upload_1779962197.wav
2026-05-30 05:46:40,049 | utils | INFO | File temp dihapus: prep_upload_1779962197.wav
2026-05-30 05:47:00,968 | utils | INFO | Audio diproses: upload_1779962263.wav → prep_upload_1779962263.wav
2026-05-30 05:47:21,128 | utils | INFO | File temp dihapus: prep_upload_1779962263.wav
2026-05-30 05:47:42,617 | utils | INFO | Audio diproses: upload_1779962350.wav → prep_upload_1779962350.wav
2026-05-30 05:48:02,748 | utils | INFO | File temp dihapus: prep_upload_1779962350.wav
2026-05-30 05:48:29,638 | utils | INFO | Audio diproses: upload_1779966307.wav → prep_upload_1779966307.wav
2026-05-30 05:48:49,796 | utils | INFO | File temp dihapus: prep_upload_1779966307.wav
2026-05-30 05:49:06,798 | utils | INFO | Audio diproses: upload_1779975604.wav → prep_upload_1779975604.wav
2026-05-30 05:49:26,812 | utils | INFO | File temp dihapus: prep_upload_1779975604.wav
2026-05-30 05:49:52,515 | utils | INFO | Audio diproses: upload_1779975969.wav → prep_upload_1779975969.wav
2026-05-30 05:50:12,762 | utils | INFO | File temp dihapus: prep_upload_1779975969.wav
2026-05-30 05:50:40,595 | utils | INFO | Audio diproses: upload_1779983692.wav → prep_upload_1779983692.wav
2026-05-30 05:51:00,691 | utils | INFO | File temp dihapus: prep_upload_1779983692.wav
2026-05-30 05:51:25,694 | utils | INFO | Audio diproses: upload_1779983703.wav → prep_upload_1779983703.wav
2026-05-30 05:51:45,860 | utils | INFO | File temp dihapus: prep_upload_1779983703.wav
2026-05-30 05:52:00,083 | utils | INFO | Audio diproses: upload_1779983913.wav → prep_upload_1779983913.wav
2026-05-30 05:52:20,231 | utils | INFO | File temp dihapus: prep_upload_1779983913.wav
2026-05-30 05:52:41,740 | utils | INFO | Audio diproses: upload_1779987478.wav → prep_upload_1779987478.wav
2026-05-30 05:53:01,924 | utils | INFO | File temp dihapus: prep_upload_1779987478.wav
2026-05-30 05:53:27,583 | utils | INFO | Audio diproses: upload_1780038627.wav → prep_upload_1780038627.wav
2026-05-30 05:53:47,720 | utils | INFO | File temp dihapus: prep_upload_1780038627.wav
2026-05-30 05:54:17,747 | utils | INFO | Audio diproses: upload_1780038824.wav → prep_upload_1780038824.wav
2026-05-30 05:54:37,929 | utils | INFO | File temp dihapus: prep_upload_1780038824.wav
2026-05-30 05:54:53,331 | utils | INFO | Audio diproses: upload_1780039002.wav → prep_upload_1780039002.wav
2026-05-30 05:55:13,516 | utils | INFO | File temp dihapus: prep_upload_1780039002.wav
2026-05-30 05:55:28,906 | utils | INFO | Audio diproses: upload_1780039117.wav → prep_upload_1780039117.wav
2026-05-30 05:55:49,096 | utils | INFO | File temp dihapus: prep_upload_1780039117.wav
2026-05-30 05:56:11,500 | utils | INFO | Audio diproses: upload_1780047552.wav → prep_upload_1780047552.wav
2026-05-30 05:56:31,693 | utils | INFO | File temp dihapus: prep_upload_1780047552.wav
2026-05-30 05:56:48,668 | utils | INFO | Audio diproses: upload_1780047758.wav → prep_upload_1780047758.wav
2026-05-30 05:57:08,922 | utils | INFO | File temp dihapus: prep_upload_1780047758.wav
2026-05-30 05:57:30,024 | utils | INFO | Audio diproses: upload_1780047839.wav → prep_upload_1780047839.wav
2026-05-30 05:57:50,147 | utils | INFO | File temp dihapus: prep_upload_1780047839.wav
2026-05-30 05:58:15,883 | utils | INFO | Audio diproses: upload_1780049374.wav → prep_upload_1780049374.wav
2026-05-30 05:58:35,626 | utils | INFO | File temp dihapus: prep_upload_1780049374.wav
2026-05-30 12:19:43,083 | utils | INFO | Audio diproses: 2128_audio1.wav → prep_2128_audio1.wav
2026-05-30 12:20:10,374 | utils | INFO | File temp dihapus: prep_2128_audio1.wav
2026-05-30 12:20:59,265 | utils | INFO | Audio diproses: 2128_audio2.wav → prep_2128_audio2.wav
2026-05-30 12:24:20,399 | utils | INFO | Audio diproses: 2128_audio2.wav → prep_2128_audio2.wav
2026-05-30 12:24:44,137 | utils | INFO | File temp dihapus: prep_2128_audio2.wav
2026-05-30 12:24:44,424 | utils | INFO | Audio diproses: 2128_audio3.wav → prep_2128_audio3.wav
2026-05-30 12:25:05,822 | utils | INFO | File temp dihapus: prep_2128_audio3.wav
2026-05-30 12:25:06,089 | utils | INFO | Audio diproses: 2128_audio4.wav → prep_2128_audio4.wav
2026-05-30 12:25:28,032 | utils | INFO | File temp dihapus: prep_2128_audio4.wav
2026-05-30 12:25:28,310 | utils | INFO | Audio diproses: 2128_audio5.wav → prep_2128_audio5.wav
2026-05-30 12:28:53,941 | utils | INFO | Audio diproses: 2128_audio2.wav → prep_2128_audio2.wav
2026-05-30 12:29:47,317 | utils | INFO | Audio diproses: 2128_audio2.wav → prep_2128_audio2.wav
2026-05-30 12:30:13,003 | utils | INFO | File temp dihapus: prep_2128_audio2.wav
2026-05-30 12:32:06,034 | utils | INFO | Audio diproses: 2128_audio3.wav → prep_2128_audio3.wav
2026-05-30 12:32:30,916 | utils | INFO | File temp dihapus: prep_2128_audio3.wav
2026-05-30 12:33:31,083 | utils | INFO | Audio diproses: 2128_audio4.wav → prep_2128_audio4.wav
2026-05-30 12:33:56,671 | utils | INFO | File temp dihapus: prep_2128_audio4.wav
2026-05-30 12:35:06,837 | utils | INFO | Audio diproses: 2128_audio5.wav → prep_2128_audio5.wav
2026-05-30 12:35:33,693 | utils | INFO | File temp dihapus: prep_2128_audio5.wav
2026-05-30 12:36:02,445 | utils | INFO | Audio diproses: 2128_audio6.wav → prep_2128_audio6.wav
2026-05-30 12:36:26,594 | utils | INFO | File temp dihapus: prep_2128_audio6.wav
2026-05-30 12:38:35,114 | utils | INFO | Audio diproses: 2128_audio7.wav → prep_2128_audio7.wav
2026-05-30 12:38:59,283 | utils | INFO | File temp dihapus: prep_2128_audio7.wav
2026-05-30 12:39:52,980 | utils | INFO | Audio diproses: 2128_audio8.wav → prep_2128_audio8.wav
2026-05-30 12:40:17,512 | utils | INFO | File temp dihapus: prep_2128_audio8.wav
2026-05-30 12:40:50,607 | utils | INFO | Audio diproses: 2128_audio9.wav → prep_2128_audio9.wav
2026-05-30 12:41:15,971 | utils | INFO | File temp dihapus: prep_2128_audio9.wav
2026-05-30 12:41:47,454 | utils | INFO | Audio diproses: 2128_audio10.wav → prep_2128_audio10.wav
2026-05-30 12:42:11,719 | utils | INFO | File temp dihapus: prep_2128_audio10.wav
2026-05-30 12:42:38,450 | utils | INFO | Audio diproses: 2305_audio01.wav → prep_2305_audio01.wav
2026-05-30 12:43:03,080 | utils | INFO | File temp dihapus: prep_2305_audio01.wav
2026-05-30 12:43:39,441 | utils | INFO | Audio diproses: 2305_audio02.wav → prep_2305_audio02.wav
2026-05-30 12:44:03,814 | utils | INFO | File temp dihapus: prep_2305_audio02.wav
2026-05-30 12:45:00,061 | utils | INFO | Audio diproses: 2305_audio03.wav → prep_2305_audio03.wav
2026-05-30 12:45:24,638 | utils | INFO | File temp dihapus: prep_2305_audio03.wav
2026-05-30 12:46:28,777 | utils | INFO | Audio diproses: 2305_audio04.wav → prep_2305_audio04.wav
2026-05-30 12:46:52,877 | utils | INFO | File temp dihapus: prep_2305_audio04.wav
2026-05-30 12:47:50,390 | utils | INFO | Audio diproses: 2305_audio05.wav → prep_2305_audio05.wav
2026-05-30 12:48:17,196 | utils | INFO | File temp dihapus: prep_2305_audio05.wav
2026-05-30 12:49:08,000 | utils | INFO | Audio diproses: 2305_audio06.wav → prep_2305_audio06.wav
2026-05-30 12:49:31,816 | utils | INFO | File temp dihapus: prep_2305_audio06.wav
2026-05-30 12:50:34,577 | utils | INFO | Audio diproses: 2305_audio11.wav → prep_2305_audio11.wav
2026-05-30 12:50:57,780 | utils | INFO | File temp dihapus: prep_2305_audio11.wav
2026-05-30 12:51:17,113 | utils | INFO | Audio diproses: 2305_audio12.wav → prep_2305_audio12.wav
2026-05-30 12:51:38,515 | utils | INFO | File temp dihapus: prep_2305_audio12.wav
2026-05-30 12:52:03,462 | utils | INFO | Audio diproses: 2305_audio14.wav → prep_2305_audio14.wav
2026-05-30 12:52:26,256 | utils | INFO | File temp dihapus: prep_2305_audio14.wav
2026-05-30 12:53:14,286 | utils | INFO | Audio diproses: 2305_audio18.wav → prep_2305_audio18.wav
2026-05-30 12:53:37,569 | utils | INFO | File temp dihapus: prep_2305_audio18.wav
2026-05-30 12:54:04,517 | utils | INFO | Audio diproses: 2313_audio01.wav → prep_2313_audio01.wav
2026-05-30 12:54:27,928 | utils | INFO | File temp dihapus: prep_2313_audio01.wav
2026-05-30 12:54:53,550 | utils | INFO | Audio diproses: 2313_audio02.wav → prep_2313_audio02.wav
2026-05-30 12:55:17,399 | utils | INFO | File temp dihapus: prep_2313_audio02.wav
2026-05-30 12:56:39,520 | utils | INFO | Audio diproses: 2313_audio03.wav → prep_2313_audio03.wav
2026-05-30 12:57:05,385 | utils | INFO | File temp dihapus: prep_2313_audio03.wav
2026-05-30 13:02:06,895 | utils | INFO | Audio diproses: 2313_audio03.wav → prep_2313_audio03.wav
2026-05-30 13:02:32,215 | utils | INFO | File temp dihapus: prep_2313_audio03.wav
2026-05-30 13:03:17,832 | utils | INFO | Audio diproses: 2313_audio04.wav → prep_2313_audio04.wav
2026-05-30 13:03:41,416 | utils | INFO | File temp dihapus: prep_2313_audio04.wav
2026-05-30 13:04:18,588 | utils | INFO | Audio diproses: 2313_audio05.wav → prep_2313_audio05.wav
2026-05-30 13:04:47,601 | utils | INFO | File temp dihapus: prep_2313_audio05.wav
2026-05-30 13:05:14,845 | utils | INFO | Audio diproses: 2313_audio06.wav → prep_2313_audio06.wav
2026-05-30 13:05:39,524 | utils | INFO | File temp dihapus: prep_2313_audio06.wav
2026-05-30 13:06:14,524 | utils | INFO | Audio diproses: 2313_audio07.wav → prep_2313_audio07.wav
2026-05-30 13:06:37,449 | utils | INFO | File temp dihapus: prep_2313_audio07.wav
2026-05-30 13:07:09,348 | utils | INFO | Audio diproses: 2313_audio12.wav → prep_2313_audio12.wav
2026-05-30 13:07:31,142 | utils | INFO | File temp dihapus: prep_2313_audio12.wav
2026-05-30 13:07:59,306 | utils | INFO | Audio diproses: 2313_audio13.wav → prep_2313_audio13.wav
2026-05-30 13:08:24,174 | utils | INFO | File temp dihapus: prep_2313_audio13.wav
2026-05-30 13:08:52,285 | utils | INFO | Audio diproses: 2313_audio14.wav → prep_2313_audio14.wav
2026-05-30 13:09:15,972 | utils | INFO | File temp dihapus: prep_2313_audio14.wav
2026-05-30 13:09:46,270 | utils | INFO | Audio diproses: 2332_audio01.wav → prep_2332_audio01.wav
2026-05-30 13:10:09,467 | utils | INFO | File temp dihapus: prep_2332_audio01.wav
2026-05-30 13:10:38,007 | utils | INFO | Audio diproses: 2332_audio02.wav → prep_2332_audio02.wav
2026-05-30 13:11:03,091 | utils | INFO | File temp dihapus: prep_2332_audio02.wav
2026-05-30 13:11:27,716 | utils | INFO | Audio diproses: 2332_audio03.wav → prep_2332_audio03.wav
2026-05-30 13:11:53,005 | utils | INFO | File temp dihapus: prep_2332_audio03.wav
2026-05-30 13:12:23,237 | utils | INFO | Audio diproses: 2332_audio04.wav → prep_2332_audio04.wav
2026-05-30 13:12:47,472 | utils | INFO | File temp dihapus: prep_2332_audio04.wav
2026-05-30 13:13:15,037 | utils | INFO | Audio diproses: 2332_audio05.wav → prep_2332_audio05.wav
2026-05-30 13:14:07,866 | utils | INFO | Audio diproses: 2332_audio05.wav → prep_2332_audio05.wav
2026-05-30 13:14:32,698 | utils | INFO | File temp dihapus: prep_2332_audio05.wav
2026-05-30 13:15:26,853 | utils | INFO | Audio diproses: 2332_audio06.wav → prep_2332_audio06.wav
2026-05-30 13:15:51,331 | utils | INFO | File temp dihapus: prep_2332_audio06.wav
2026-05-30 13:16:20,995 | utils | INFO | Audio diproses: 2332_audio07.wav → prep_2332_audio07.wav
2026-05-30 13:16:44,254 | utils | INFO | File temp dihapus: prep_2332_audio07.wav
2026-05-30 13:17:18,007 | utils | INFO | Audio diproses: 2332_audio13.wav → prep_2332_audio13.wav
2026-05-30 13:17:42,286 | utils | INFO | File temp dihapus: prep_2332_audio13.wav
2026-05-30 13:18:08,482 | utils | INFO | Audio diproses: 2332_audio16.wav → prep_2332_audio16.wav
2026-05-30 13:18:32,318 | utils | INFO | File temp dihapus: prep_2332_audio16.wav
2026-05-30 13:18:52,412 | utils | INFO | Audio diproses: 2332_audio18.wav → prep_2332_audio18.wav
2026-05-30 13:19:17,441 | utils | INFO | File temp dihapus: prep_2332_audio18.wav
2026-05-30 13:19:42,059 | utils | INFO | Audio diproses: 2333_audio01.wav → prep_2333_audio01.wav
2026-05-30 13:20:04,824 | utils | INFO | File temp dihapus: prep_2333_audio01.wav
2026-05-30 13:20:37,617 | utils | INFO | Audio diproses: 2333_audio02.wav → prep_2333_audio02.wav
2026-05-30 13:21:00,008 | utils | INFO | File temp dihapus: prep_2333_audio02.wav
2026-05-30 13:21:28,907 | utils | INFO | Audio diproses: 2333_audio03.wav → prep_2333_audio03.wav
2026-05-30 13:21:52,518 | utils | INFO | File temp dihapus: prep_2333_audio03.wav
2026-05-30 13:22:28,402 | utils | INFO | Audio diproses: 2333_audio04.wav → prep_2333_audio04.wav
2026-05-30 13:22:51,697 | utils | INFO | File temp dihapus: prep_2333_audio04.wav
2026-05-30 13:23:27,565 | utils | INFO | Audio diproses: 2333_audio05.wav → prep_2333_audio05.wav
2026-05-30 13:23:54,464 | utils | INFO | File temp dihapus: prep_2333_audio05.wav
2026-05-30 13:24:20,312 | utils | INFO | Audio diproses: 2333_audio06.wav → prep_2333_audio06.wav
2026-05-30 13:24:45,103 | utils | INFO | File temp dihapus: prep_2333_audio06.wav
2026-05-30 13:25:12,520 | utils | INFO | Audio diproses: 2333_audio07.wav → prep_2333_audio07.wav
2026-05-30 13:25:37,873 | utils | INFO | File temp dihapus: prep_2333_audio07.wav
2026-05-30 13:26:10,216 | utils | INFO | Audio diproses: 2333_audio09.wav → prep_2333_audio09.wav
2026-05-30 13:26:35,762 | utils | INFO | File temp dihapus: prep_2333_audio09.wav
2026-05-30 13:26:59,284 | utils | INFO | Audio diproses: 2333_audio16.wav → prep_2333_audio16.wav
2026-05-30 13:27:24,455 | utils | INFO | File temp dihapus: prep_2333_audio16.wav
2026-05-30 13:27:51,565 | utils | INFO | Audio diproses: 2333_audio17.wav → prep_2333_audio17.wav
2026-05-30 13:28:17,977 | utils | INFO | File temp dihapus: prep_2333_audio17.wav
2026-05-30 13:28:47,794 | utils | INFO | Audio diproses: 2335_audio01.wav → prep_2335_audio01.wav
2026-05-30 13:29:13,317 | utils | INFO | File temp dihapus: prep_2335_audio01.wav
2026-05-30 13:29:45,475 | utils | INFO | Audio diproses: 2335_audio02.wav → prep_2335_audio02.wav
2026-05-30 13:30:09,937 | utils | INFO | File temp dihapus: prep_2335_audio02.wav
2026-05-30 13:30:34,113 | utils | INFO | Audio diproses: 2335_audio03.wav → prep_2335_audio03.wav
2026-05-30 13:30:57,686 | utils | INFO | File temp dihapus: prep_2335_audio03.wav
2026-05-30 13:31:25,174 | utils | INFO | Audio diproses: 2335_audio04.wav → prep_2335_audio04.wav
2026-05-30 13:31:47,891 | utils | INFO | File temp dihapus: prep_2335_audio04.wav
2026-05-30 13:32:15,949 | utils | INFO | Audio diproses: 2335_audio05.wav → prep_2335_audio05.wav
2026-05-30 13:32:40,689 | utils | INFO | File temp dihapus: prep_2335_audio05.wav
2026-05-30 13:33:21,915 | utils | INFO | Audio diproses: 2335_audio06.wav → prep_2335_audio06.wav
2026-05-30 13:33:44,210 | utils | INFO | File temp dihapus: prep_2335_audio06.wav
2026-05-30 13:34:20,980 | utils | INFO | Audio diproses: 2335_audio12.wav → prep_2335_audio12.wav
2026-05-30 13:34:42,892 | utils | INFO | File temp dihapus: prep_2335_audio12.wav
2026-05-30 13:35:24,630 | utils | INFO | Audio diproses: 2335_audio13.wav → prep_2335_audio13.wav
2026-05-30 13:35:48,983 | utils | INFO | File temp dihapus: prep_2335_audio13.wav
2026-05-30 13:48:35,881 | utils | INFO | Audio diproses: 2335_audio13.wav → prep_2335_audio13.wav
2026-05-30 13:48:57,168 | utils | INFO | File temp dihapus: prep_2335_audio13.wav
2026-05-30 13:49:51,621 | utils | INFO | Audio diproses: 2335_audio14.wav → prep_2335_audio14.wav
2026-05-30 13:50:13,221 | utils | INFO | File temp dihapus: prep_2335_audio14.wav
2026-05-30 13:50:48,653 | utils | INFO | Audio diproses: 2335_audio15.wav → prep_2335_audio15.wav
2026-05-30 13:51:11,431 | utils | INFO | File temp dihapus: prep_2335_audio15.wav
2026-05-30 13:51:57,119 | utils | INFO | Audio diproses: 2335_audio17.wav → prep_2335_audio17.wav
2026-05-30 13:52:19,172 | utils | INFO | File temp dihapus: prep_2335_audio17.wav
2026-05-30 13:52:45,656 | utils | INFO | Audio diproses: 2336_audio01.wav → prep_2336_audio01.wav
2026-05-30 13:53:07,763 | utils | INFO | File temp dihapus: prep_2336_audio01.wav
2026-05-30 13:53:40,439 | utils | INFO | Audio diproses: 2336_audio02.wav → prep_2336_audio02.wav
2026-05-30 13:54:02,950 | utils | INFO | File temp dihapus: prep_2336_audio02.wav
2026-05-30 13:54:37,276 | utils | INFO | Audio diproses: 2336_audio03.wav → prep_2336_audio03.wav
2026-05-30 13:54:58,684 | utils | INFO | File temp dihapus: prep_2336_audio03.wav
2026-05-30 13:55:32,779 | utils | INFO | Audio diproses: 2336_audio04.wav → prep_2336_audio04.wav
2026-05-30 13:55:54,414 | utils | INFO | File temp dihapus: prep_2336_audio04.wav
2026-05-30 13:56:20,165 | utils | INFO | Audio diproses: 2336_audio05.wav → prep_2336_audio05.wav
2026-05-30 13:56:44,157 | utils | INFO | File temp dihapus: prep_2336_audio05.wav
2026-05-30 13:57:19,463 | utils | INFO | Audio diproses: 2336_audio06.wav → prep_2336_audio06.wav
2026-05-30 13:57:41,084 | utils | INFO | File temp dihapus: prep_2336_audio06.wav
2026-05-30 13:58:27,251 | utils | INFO | Audio diproses: 2336_audio07.wav → prep_2336_audio07.wav
2026-05-30 13:58:49,620 | utils | INFO | File temp dihapus: prep_2336_audio07.wav
2026-05-30 13:59:17,059 | utils | INFO | Audio diproses: 2336_audio10.wav → prep_2336_audio10.wav
2026-05-30 13:59:40,231 | utils | INFO | File temp dihapus: prep_2336_audio10.wav
2026-05-30 14:00:04,907 | utils | INFO | Audio diproses: 2336_audio15.wav → prep_2336_audio15.wav
2026-05-30 14:00:27,778 | utils | INFO | File temp dihapus: prep_2336_audio15.wav
2026-05-30 14:01:12,683 | utils | INFO | Audio diproses: 2336_audio17.wav → prep_2336_audio17.wav
2026-05-30 14:01:34,746 | utils | INFO | File temp dihapus: prep_2336_audio17.wav
2026-05-30 14:02:12,210 | utils | INFO | Audio diproses: 2339_audio01.wav → prep_2339_audio01.wav
2026-05-30 14:02:34,033 | utils | INFO | File temp dihapus: prep_2339_audio01.wav
2026-05-30 14:03:03,702 | utils | INFO | Audio diproses: 2339_audio02.wav → prep_2339_audio02.wav
2026-05-30 14:03:24,435 | utils | INFO | File temp dihapus: prep_2339_audio02.wav
2026-05-30 14:03:51,463 | utils | INFO | Audio diproses: 2339_audio03.wav → prep_2339_audio03.wav
2026-05-30 14:04:12,273 | utils | INFO | File temp dihapus: prep_2339_audio03.wav
2026-05-30 14:04:46,952 | utils | INFO | Audio diproses: 2339_audio04.wav → prep_2339_audio04.wav
2026-05-30 14:05:08,371 | utils | INFO | File temp dihapus: prep_2339_audio04.wav
2026-05-30 14:05:50,213 | utils | INFO | Audio diproses: 2339_audio05.wav → prep_2339_audio05.wav
2026-05-30 14:06:14,268 | utils | INFO | File temp dihapus: prep_2339_audio05.wav
2026-05-30 14:06:46,688 | utils | INFO | Audio diproses: 2339_audio06.wav → prep_2339_audio06.wav
2026-05-30 14:07:08,338 | utils | INFO | File temp dihapus: prep_2339_audio06.wav
2026-05-30 14:08:01,978 | utils | INFO | Audio diproses: 2339_audio07.wav → prep_2339_audio07.wav
2026-05-30 14:08:23,732 | utils | INFO | File temp dihapus: prep_2339_audio07.wav
2026-05-30 14:09:08,204 | utils | INFO | Audio diproses: 2339_audio11.wav → prep_2339_audio11.wav
2026-05-30 14:09:29,770 | utils | INFO | File temp dihapus: prep_2339_audio11.wav
2026-05-30 14:09:58,359 | utils | INFO | Audio diproses: 2339_audio14.wav → prep_2339_audio14.wav
2026-05-30 14:10:20,383 | utils | INFO | File temp dihapus: prep_2339_audio14.wav
2026-05-30 14:11:01,097 | utils | INFO | Audio diproses: 2339_audio19.wav → prep_2339_audio19.wav
2026-05-30 14:11:23,635 | utils | INFO | File temp dihapus: prep_2339_audio19.wav
2026-05-30 14:12:03,491 | utils | INFO | Audio diproses: 2351_audio01.wav → prep_2351_audio01.wav
2026-05-30 14:12:26,105 | utils | INFO | File temp dihapus: prep_2351_audio01.wav
2026-05-30 14:12:50,274 | utils | INFO | Audio diproses: 2351_audio02.wav → prep_2351_audio02.wav
2026-05-30 14:13:12,352 | utils | INFO | File temp dihapus: prep_2351_audio02.wav
2026-05-30 14:13:58,006 | utils | INFO | Audio diproses: 2351_audio03.wav → prep_2351_audio03.wav
2026-05-30 14:14:20,375 | utils | INFO | File temp dihapus: prep_2351_audio03.wav
2026-05-30 14:14:51,630 | utils | INFO | Audio diproses: 2351_audio04.wav → prep_2351_audio04.wav
2026-05-30 14:15:14,970 | utils | INFO | File temp dihapus: prep_2351_audio04.wav
2026-05-30 14:16:00,830 | utils | INFO | Audio diproses: 2351_audio05.wav → prep_2351_audio05.wav
2026-05-30 14:16:25,408 | utils | INFO | File temp dihapus: prep_2351_audio05.wav
2026-05-30 14:16:54,760 | utils | INFO | Audio diproses: 2351_audio06.wav → prep_2351_audio06.wav
2026-05-30 14:17:16,765 | utils | INFO | File temp dihapus: prep_2351_audio06.wav
2026-05-30 14:17:53,737 | utils | INFO | Audio diproses: 2351_audio07.wav → prep_2351_audio07.wav
2026-05-30 14:18:14,514 | utils | INFO | File temp dihapus: prep_2351_audio07.wav
2026-05-30 14:18:42,313 | utils | INFO | Audio diproses: 2351_audio11.wav → prep_2351_audio11.wav
2026-05-30 14:19:02,587 | utils | INFO | File temp dihapus: prep_2351_audio11.wav
2026-05-30 14:19:26,695 | utils | INFO | Audio diproses: 2351_audio14.wav → prep_2351_audio14.wav
2026-05-30 14:19:47,102 | utils | INFO | File temp dihapus: prep_2351_audio14.wav
2026-05-30 14:20:11,360 | utils | INFO | Audio diproses: 2351_audio16.wav → prep_2351_audio16.wav
2026-05-30 14:20:33,025 | utils | INFO | File temp dihapus: prep_2351_audio16.wav
2026-05-30 14:20:58,658 | utils | INFO | Audio diproses: 2356_audio01.wav → prep_2356_audio01.wav
2026-05-30 14:21:19,930 | utils | INFO | File temp dihapus: prep_2356_audio01.wav
2026-05-30 14:21:52,516 | utils | INFO | Audio diproses: 2356_audio02.wav → prep_2356_audio02.wav
2026-05-30 14:22:17,724 | utils | INFO | File temp dihapus: prep_2356_audio02.wav
2026-05-30 14:22:39,424 | utils | INFO | Audio diproses: 2356_audio03.wav → prep_2356_audio03.wav
2026-05-30 14:23:03,261 | utils | INFO | File temp dihapus: prep_2356_audio03.wav
2026-05-30 14:23:27,034 | utils | INFO | Audio diproses: 2356_audio04.wav → prep_2356_audio04.wav
2026-05-30 14:23:50,187 | utils | INFO | File temp dihapus: prep_2356_audio04.wav
2026-05-30 14:24:28,014 | utils | INFO | Audio diproses: 2356_audio05.wav → prep_2356_audio05.wav
2026-05-30 14:24:54,386 | utils | INFO | File temp dihapus: prep_2356_audio05.wav
2026-05-30 14:25:24,580 | utils | INFO | Audio diproses: 2356_audio06.wav → prep_2356_audio06.wav
2026-05-30 14:25:48,272 | utils | INFO | File temp dihapus: prep_2356_audio06.wav
2026-05-30 14:26:24,232 | utils | INFO | Audio diproses: 2356_audio10.wav → prep_2356_audio10.wav
2026-05-30 14:26:47,832 | utils | INFO | File temp dihapus: prep_2356_audio10.wav
2026-05-30 14:27:39,855 | utils | INFO | Audio diproses: 2356_audio12.wav → prep_2356_audio12.wav
2026-05-30 14:28:03,310 | utils | INFO | File temp dihapus: prep_2356_audio12.wav
2026-05-30 14:28:39,645 | utils | INFO | Audio diproses: 2356_audio13.wav → prep_2356_audio13.wav
2026-05-30 14:29:03,337 | utils | INFO | File temp dihapus: prep_2356_audio13.wav
2026-05-30 14:29:31,066 | utils | INFO | Audio diproses: 2356_audio17.wav → prep_2356_audio17.wav
2026-05-30 14:29:54,749 | utils | INFO | File temp dihapus: prep_2356_audio17.wav
2026-05-30 14:30:13,873 | utils | INFO | Audio diproses: 2358_audio01.wav → prep_2358_audio01.wav
2026-05-30 14:30:38,222 | utils | INFO | File temp dihapus: prep_2358_audio01.wav
2026-05-30 14:31:00,030 | utils | INFO | Audio diproses: 2358_audio02.wav → prep_2358_audio02.wav
2026-05-30 14:31:23,698 | utils | INFO | File temp dihapus: prep_2358_audio02.wav
2026-05-30 14:31:43,757 | utils | INFO | Audio diproses: 2358_audio03.wav → prep_2358_audio03.wav
2026-05-30 14:32:07,254 | utils | INFO | File temp dihapus: prep_2358_audio03.wav
2026-05-30 14:32:40,085 | utils | INFO | Audio diproses: 2358_audio04.wav → prep_2358_audio04.wav
2026-05-30 14:33:03,293 | utils | INFO | File temp dihapus: prep_2358_audio04.wav
2026-05-30 14:33:33,149 | utils | INFO | Audio diproses: 2358_audio05.wav → prep_2358_audio05.wav
2026-05-30 14:33:59,389 | utils | INFO | File temp dihapus: prep_2358_audio05.wav
2026-05-30 14:34:27,285 | utils | INFO | Audio diproses: 2358_audio06.wav → prep_2358_audio06.wav
2026-05-30 14:34:50,578 | utils | INFO | File temp dihapus: prep_2358_audio06.wav
2026-05-30 14:35:19,254 | utils | INFO | Audio diproses: 2358_audio07.wav → prep_2358_audio07.wav
2026-05-30 14:35:43,552 | utils | INFO | File temp dihapus: prep_2358_audio07.wav
2026-05-30 14:36:18,097 | utils | INFO | Audio diproses: 2358_audio15.wav → prep_2358_audio15.wav
2026-05-30 14:36:42,210 | utils | INFO | File temp dihapus: prep_2358_audio15.wav
2026-05-30 14:37:05,086 | utils | INFO | Audio diproses: 2358_audio16.wav → prep_2358_audio16.wav
2026-05-30 14:37:29,045 | utils | INFO | File temp dihapus: prep_2358_audio16.wav
2026-05-30 14:37:57,504 | utils | INFO | Audio diproses: 2358_audio17.wav → prep_2358_audio17.wav
2026-05-30 14:38:21,216 | utils | INFO | File temp dihapus: prep_2358_audio17.wav
2026-05-31 11:26:16,104 | utils | INFO | Audio diproses: 2128_audio1.wav → prep_2128_audio1.wav
2026-05-31 11:56:33,814 | utils | INFO | Audio diproses: audio.wav → prep_audio.wav
2026-05-31 11:59:59,993 | utils | INFO | Audio diproses: audio.wav → prep_audio.wav
2026-05-31 12:02:14,559 | utils | INFO | Audio diproses: audio.wav → prep_audio.wav
2026-05-31 12:07:15,779 | utils | INFO | Audio diproses: 2326_audio04.wav → prep_2326_audio04.wav
2026-05-31 12:12:29,433 | utils | INFO | Audio diproses: 2128_audio1.wav → prep_2128_audio1.wav
2026-05-31 12:12:55,378 | utils | INFO | Audio diproses: 2128_audio1.wav → prep_2128_audio1.wav
2026-05-31 12:15:29,657 | utils | INFO | Audio diproses: 2128_audio1.wav → prep_2128_audio1.wav
2026-05-31 12:16:54,259 | utils | INFO | Audio diproses: 2128_audio1.wav → prep_2128_audio1.wav
2026-05-31 12:23:34,615 | utils | INFO | Audio diproses: upload_1780205014.wav → prep_upload_1780205014.wav
2026-05-31 12:23:58,139 | utils | INFO | File temp dihapus: prep_upload_1780205014.wav
2026-05-31 12:26:44,064 | utils | INFO | Audio diproses: upload_1780205203.wav → prep_upload_1780205203.wav
2026-05-31 12:27:08,628 | utils | INFO | File temp dihapus: prep_upload_1780205203.wav
2026-05-31 12:34:12,671 | utils | INFO | Audio diproses: upload_1780205652.wav → prep_upload_1780205652.wav
2026-05-31 12:34:36,559 | utils | INFO | File temp dihapus: prep_upload_1780205652.wav
